AcctNumber,CustomerSSN,NoMonthsInactive,ActivityStatus,ActivityStatusDate,AccountEstablishedDate
ACC333618324,686-16-1458,94,Archived,1/10/2020,7/5/2010
ACC559084182,375-88-4349,29,Archived,6/21/2018,10/27/2014
ACC835094038,611-25-5320,98,Dormant,12/9/2013,7/15/2014
ACC421859477,247-16-4821,22,Restricted,1/9/2013,6/10/2014
ACC780263772,855-68-4236,39,Dormant,10/23/2020,11/25/2021
ACC247055174,568-17-3551,78,Pending Activation,10/31/2012,5/7/2019
ACC092408053,233-17-4669,4,Dormant,8/31/2014,6/5/2016
ACC325826316,525-43-4710,69,Dormant,1/16/2010,7/17/2015
ACC317139193,108-59-8488,93,Inactive,2/7/2013,12/3/2015
ACC836421025,413-81-5827,92,Dormant,8/15/2015,4/19/2012
ACC778174273,729-81-0268,54,Archived,3/11/2010,3/28/2019
ACC537249853,837-53-1517,62,Dormant,9/3/2012,10/8/2012
ACC641324071,409-48-4839,95,Dormant,8/28/2011,11/7/2010
ACC389158671,886-42-9408,24,Restricted,5/5/2012,10/17/2015
ACC908335278,111-33-2433,72,Active,11/17/2018,7/15/2016
ACC947843129,532-31-4124,96,Inactive,4/6/2019,1/13/2021
ACC720911161,234-08-0559,73,Archived,7/18/2012,4/10/2015
ACC062847665,729-08-6435,42,Closed,2/28/2018,7/31/2018
ACC655919980,730-09-8648,22,On Hold,5/10/2014,5/6/2010
ACC312492460,102-21-1414,67,In Review,11/16/2018,8/28/2017
ACC168786067,781-75-3629,11,On Hold,5/16/2018,8/14/2017
ACC149932641,202-17-8422,66,Suspended,7/26/2012,2/5/2010
ACC609344608,609-97-8630,42,Pending Activation,10/27/2015,4/10/2011
ACC752501139,843-68-8025,21,Restricted,11/3/2014,8/28/2020
ACC444796428,206-82-9014,41,Archived,12/8/2019,3/27/2019
ACC618173173,684-54-0608,82,Dormant,8/12/2020,9/15/2012
ACC899466786,716-90-8153,13,Pending Activation,12/15/2018,2/14/2021
ACC755627876,516-04-6814,94,Pending Activation,10/10/2016,3/5/2014
ACC013995258,849-76-9195,94,Dormant,5/13/2014,6/23/2017
ACC175707682,234-75-7522,13,In Review,8/21/2020,11/10/2010
ACC231938343,107-63-1394,12,On Hold,12/31/2015,10/21/2017
ACC493320818,549-45-4957,70,Active,3/24/2020,5/7/2018
ACC476633335,343-73-0877,64,Active,1/19/2016,5/8/2015
ACC015967971,148-52-8456,53,On Hold,3/5/2010,10/19/2017
ACC900607539,532-71-6847,96,Restricted,3/8/2019,2/19/2018
ACC658089233,719-79-7096,47,Suspended,1/16/2018,9/3/2018
ACC203627446,726-04-0836,98,Inactive,8/29/2019,8/16/2016
ACC982652764,814-90-5059,51,Pending Activation,3/21/2020,9/27/2019
ACC794513697,182-79-4944,92,In Review,9/20/2020,8/16/2017
ACC311021689,699-90-2611,58,Archived,7/19/2010,10/7/2019
ACC917647471,685-06-1770,21,On Hold,9/9/2018,10/31/2015
ACC441438746,568-30-1434,81,On Hold,1/8/2011,1/6/2016
ACC621863907,436-44-7581,44,Restricted,6/11/2012,1/23/2020
ACC075531037,253-85-8722,25,Archived,12/21/2018,7/5/2010
ACC648543918,508-50-1790,90,Inactive,12/24/2014,3/8/2011
ACC747481006,748-18-5529,46,Inactive,1/27/2021,1/13/2021
ACC532284882,817-61-1069,38,On Hold,1/20/2021,7/11/2017
ACC138181086,824-10-6501,49,In Review,5/26/2015,6/8/2017
ACC241644075,384-12-1031,95,Closed,8/14/2015,7/20/2021
ACC369861366,611-81-3453,3,Inactive,6/15/2016,3/16/2021
ACC204802597,347-63-3246,79,Suspended,11/8/2011,9/11/2020
ACC975646664,173-33-5474,64,Archived,10/29/2015,4/19/2010
ACC003433573,116-08-6992,50,Restricted,10/21/2019,5/15/2015
ACC036180902,747-57-0629,15,Suspended,11/24/2020,11/3/2011
ACC314840457,879-28-4768,26,Pending Activation,1/8/2015,7/4/2014
ACC210832020,343-28-9953,44,Dormant,12/9/2019,1/29/2013
ACC132542270,328-54-2580,28,In Review,11/12/2016,7/18/2015
ACC458490016,721-80-5534,26,Dormant,9/19/2017,12/17/2018
ACC662761990,856-82-3134,39,Active,7/11/2015,11/16/2020
ACC188128113,777-35-9343,29,Active,2/28/2018,8/27/2016
ACC605389017,612-53-1742,15,Suspended,6/21/2019,3/16/2010
ACC540923541,638-71-5236,14,Active,10/5/2019,10/27/2015
ACC848293115,787-25-1617,13,Dormant,7/29/2010,11/18/2020
ACC138985907,639-10-5779,37,Dormant,3/18/2020,8/31/2021
ACC334289951,359-09-5059,75,Suspended,5/17/2015,12/18/2015
ACC784779177,334-78-3433,65,Restricted,8/14/2011,1/29/2020
ACC922795622,705-11-2944,10,Inactive,1/7/2010,1/26/2014
ACC256217083,457-48-0419,95,Suspended,2/5/2011,12/4/2010
ACC800402944,683-97-9393,62,In Review,5/13/2021,2/15/2020
ACC572763870,276-28-9081,90,Suspended,6/16/2011,7/2/2016
ACC385385815,367-62-9915,36,Closed,6/9/2018,1/9/2017
ACC885803885,176-38-9771,96,Archived,4/9/2014,9/17/2018
ACC313341497,305-32-7126,12,In Review,4/6/2017,12/28/2014
ACC671364826,137-73-4935,100,Inactive,1/1/2017,4/29/2016
ACC321162942,106-91-3893,8,Archived,9/22/2017,9/20/2021
ACC808685572,260-91-8767,49,Pending Activation,7/12/2015,10/20/2013
ACC713950862,179-21-3190,91,Inactive,11/7/2013,6/19/2017
ACC414717150,487-76-0882,31,In Review,2/14/2012,3/12/2011
ACC190904063,418-23-4260,34,In Review,6/5/2018,12/15/2014
ACC351910374,647-51-6477,77,Inactive,11/29/2020,11/2/2014
ACC845880430,395-52-7205,98,Suspended,10/16/2015,5/19/2010
ACC699733791,160-40-0524,78,On Hold,3/26/2014,2/10/2015
ACC987372610,336-67-7928,99,In Review,7/15/2014,9/14/2019
ACC305050376,110-86-9732,3,Pending Activation,5/5/2018,2/21/2012
ACC706186520,409-69-8234,99,Archived,2/22/2019,3/3/2020
ACC991958432,729-52-4503,1,Inactive,8/27/2019,12/24/2016
ACC028483902,391-99-3823,33,Suspended,1/16/2011,4/8/2021
ACC405455904,702-29-5126,1,Inactive,10/9/2010,12/17/2018
ACC426794628,361-44-1301,16,In Review,4/20/2020,8/13/2020
ACC648620518,704-64-5732,47,In Review,1/6/2017,4/16/2011
ACC441799661,168-94-1362,35,Archived,2/21/2016,10/9/2020
ACC988600657,339-35-4231,22,Restricted,1/15/2012,1/20/2018
ACC654785993,198-11-6281,35,Dormant,9/4/2015,11/10/2019
ACC812441644,585-96-5064,2,In Review,11/20/2021,4/25/2014
ACC068142238,885-30-2051,74,Archived,6/6/2013,5/30/2015
ACC513613701,723-08-7859,67,Restricted,5/22/2014,5/16/2010
ACC265026339,536-07-9646,19,Pending Activation,11/12/2018,9/1/2017
ACC031661705,500-40-8501,94,Closed,8/30/2013,3/17/2016
ACC384285166,300-58-6636,67,Suspended,5/11/2016,5/7/2021
ACC901884892,678-02-9516,95,Suspended,3/17/2012,6/21/2011
ACC759729256,458-51-0514,19,Inactive,2/9/2018,4/13/2017
ACC571130607,121-36-8462,100,Closed,2/5/2019,9/11/2020
ACC303486147,314-07-7920,25,Archived,4/21/2020,4/13/2015
ACC833322014,423-64-3992,49,Archived,3/31/2013,5/8/2018
ACC322884688,333-10-5075,100,Active,3/26/2018,3/29/2019
ACC020994982,523-80-3435,5,Dormant,5/4/2011,12/16/2011
ACC357676998,780-52-0025,60,Restricted,2/8/2018,11/2/2016
ACC475411886,546-67-4067,16,In Review,12/5/2014,1/21/2016
ACC355052726,694-45-4388,25,Closed,8/4/2021,3/16/2019
ACC931504719,420-52-7613,100,On Hold,8/21/2013,8/15/2016
ACC997721205,549-08-3325,80,Active,8/13/2014,7/18/2015
ACC101082243,856-84-5835,48,Archived,5/19/2011,3/25/2020
ACC940736793,508-77-1702,26,Restricted,12/29/2019,7/27/2021
ACC835033918,785-92-4718,60,Active,6/18/2014,4/1/2015
ACC923065784,597-42-6584,69,Pending Activation,9/30/2013,3/30/2019
ACC418413309,335-18-2624,83,Inactive,9/30/2018,3/5/2013
ACC547599851,734-17-0352,63,Closed,9/29/2020,6/23/2015
ACC454974168,574-47-8818,14,Active,10/15/2017,3/31/2018
ACC650154560,608-97-9026,75,Inactive,1/29/2014,4/10/2013
ACC927051120,612-65-7466,46,Archived,2/17/2012,5/28/2014
ACC961451079,235-15-1117,18,Suspended,6/22/2015,3/8/2012
ACC656669914,638-84-9548,4,Closed,10/5/2020,2/3/2010
ACC640006423,125-06-2645,60,Closed,3/5/2011,1/6/2021
ACC620714135,321-98-7790,41,In Review,7/26/2015,5/31/2018
ACC349059507,421-49-3356,75,Suspended,9/2/2010,5/18/2012
ACC720673367,708-53-8002,74,Active,5/17/2016,7/12/2020
ACC711919215,504-44-5145,94,Suspended,8/6/2016,3/21/2018
ACC502729680,165-41-9536,95,Inactive,9/25/2020,3/25/2019
ACC278478229,261-11-1287,25,Closed,5/2/2016,12/31/2015
ACC062830315,696-14-0473,100,Dormant,3/1/2011,4/9/2010
ACC000850174,253-80-6341,40,In Review,1/3/2016,12/30/2015
ACC025707310,875-28-7154,52,Dormant,7/29/2013,2/2/2018
ACC889121066,273-78-1033,25,In Review,6/4/2017,5/11/2015
ACC831041361,464-65-1856,75,Dormant,2/23/2020,4/12/2016
ACC640250342,252-62-1326,33,Restricted,5/17/2012,8/1/2021
ACC145452603,483-11-4619,52,Suspended,8/2/2011,4/16/2017
ACC229086682,205-90-3158,19,Suspended,5/15/2011,3/3/2017
ACC926686229,256-22-0075,59,Active,5/28/2020,11/18/2012
ACC780647732,727-05-3994,32,Restricted,5/10/2010,8/4/2018
ACC169856662,858-63-2762,98,In Review,1/10/2016,6/10/2010
ACC894773027,545-54-0867,8,Dormant,3/27/2014,4/28/2014
ACC660978727,743-99-0167,77,Closed,6/8/2018,4/29/2010
ACC669827657,150-83-5042,82,Restricted,12/15/2013,4/8/2014
ACC328965999,211-01-1229,46,Inactive,4/12/2014,9/24/2016
ACC409201461,107-22-6715,24,Closed,12/21/2015,8/2/2020
ACC574001557,791-08-5510,82,Restricted,5/12/2012,6/19/2014
ACC761901327,863-73-9525,27,Restricted,4/7/2014,3/17/2016
ACC197700462,413-10-2162,77,Closed,3/27/2016,12/29/2010
ACC001167070,260-15-1909,57,Restricted,12/27/2010,5/18/2016
ACC146489984,348-05-7506,70,Inactive,10/15/2013,9/4/2015
ACC749714580,305-25-5939,18,Suspended,11/13/2017,3/19/2012
ACC842639557,500-85-5255,2,Active,3/10/2021,1/3/2012
ACC330672296,288-69-8239,15,Active,3/4/2018,8/24/2019
ACC245904565,159-80-8720,51,In Review,6/18/2019,9/16/2016
ACC656656582,505-12-3386,24,Archived,9/18/2019,9/21/2019
ACC786160629,879-99-8554,13,On Hold,8/1/2010,11/19/2019
ACC687799342,600-97-2729,13,Restricted,12/24/2018,2/23/2013
ACC613094459,411-70-3989,81,Inactive,3/7/2014,11/22/2019
ACC038026288,863-58-3723,91,On Hold,7/14/2015,11/4/2010
ACC541048244,836-04-2999,96,On Hold,11/22/2019,9/6/2011
ACC601020143,855-49-6195,5,Pending Activation,2/17/2017,3/28/2012
ACC695648011,777-67-9182,66,Restricted,5/23/2021,10/1/2015
ACC913387825,213-46-0575,66,Pending Activation,1/29/2018,12/14/2020
ACC775434793,702-58-2838,25,Inactive,7/19/2016,3/31/2018
ACC365312915,366-67-0216,40,In Review,11/9/2020,10/6/2011
ACC055348599,785-80-4695,71,Restricted,8/12/2019,3/23/2015
ACC228477289,654-30-6134,81,Suspended,7/14/2018,2/3/2017
ACC703614401,763-20-7749,13,Closed,1/25/2020,1/28/2014
ACC389201195,611-29-2776,9,Restricted,8/1/2020,1/27/2011
ACC772990872,269-71-6547,78,Suspended,12/21/2015,6/28/2019
ACC620486998,192-55-0420,70,Dormant,3/7/2015,5/15/2011
ACC587965232,832-63-4875,66,Active,9/23/2020,3/27/2017
ACC730981357,882-30-1675,21,Closed,1/25/2012,6/9/2020
ACC957164646,176-82-6543,2,Suspended,5/22/2021,8/17/2014
ACC877001673,490-76-3618,78,Pending Activation,10/8/2015,6/2/2013
ACC583961919,497-94-2225,13,Pending Activation,11/10/2021,6/14/2011
ACC329272757,526-47-3815,90,Dormant,3/30/2012,2/19/2015
ACC990350651,475-24-7548,47,Archived,4/27/2013,9/4/2019
ACC650152320,158-32-3285,26,Archived,9/17/2010,6/9/2020
ACC860745637,291-23-3142,63,Active,1/23/2012,3/25/2017
ACC657568423,398-74-8575,27,Restricted,11/11/2019,11/4/2020
ACC763357174,813-22-2252,33,Restricted,11/8/2016,9/26/2017
ACC910320868,855-69-8731,50,Archived,2/26/2020,7/6/2016
ACC051306836,817-22-9664,67,Inactive,11/8/2021,8/19/2012
ACC485907718,798-75-6596,39,Suspended,6/16/2016,8/13/2020
ACC687910591,230-79-0511,28,Archived,8/13/2015,2/8/2018
ACC312500199,852-44-3113,87,Dormant,6/9/2015,5/22/2011
ACC815571990,850-49-5357,58,Closed,2/23/2020,11/10/2013
ACC887332409,586-70-4628,94,Inactive,4/6/2021,6/7/2021
ACC927792028,240-53-5770,68,Closed,10/7/2010,6/28/2019
ACC733838324,333-95-4817,39,Suspended,12/11/2013,12/23/2015
ACC287377888,358-64-7392,63,Archived,11/27/2018,7/21/2011
ACC946500907,438-17-9370,38,Active,5/22/2020,9/25/2020
ACC867118013,785-51-7143,54,Active,7/25/2021,11/23/2021
ACC055321541,839-73-6465,78,Dormant,4/3/2012,10/28/2015
ACC740849211,598-35-9246,65,Closed,12/11/2014,1/4/2016
ACC614622323,823-30-1230,49,Closed,5/16/2020,11/6/2013
ACC570955966,464-17-5401,46,On Hold,6/24/2018,10/12/2018
ACC999010258,397-69-2805,71,Restricted,1/13/2011,7/26/2018
ACC202019336,355-88-3336,22,Dormant,3/11/2021,11/5/2010
ACC497140591,516-66-2963,34,Closed,8/13/2012,7/27/2020
ACC531356714,369-81-1487,36,In Review,2/15/2017,4/11/2020
ACC166178548,306-38-5502,2,In Review,8/19/2019,3/24/2011
ACC176263394,437-05-5776,22,Archived,8/21/2012,1/20/2019
ACC252909187,718-74-5720,48,Pending Activation,1/13/2012,6/11/2017
ACC248774358,654-18-2473,95,Pending Activation,2/28/2018,7/17/2012
ACC811732846,135-41-7841,7,In Review,11/28/2015,1/6/2021
ACC515373402,255-68-1656,71,Dormant,8/28/2014,11/6/2013
ACC501465727,185-30-3761,91,Inactive,2/1/2020,7/26/2011
ACC588512487,388-12-2867,99,On Hold,12/28/2010,5/14/2011
ACC694121024,646-41-5274,88,Restricted,8/17/2021,8/22/2016
ACC497167179,708-86-3495,18,Suspended,12/26/2019,4/8/2020
ACC574874444,276-40-7872,2,Closed,12/15/2017,8/6/2021
ACC953058902,652-03-3892,34,Restricted,6/18/2012,3/1/2011
ACC750666075,196-54-1574,65,On Hold,9/3/2015,6/15/2012
ACC327392196,715-21-2599,34,Closed,10/9/2012,10/15/2021
ACC413796509,577-06-7349,71,Inactive,10/19/2018,10/29/2016
ACC016251499,669-21-2016,37,On Hold,4/4/2014,7/28/2017
ACC806060836,544-24-0933,27,Closed,8/18/2020,2/14/2012
ACC400552780,722-71-1318,34,Closed,9/14/2020,12/21/2011
ACC947531137,128-62-7754,62,Dormant,3/27/2012,3/25/2011
ACC443277213,728-14-0129,66,On Hold,9/16/2016,11/14/2018
ACC410948680,246-90-2950,85,Closed,6/2/2018,12/6/2012
ACC452990479,583-97-0250,51,Active,6/3/2019,7/6/2010
ACC726942101,523-82-8204,50,Archived,7/14/2016,5/2/2013
ACC066919884,828-78-2030,24,Closed,3/20/2017,3/10/2017
ACC249857871,404-02-1511,59,On Hold,11/3/2019,4/11/2021
ACC848897682,210-89-3094,25,Closed,10/6/2019,6/14/2019
ACC371492523,245-88-6897,77,Active,6/24/2010,1/3/2012
ACC357665921,364-25-4233,4,Closed,6/17/2014,7/17/2015
ACC701677859,183-45-4464,7,Closed,12/28/2016,9/1/2012
ACC230707465,497-69-4479,70,Archived,12/10/2020,10/7/2015
ACC503774483,894-74-3017,84,Inactive,4/26/2020,10/21/2020
ACC728659094,823-65-3803,38,Pending Activation,12/16/2014,9/23/2014
ACC232550059,540-22-7915,59,Suspended,4/18/2015,2/14/2012
ACC469278890,364-72-1852,48,Dormant,8/17/2020,6/29/2017
ACC681494929,126-24-4950,42,Suspended,11/15/2013,8/7/2019
ACC695966247,618-55-6387,19,Dormant,11/8/2013,3/5/2018
ACC733184241,707-40-1856,93,Pending Activation,7/31/2016,5/27/2010
ACC438449296,418-89-3022,43,Pending Activation,7/22/2016,1/15/2019
ACC224117901,659-84-4620,60,Pending Activation,4/15/2015,7/13/2021
ACC796378748,582-36-2711,37,Inactive,1/9/2010,11/25/2017
ACC119651337,522-10-6832,97,Suspended,12/4/2015,9/6/2017
ACC335859072,236-25-2001,75,On Hold,1/21/2012,8/23/2012
ACC976571577,249-61-0560,93,Active,2/15/2020,9/30/2011
ACC592054243,518-58-6058,44,Pending Activation,12/18/2016,7/29/2013
ACC302425592,893-99-9702,73,Pending Activation,11/6/2010,9/13/2017
ACC890934174,499-72-2020,23,Archived,12/23/2017,2/8/2011
ACC731455188,358-44-0561,87,Inactive,4/5/2014,6/29/2021
ACC270902981,639-24-8395,46,Inactive,9/15/2011,7/22/2010
ACC573636319,489-30-7648,30,Pending Activation,3/1/2015,5/15/2015
ACC035835463,111-56-1286,35,Dormant,1/7/2020,6/25/2011
ACC714644735,299-61-2000,19,On Hold,12/8/2015,5/25/2011
ACC338574768,118-89-3671,91,Suspended,9/11/2017,9/26/2018
ACC488258629,728-88-9032,66,Inactive,11/22/2017,3/6/2016
ACC079802764,239-74-6858,76,Archived,7/4/2021,9/21/2014
ACC323440559,765-98-1140,66,Restricted,12/29/2020,9/6/2020
ACC017915187,675-38-5467,54,Pending Activation,5/17/2016,7/18/2014
ACC325601810,287-91-0644,51,Active,6/7/2012,7/28/2011
ACC203008745,529-86-3176,39,Restricted,4/20/2011,1/18/2015
ACC850690576,216-37-2957,62,Suspended,3/29/2020,5/30/2019
ACC362316235,478-48-7443,36,Inactive,3/2/2016,1/25/2011
ACC003328374,823-10-6623,15,In Review,10/23/2010,8/7/2020
ACC270015296,643-53-4676,25,Archived,3/25/2017,2/23/2017
ACC972753737,489-53-3937,83,Restricted,5/30/2012,3/25/2017
ACC630959436,200-03-6558,39,On Hold,4/30/2019,2/4/2010
ACC543198569,700-90-8678,82,In Review,8/29/2016,2/11/2019
ACC744911277,572-54-4752,37,Pending Activation,1/15/2020,11/26/2013
ACC936094874,532-85-3774,81,Archived,2/18/2014,3/17/2010
ACC465361345,394-39-8605,82,Archived,9/4/2018,2/23/2020
ACC024059884,757-73-4552,70,On Hold,2/9/2021,4/15/2013
ACC633972648,210-55-3341,62,Active,7/6/2012,1/19/2011
ACC236692949,759-86-2057,5,In Review,2/6/2013,2/28/2019
ACC950197984,381-63-5242,85,Archived,5/29/2013,11/17/2015
ACC123599303,713-35-1652,35,Pending Activation,5/24/2011,1/26/2020
ACC465393317,761-99-8936,91,On Hold,6/16/2016,10/11/2011
ACC573194795,808-70-3145,95,In Review,7/10/2021,10/12/2021
ACC330398746,688-16-5212,66,On Hold,11/29/2016,4/9/2021
ACC176276684,209-96-9359,75,Restricted,11/7/2017,7/31/2016
ACC337390581,122-55-4301,64,Active,9/6/2017,12/23/2010
ACC806826299,880-34-9229,27,Archived,4/21/2021,10/14/2011
ACC258179170,891-27-9474,8,Inactive,6/22/2017,5/30/2010
ACC438858403,517-96-6739,88,Pending Activation,8/4/2017,11/22/2020
ACC026423317,382-44-9399,43,Pending Activation,6/15/2016,3/1/2018
ACC662835179,839-58-2834,7,Restricted,6/3/2010,2/3/2012
ACC675296091,176-29-9474,70,Restricted,1/13/2021,10/10/2016
ACC985009417,184-63-4040,87,Inactive,6/11/2019,1/8/2013
ACC846828686,531-23-0072,57,In Review,1/14/2013,8/22/2016
ACC933227666,774-26-8823,1,Suspended,6/10/2020,5/19/2018
ACC858964705,763-53-6518,78,Pending Activation,12/10/2010,9/7/2021
ACC548929324,691-77-5024,23,On Hold,1/5/2018,12/19/2019
ACC948435347,879-95-0564,21,Suspended,4/19/2021,8/14/2020
ACC772990429,564-94-0410,9,Pending Activation,2/4/2012,5/12/2013
ACC402689632,793-39-8139,79,Dormant,11/20/2020,11/20/2014
ACC718268850,894-52-6177,89,Active,5/28/2010,5/30/2010
ACC690246086,218-06-0719,53,Closed,7/4/2017,1/7/2019
ACC475067419,107-43-5220,32,Suspended,8/15/2012,2/27/2018
ACC415930098,347-70-3337,4,In Review,11/23/2011,6/4/2012
ACC376250317,663-87-5520,50,Suspended,3/6/2018,11/22/2010
ACC390350530,204-89-0224,44,In Review,3/29/2019,12/14/2013
ACC167143970,558-37-9929,79,Suspended,7/9/2020,4/11/2013
ACC730729499,136-67-3745,92,Archived,2/5/2019,8/14/2016
ACC702705624,546-41-7510,22,On Hold,8/26/2017,6/19/2013
ACC113636626,610-58-6143,57,Closed,12/30/2016,8/10/2010
ACC935209357,338-59-2665,97,Archived,10/26/2017,7/19/2021
ACC248210940,457-60-9652,32,Suspended,7/19/2012,2/25/2016
ACC528277000,639-59-5909,87,Restricted,1/22/2011,11/7/2018
ACC845224668,423-50-6409,46,In Review,4/12/2017,11/13/2014
ACC891781770,739-86-6514,79,Active,6/19/2020,11/7/2013
ACC306705426,498-96-5310,59,Suspended,11/27/2021,4/27/2014
ACC576989939,718-24-9799,48,In Review,4/21/2013,11/11/2019
ACC634725302,294-47-6704,23,Active,6/30/2014,12/8/2016
ACC038767351,350-82-8206,32,Archived,5/4/2017,9/25/2013
ACC889377330,628-62-2747,80,Closed,5/13/2018,12/25/2020
ACC709309526,320-47-9640,78,Closed,10/13/2010,6/28/2016
ACC118014048,622-30-1101,71,Restricted,9/6/2011,3/27/2014
ACC978857738,739-24-3156,88,Inactive,9/24/2010,12/2/2018
ACC893353161,527-99-2794,38,Restricted,1/17/2016,12/8/2011
ACC203555986,496-14-7512,76,On Hold,1/9/2011,10/7/2019
ACC343597963,411-70-2321,12,Archived,8/3/2015,6/1/2014
ACC333175889,111-48-5399,55,Dormant,9/19/2010,5/17/2019
ACC249836725,897-52-4675,53,Dormant,8/12/2014,9/2/2012
ACC489916304,200-58-1564,38,Archived,4/12/2016,2/14/2013
ACC059776215,306-27-1825,82,Closed,2/23/2013,12/20/2021
ACC729977378,309-54-2863,94,Dormant,8/27/2014,3/10/2021
ACC834886968,152-22-1318,36,Inactive,12/20/2021,4/13/2010
ACC137715496,818-19-8936,12,Active,11/29/2020,6/3/2012
ACC272030912,754-98-7758,7,On Hold,7/2/2010,10/17/2015
ACC103074445,591-31-9549,46,In Review,8/21/2020,5/25/2010
ACC270862900,622-11-1615,36,Suspended,6/25/2020,11/2/2020
ACC225257402,359-32-2507,24,Inactive,4/24/2015,3/6/2010
ACC980898672,701-70-7269,29,In Review,8/18/2016,12/22/2019
ACC760074865,329-77-4299,64,Dormant,6/1/2017,1/6/2018
ACC076137983,418-14-3526,89,On Hold,2/17/2020,9/2/2020
ACC229242828,323-31-8610,61,Suspended,7/8/2019,12/1/2016
ACC276489861,458-86-6572,15,Restricted,3/25/2013,4/11/2016
ACC077322369,364-16-6383,61,Inactive,4/14/2011,8/29/2020
ACC444726447,730-87-9665,83,Inactive,2/9/2010,7/8/2021
ACC704876180,129-65-4400,19,In Review,10/5/2013,2/14/2015
ACC508912049,471-25-7860,73,Active,7/16/2021,9/16/2015
ACC919691027,111-55-7156,92,Restricted,3/4/2019,2/23/2017
ACC791728739,347-30-3861,93,Closed,8/2/2018,4/10/2015
ACC537666453,117-05-3734,40,Suspended,4/12/2021,5/19/2011
ACC010035796,160-36-8380,1,On Hold,5/11/2019,9/10/2014
ACC956788042,268-49-2117,71,Archived,1/21/2016,5/25/2011
ACC008734641,218-76-2737,40,In Review,9/2/2020,9/3/2016
ACC476007339,618-40-5613,13,Suspended,12/28/2020,12/10/2019
ACC392696870,409-48-5094,91,Inactive,6/10/2012,8/27/2020
ACC980118658,402-80-4525,52,Closed,7/4/2021,2/2/2016
ACC276674925,469-47-1784,76,Active,7/17/2011,7/19/2011
ACC897782801,831-61-9528,39,Dormant,8/24/2014,10/16/2016
ACC857164813,348-24-6506,74,Pending Activation,2/21/2018,11/21/2012
ACC465047153,144-57-2660,26,Pending Activation,4/16/2016,1/8/2019
ACC288427453,531-95-5982,19,Dormant,1/28/2021,12/9/2016
ACC203259982,233-66-6121,13,Archived,9/11/2011,3/17/2016
ACC949521257,590-14-9022,77,Archived,5/24/2021,11/9/2018
ACC943321980,544-08-8528,67,Pending Activation,5/17/2015,9/28/2019
ACC187634157,527-90-6987,43,Closed,8/22/2010,5/26/2010
ACC239489222,120-96-4953,86,On Hold,3/26/2020,7/13/2018
ACC963279835,146-24-4332,40,Pending Activation,6/20/2012,9/6/2017
ACC614339883,492-69-2793,89,Closed,3/16/2020,12/29/2016
ACC678090780,755-42-1537,99,Closed,1/17/2016,9/12/2019
ACC763538508,405-95-7014,57,Pending Activation,12/4/2014,1/8/2010
ACC184804690,472-83-8236,26,Inactive,9/16/2021,3/11/2020
ACC583647446,899-27-0997,10,Closed,9/4/2020,3/10/2010
ACC736450537,281-81-1398,40,Suspended,11/14/2012,4/26/2020
ACC014719391,108-98-3421,79,Archived,4/23/2021,6/11/2020
ACC839829028,675-06-9696,65,Closed,8/19/2013,1/27/2012
ACC421122311,578-15-9306,63,Inactive,3/22/2012,4/12/2020
ACC212510449,674-16-7205,64,Dormant,10/20/2019,1/16/2016
ACC035971852,882-39-2517,33,Dormant,1/16/2018,5/4/2012
ACC600001974,271-25-6631,4,Restricted,9/5/2017,2/27/2016
ACC008732378,339-55-1734,21,Closed,3/14/2013,6/13/2020
ACC324839008,815-54-1401,54,Restricted,7/7/2011,12/26/2017
ACC554597453,559-35-0106,64,Dormant,5/14/2012,1/12/2020
ACC717274075,718-09-6017,87,Closed,7/24/2019,2/22/2010
ACC041616534,143-46-2783,46,Inactive,11/19/2020,5/17/2011
ACC261085435,125-09-8565,86,Inactive,1/16/2014,1/21/2016
ACC781210047,757-12-1999,90,Active,10/5/2016,12/10/2011
ACC903076044,502-99-6386,13,Inactive,10/3/2015,7/24/2021
ACC961033015,531-33-4224,49,Restricted,3/27/2018,4/9/2011
ACC852826794,469-65-9333,92,Closed,4/8/2012,5/5/2017
ACC476703032,797-77-9625,93,Restricted,6/21/2012,2/20/2020
ACC215285933,194-66-7196,4,Active,9/28/2010,5/3/2016
ACC663583806,410-38-8800,67,In Review,8/15/2018,8/10/2021
ACC197563715,684-74-3063,70,Pending Activation,9/3/2014,5/21/2019
ACC011841799,533-14-4484,24,Suspended,1/18/2016,7/12/2012
ACC566712170,576-62-9974,80,Dormant,9/8/2020,2/13/2019
ACC133742006,881-05-3396,31,Active,3/24/2016,9/7/2011
ACC796545355,154-64-7050,27,Dormant,8/21/2021,7/14/2014
ACC627896716,173-51-2644,85,Active,9/11/2020,5/5/2015
ACC787109789,400-21-1001,66,Active,1/7/2012,12/3/2020
ACC716606676,572-26-6323,73,In Review,3/17/2016,5/8/2021
ACC022092093,817-05-6507,88,Closed,6/10/2011,7/23/2017
ACC046971907,860-28-1868,37,Archived,4/3/2018,6/4/2011
ACC652765883,309-34-1587,47,Suspended,2/28/2018,5/6/2014
ACC512108605,691-85-1701,5,Restricted,12/8/2014,12/21/2016
ACC963185463,373-10-7441,86,Inactive,12/5/2013,5/10/2016
ACC648310012,290-40-6634,47,On Hold,7/6/2010,3/13/2012
ACC932564836,674-28-9722,9,Suspended,12/20/2010,1/22/2020
ACC907005572,144-97-8039,38,Restricted,12/12/2012,2/15/2018
ACC859139964,831-70-3318,92,In Review,1/4/2013,2/3/2019
ACC125537988,558-90-8793,89,Restricted,3/27/2016,4/7/2019
ACC070349354,792-67-4281,32,On Hold,1/26/2018,4/19/2017
ACC756829889,782-32-5716,21,Restricted,10/20/2011,5/6/2010
ACC791843462,450-34-5258,29,Suspended,3/7/2014,1/26/2017
ACC372786181,154-64-8431,83,On Hold,6/23/2011,9/20/2015
ACC033900268,536-21-0812,19,Closed,11/9/2020,10/18/2016
ACC705475074,683-83-0030,70,Active,9/9/2013,5/8/2016
ACC438453750,758-26-9883,27,Active,10/17/2013,9/30/2016
ACC223856841,521-18-7100,30,Dormant,2/11/2020,1/11/2011
ACC719622888,522-29-3424,32,In Review,11/13/2015,6/4/2016
ACC839948601,541-55-7474,1,Active,3/5/2011,11/29/2021
ACC121563984,416-36-8921,96,Restricted,6/29/2012,4/22/2020
ACC044991274,196-90-9715,39,Pending Activation,2/17/2011,8/10/2012
ACC936801170,332-50-8142,47,Archived,6/23/2020,9/26/2014
ACC131781740,783-68-0154,50,Restricted,11/9/2012,4/2/2011
ACC045730843,425-88-7594,76,Archived,12/21/2018,9/16/2018
ACC138142988,326-49-6729,33,Suspended,8/1/2015,3/25/2015
ACC937764299,517-48-4669,13,On Hold,1/15/2015,3/20/2017
ACC299775261,479-25-3635,21,In Review,3/10/2011,1/19/2013
ACC375595688,489-98-8589,39,On Hold,3/29/2014,8/9/2014
ACC497707183,454-50-7352,93,Inactive,4/15/2010,3/5/2012
ACC201701583,696-66-8047,3,Archived,11/9/2021,1/19/2019
ACC153727894,324-13-9091,83,Closed,3/24/2016,12/8/2020
ACC231833271,845-85-8761,22,Inactive,7/17/2016,1/15/2013
ACC701976835,810-99-3600,40,Restricted,9/8/2016,9/7/2017
ACC649444184,333-94-4387,5,Restricted,12/19/2015,8/13/2013
ACC341244187,772-58-7916,8,On Hold,8/4/2010,2/6/2016
ACC966543241,411-05-1333,75,Restricted,4/8/2017,6/24/2011
ACC952889779,730-71-0856,87,Pending Activation,10/27/2010,1/13/2016
ACC520239836,683-52-9482,39,Archived,6/27/2016,3/24/2016
ACC950212525,420-65-0039,26,Suspended,8/29/2013,6/18/2013
ACC798830467,706-92-3972,43,Pending Activation,3/15/2020,12/18/2018
ACC442440333,684-49-6147,35,Active,3/22/2010,3/1/2011
ACC897970758,506-48-3197,91,Closed,1/22/2011,8/1/2021
ACC180163262,649-18-0971,59,Active,11/11/2012,2/9/2012
ACC514360329,741-88-2845,82,Dormant,5/1/2018,6/6/2011
ACC660505487,429-21-6288,64,Closed,8/22/2015,6/14/2021
ACC022417470,386-64-6014,69,In Review,2/7/2012,1/27/2017
ACC349058261,576-22-8234,25,Inactive,2/12/2010,2/14/2018
ACC792744212,343-14-8509,42,Active,5/26/2018,7/6/2012
ACC022794726,416-91-0684,83,Inactive,5/16/2011,6/24/2010
ACC631585777,324-19-5995,9,Active,5/29/2014,7/26/2021
ACC308490504,810-21-7607,53,Archived,1/14/2018,10/8/2012
ACC016855669,408-06-6759,91,Active,12/10/2010,10/6/2010
ACC765653112,862-15-0803,19,Pending Activation,4/30/2018,11/5/2012
ACC027460070,341-34-9421,82,On Hold,11/23/2018,6/16/2021
ACC031888253,522-74-3333,15,Archived,4/14/2019,7/25/2016
ACC796985104,571-01-2642,64,Pending Activation,6/24/2012,7/6/2021
ACC412681191,400-01-7648,17,Dormant,11/3/2021,2/10/2012
ACC271383528,598-47-0008,91,Dormant,9/10/2021,10/26/2017
ACC621636628,336-91-9867,44,On Hold,2/9/2012,9/24/2021
ACC618971735,389-16-9961,39,Closed,11/12/2020,6/21/2019
ACC624769629,417-63-0056,43,Active,1/4/2019,6/28/2015
ACC575273071,859-29-5605,63,Active,4/28/2014,8/20/2014
ACC049496312,120-67-5434,45,Closed,3/13/2011,9/25/2020
ACC445781586,286-71-0755,11,Archived,1/30/2016,8/6/2010
ACC589152680,191-15-6591,34,Archived,1/17/2014,12/7/2015
ACC534651221,121-17-6643,70,Archived,4/17/2021,2/5/2011
ACC351856996,678-24-3779,59,Suspended,9/26/2014,8/29/2013
ACC984797178,426-19-9733,48,In Review,5/5/2018,8/23/2010
ACC113413621,295-50-6362,16,Inactive,12/15/2011,4/25/2018
ACC343848932,243-90-7292,66,Active,11/25/2010,10/15/2017
ACC008029183,443-26-7684,26,Dormant,5/24/2019,12/20/2018
ACC115751552,891-39-7247,43,On Hold,1/13/2017,12/29/2014
ACC406011682,438-67-7690,9,In Review,9/17/2012,11/18/2021
ACC789887432,821-33-0882,93,Dormant,5/8/2019,5/10/2015
ACC602014510,240-62-7475,8,Inactive,7/10/2013,8/6/2014
ACC446837363,168-79-9741,75,Archived,1/30/2014,4/25/2013
ACC256865463,502-28-3044,40,Closed,6/12/2020,8/5/2020
ACC805402621,326-82-9096,3,On Hold,8/10/2017,11/12/2019
ACC250843629,422-22-6500,22,Dormant,12/10/2017,4/1/2018
ACC654437009,784-23-9227,2,Active,7/28/2021,12/12/2019
ACC163001700,583-74-6686,21,Archived,4/3/2016,5/24/2021
ACC816312741,719-47-6049,27,Inactive,2/6/2019,1/10/2019
ACC815998449,444-61-8668,51,Archived,10/29/2017,11/21/2012
ACC231816795,414-80-2739,63,Archived,7/5/2016,3/1/2017
ACC401355057,320-72-8082,6,Suspended,8/22/2010,12/8/2017
ACC470377810,754-90-0326,40,Restricted,7/4/2021,9/6/2016
ACC388278688,454-59-9255,53,Pending Activation,11/30/2020,7/19/2011
ACC692395832,871-14-8846,50,Dormant,1/8/2020,2/1/2012
ACC262453759,484-11-7643,6,Archived,7/19/2011,8/15/2017
ACC409052210,842-33-0692,22,Dormant,4/7/2019,6/3/2021
ACC391169830,770-97-2845,20,Suspended,11/19/2011,3/5/2019
ACC799426021,859-16-4730,97,Restricted,8/18/2017,5/18/2016
ACC808455319,231-60-1071,16,Inactive,4/12/2012,5/9/2017
ACC810610703,204-84-2965,33,Restricted,3/17/2013,4/3/2016
ACC706733717,701-94-4581,82,Archived,11/5/2018,3/7/2013
ACC046614130,472-69-9538,41,On Hold,6/4/2021,4/10/2014
ACC710599079,462-09-9586,71,Archived,11/27/2010,3/14/2018
ACC848973099,887-07-8129,86,Active,2/10/2012,12/31/2016
ACC156748865,401-76-1487,8,Restricted,7/26/2018,12/21/2012
ACC600278513,881-90-9554,88,Dormant,6/21/2020,9/21/2019
ACC322548139,312-39-6634,76,Closed,7/15/2019,7/7/2010
ACC641755308,578-71-8021,60,Active,8/7/2018,1/3/2016
ACC608496884,142-96-7706,10,Inactive,1/25/2014,5/30/2013
ACC120551447,283-48-1886,23,On Hold,5/30/2014,10/9/2016
ACC594126567,348-41-6467,73,Dormant,4/12/2020,12/4/2017
ACC051079447,377-81-1617,45,Closed,2/13/2021,8/18/2011
ACC663330516,827-35-6446,66,Pending Activation,3/16/2012,10/22/2014
ACC549425994,479-33-8552,15,Dormant,9/5/2013,9/17/2010
ACC743537145,216-57-5273,89,Dormant,10/23/2019,10/27/2019
ACC565345352,560-54-1044,55,Active,6/25/2012,3/3/2018
ACC906442110,651-95-1667,19,Restricted,1/16/2012,11/11/2021
ACC740637015,161-27-2102,21,Dormant,9/6/2013,12/2/2016
ACC078709440,815-75-7291,82,Dormant,10/7/2011,10/23/2017
ACC071532190,472-57-1100,78,On Hold,2/4/2020,11/30/2016
ACC558155029,835-28-5830,100,On Hold,10/18/2014,1/23/2011
ACC580667568,795-64-2025,49,Suspended,12/28/2010,12/12/2020
ACC707550759,268-05-9286,69,In Review,9/23/2020,7/6/2016
ACC268901521,550-33-5183,5,Dormant,11/21/2019,1/26/2011
ACC148878748,309-64-6753,8,In Review,5/11/2021,1/14/2021
ACC166614764,244-26-3388,11,On Hold,1/12/2011,8/23/2014
ACC412986460,335-22-1485,28,Dormant,9/16/2011,12/19/2015
ACC625739686,708-83-3620,38,In Review,1/25/2019,6/19/2010
ACC581916511,264-14-8360,47,Pending Activation,4/13/2014,7/14/2020
ACC588879314,577-18-8952,3,Inactive,4/29/2014,3/6/2020
ACC079546819,401-04-8498,66,Restricted,4/4/2010,8/6/2018
ACC314526495,823-37-4177,7,Archived,6/2/2019,7/27/2010
ACC726807154,440-53-8760,72,Suspended,2/8/2018,8/21/2012
ACC988422664,789-23-6374,14,Archived,6/23/2016,1/3/2013
ACC519445202,410-82-3708,31,On Hold,1/12/2010,10/9/2019
ACC932256010,684-53-7790,57,On Hold,6/5/2013,5/28/2015
ACC374699962,302-41-8386,98,Pending Activation,4/11/2016,4/30/2021
ACC749239584,724-19-2732,98,Restricted,7/12/2013,2/5/2011
ACC909068284,105-24-5963,62,Suspended,5/3/2012,10/30/2021
ACC096424711,552-78-2235,46,Archived,11/21/2017,8/12/2021
ACC048545832,386-12-2564,90,Archived,9/28/2010,6/16/2021
ACC446197130,646-54-5749,39,Pending Activation,8/21/2018,3/19/2018
ACC036724362,440-33-5693,90,Pending Activation,12/18/2017,9/22/2014
ACC618446800,819-97-9212,78,In Review,3/14/2012,5/27/2020
ACC494216814,577-44-6995,25,On Hold,12/12/2015,2/8/2012
ACC331469568,555-77-7098,85,Archived,6/23/2013,9/24/2012
ACC878757315,157-96-5213,17,Closed,9/20/2012,9/24/2010
ACC759385693,694-28-6861,21,Suspended,9/1/2012,12/28/2011
ACC457191680,648-58-2228,48,On Hold,8/20/2010,11/29/2011
ACC080022513,412-99-0210,10,Suspended,2/28/2011,9/22/2016
ACC535275704,637-28-8897,83,Active,7/18/2015,7/7/2013
ACC783522310,768-07-9061,13,Active,8/20/2014,2/6/2016
ACC419075574,537-76-4709,27,Closed,6/18/2020,9/2/2015
ACC254000985,760-55-5800,11,Inactive,7/14/2018,8/15/2018
ACC290337095,219-48-8820,72,Pending Activation,7/1/2020,5/27/2017
ACC231966975,667-12-6766,32,Restricted,8/9/2016,5/17/2010
ACC153146692,460-07-2521,2,Dormant,3/3/2018,12/26/2014
ACC205849913,357-04-0907,44,Archived,2/10/2019,2/23/2010
ACC043802040,352-32-0242,30,On Hold,8/15/2021,8/10/2012
ACC717591992,726-71-9373,44,Closed,5/3/2021,10/14/2010
ACC839159885,429-65-7811,95,Dormant,12/24/2015,6/20/2019
ACC236215545,273-30-7287,61,Suspended,6/28/2010,1/14/2020
ACC814828872,307-13-0638,71,Archived,3/29/2011,5/7/2013
ACC541892146,485-56-3024,24,Active,9/25/2011,6/12/2017
ACC718527375,532-78-7589,5,Suspended,10/4/2019,3/16/2018
ACC855214738,542-23-9499,69,Active,7/29/2017,11/4/2019
ACC033309790,647-12-9070,24,Dormant,1/20/2015,2/4/2021
ACC525231804,105-43-4308,31,Closed,11/23/2011,7/17/2017
ACC876642708,313-95-3567,92,Suspended,4/22/2011,8/18/2013
ACC144360592,405-23-1770,23,On Hold,9/14/2011,4/29/2019
ACC425208152,556-17-5319,22,Suspended,1/22/2010,1/4/2020
ACC620628090,198-75-5392,36,Pending Activation,6/27/2014,2/21/2020
ACC340907401,863-28-4647,73,Archived,12/23/2021,8/11/2020
ACC775861292,240-36-3667,71,Restricted,2/8/2015,1/13/2019
ACC742607056,789-21-3161,15,Archived,8/5/2014,9/29/2013
ACC162550776,519-39-1073,13,Inactive,5/26/2021,5/26/2017
ACC219946314,175-29-0870,11,Inactive,10/10/2013,7/10/2015
ACC144891141,281-73-6808,26,Archived,4/27/2016,5/9/2012
ACC960281031,638-53-8878,28,Pending Activation,12/7/2019,9/29/2014
ACC528254629,667-87-5585,87,Closed,7/23/2013,4/28/2016
ACC475261654,469-18-8371,84,Active,1/10/2016,1/28/2015
ACC544907831,613-51-6044,20,Pending Activation,7/12/2015,10/5/2016
ACC413928662,159-60-4499,11,In Review,4/1/2018,7/25/2021
ACC039924452,657-47-2248,51,Closed,10/4/2017,1/17/2018
ACC579763833,587-46-8092,52,Suspended,1/10/2011,7/18/2018
ACC312023548,391-21-7230,94,Closed,4/30/2016,12/29/2017
ACC475690346,710-25-6604,8,In Review,10/23/2015,5/19/2011
ACC518981330,142-83-9613,5,In Review,8/12/2021,12/24/2013
ACC770361634,330-89-0336,83,Dormant,4/4/2021,4/19/2021
ACC588498020,180-96-0196,22,In Review,10/2/2020,7/3/2015
ACC316378681,133-79-4272,95,Suspended,9/12/2021,6/23/2013
ACC252708847,223-46-4546,42,Inactive,4/14/2017,11/26/2020
ACC042174305,688-34-4783,51,Restricted,6/18/2018,10/29/2021
ACC313015186,172-85-1067,21,Restricted,4/23/2013,3/9/2010
ACC949815154,176-86-3412,49,In Review,2/14/2018,10/22/2015
ACC377964126,234-43-4033,25,Suspended,4/24/2018,9/21/2015
ACC025985105,108-74-9927,34,Active,6/19/2011,9/1/2010
ACC758824208,595-98-7635,69,Pending Activation,1/21/2013,12/27/2011
ACC090471758,890-42-9829,21,Pending Activation,4/15/2020,5/21/2012
ACC491101425,189-87-9341,22,Restricted,10/10/2014,8/15/2013
ACC097199557,634-40-1416,69,Restricted,8/9/2011,8/30/2018
ACC651686212,891-94-1440,26,Inactive,11/13/2014,3/30/2016
ACC955545477,565-68-9682,46,On Hold,5/23/2013,6/22/2013
ACC312096239,121-50-0345,58,On Hold,1/10/2020,8/9/2019
ACC050762196,135-79-2822,32,On Hold,1/17/2010,7/19/2011
ACC710922439,648-53-3431,37,In Review,11/29/2019,3/3/2011
ACC066373120,589-94-4692,48,Inactive,5/31/2016,9/9/2016
ACC451562088,516-23-5305,34,Active,4/8/2013,7/10/2020
ACC069703219,745-84-4576,33,Suspended,3/24/2020,8/7/2019
ACC482118148,425-60-9329,1,Inactive,2/21/2016,11/9/2016
ACC921533122,538-34-5682,88,Inactive,11/22/2019,3/14/2018
ACC808905419,349-62-6503,69,Archived,8/21/2017,6/14/2018
ACC899473073,875-65-7669,69,On Hold,2/7/2016,10/3/2013
ACC587089361,397-26-0369,34,Pending Activation,6/25/2019,2/20/2021
ACC789711812,406-55-2305,79,On Hold,7/29/2014,1/10/2010
ACC040522665,794-64-4580,70,Closed,2/3/2015,1/14/2021
ACC817421372,425-83-7072,95,Pending Activation,2/5/2014,7/20/2011
ACC437429185,326-74-7678,90,Active,12/6/2019,9/4/2021
ACC736820249,328-54-1580,5,Archived,10/24/2012,6/22/2012
ACC954442343,522-74-5310,24,In Review,12/8/2018,5/8/2015
ACC272307641,397-05-4780,90,Inactive,4/7/2012,4/5/2021
ACC512314350,711-15-5821,83,Pending Activation,12/15/2020,3/28/2011
ACC368488835,297-67-6147,86,In Review,5/27/2018,6/1/2019
ACC762433571,813-84-6255,49,On Hold,5/3/2010,8/18/2011
ACC308447835,766-80-8164,95,In Review,10/27/2014,5/17/2013
ACC529864813,429-68-1542,98,Inactive,11/26/2012,2/13/2017
ACC651319120,421-25-3301,52,Active,4/30/2011,10/17/2010
ACC848809209,692-55-4716,1,Dormant,2/8/2014,5/14/2019
ACC707086498,112-96-8059,30,Restricted,2/16/2017,1/17/2010
ACC375426698,295-17-0041,94,Inactive,7/29/2021,4/1/2016
ACC970470834,384-51-6805,88,Closed,6/18/2019,8/30/2015
ACC927846103,326-12-6558,36,Closed,3/18/2012,10/19/2020
ACC377011745,341-22-7806,83,Restricted,11/10/2016,8/9/2017
ACC416186082,201-21-4882,20,Restricted,5/2/2015,3/27/2013
ACC945518575,483-35-2656,100,Restricted,4/12/2017,1/14/2021
ACC485515874,176-15-5320,30,Archived,11/24/2014,10/9/2014
ACC166857565,344-33-3276,10,Restricted,3/3/2016,9/8/2014
ACC281742941,205-22-8990,88,Pending Activation,1/13/2011,7/21/2017
ACC979209706,309-18-0710,90,Closed,7/1/2011,5/25/2018
ACC542148274,707-14-3743,82,Dormant,7/21/2017,2/22/2021
ACC651447723,146-38-7351,81,Suspended,4/26/2015,3/12/2015
ACC272111987,463-75-0157,94,Active,7/2/2014,10/25/2016
ACC529309584,385-22-3959,43,Pending Activation,10/23/2016,8/24/2013
ACC022281341,231-14-6774,80,Archived,8/29/2018,8/14/2021
ACC773217737,281-62-2599,46,In Review,10/4/2018,11/10/2010
ACC590487042,838-38-5879,86,Archived,5/4/2021,6/6/2021
ACC813616815,851-58-1872,55,In Review,11/12/2021,12/27/2021
ACC172079226,583-19-2261,23,Restricted,10/29/2017,6/2/2011
ACC610455053,888-60-2700,45,In Review,11/27/2011,6/12/2021
ACC235936718,514-30-6796,14,Pending Activation,8/28/2011,8/20/2012
ACC964660026,617-38-0166,29,Closed,4/26/2020,4/30/2021
ACC212952264,153-73-4832,43,On Hold,8/22/2014,8/29/2011
ACC816678570,417-81-9390,26,Active,9/22/2010,9/9/2012
ACC047218423,213-89-8076,43,In Review,8/6/2010,2/19/2011
ACC520693822,532-93-7617,28,Archived,8/4/2014,10/10/2012
ACC430524669,122-82-0920,61,Dormant,10/16/2015,5/6/2012
ACC555070639,374-47-3978,41,On Hold,8/8/2015,7/7/2019
ACC400131463,571-27-8259,73,Closed,2/18/2016,11/29/2012
ACC247976669,255-98-5864,63,Dormant,12/17/2010,7/18/2013
ACC512016915,565-71-6887,92,Inactive,9/23/2019,2/16/2014
ACC956623834,769-30-2685,85,In Review,3/1/2017,5/1/2021
ACC363493944,364-43-2698,17,Pending Activation,11/23/2019,10/10/2017
ACC035265153,430-57-8881,63,Restricted,9/2/2017,2/9/2020
ACC798455904,369-01-4000,95,Dormant,2/12/2011,9/17/2019
ACC762804963,130-36-6508,86,Restricted,9/20/2012,7/22/2011
ACC155820095,194-98-7811,9,Active,12/24/2019,4/10/2015
ACC087860701,202-51-5487,23,Dormant,6/27/2013,7/7/2014
ACC513280947,410-01-6579,38,Suspended,4/11/2013,5/29/2019
ACC752962683,585-54-3079,53,Restricted,3/27/2016,3/4/2018
ACC526502500,569-27-5695,7,Archived,4/20/2010,8/6/2016
ACC731191396,603-33-7368,24,Archived,10/6/2011,9/8/2010
ACC882890905,817-61-5153,77,Closed,10/6/2020,6/13/2011
ACC968741631,602-23-5126,84,Pending Activation,1/26/2016,4/11/2021
ACC631002730,242-74-5241,13,On Hold,5/26/2014,12/15/2020
ACC232495964,744-02-7121,24,Active,3/26/2017,4/10/2019
ACC828700120,681-30-3780,31,Suspended,5/15/2020,5/5/2014
ACC910118051,803-27-2767,19,Dormant,11/28/2010,12/20/2020
ACC816421354,544-47-2185,61,Active,4/29/2013,2/11/2020
ACC824720384,548-80-0057,92,Restricted,1/16/2012,5/18/2017
ACC869451505,100-34-4346,12,On Hold,8/15/2017,7/27/2019
ACC930802133,172-93-6292,72,In Review,4/9/2021,7/12/2021
ACC326769774,467-79-0687,60,Restricted,9/28/2013,5/10/2013
ACC072633883,641-01-2782,61,Dormant,9/27/2021,6/1/2013
ACC488310813,403-12-4245,86,On Hold,4/25/2014,10/31/2019
ACC417154412,209-15-2542,83,Closed,12/25/2013,11/7/2015
ACC460734373,837-70-0390,22,Suspended,7/16/2018,11/30/2019
ACC248305189,611-95-8350,8,Pending Activation,4/22/2015,8/23/2019
ACC397231796,541-57-2145,70,On Hold,12/19/2016,5/9/2017
ACC066472389,869-20-0883,84,Pending Activation,4/21/2012,1/27/2016
ACC213575276,462-50-5376,83,Pending Activation,8/17/2011,12/21/2021
ACC923107147,803-46-9263,62,Archived,1/24/2021,4/5/2019
ACC679031224,156-98-1579,28,On Hold,5/22/2018,6/18/2020
ACC394729725,809-02-4761,51,Pending Activation,11/24/2015,9/6/2010
ACC402059699,682-28-5156,80,Suspended,1/1/2018,12/14/2016
ACC997715305,527-94-7787,84,On Hold,5/7/2010,9/27/2018
ACC986804675,531-54-0436,16,Pending Activation,1/9/2016,12/26/2010
ACC450563848,671-27-4240,92,Closed,6/26/2010,1/12/2020
ACC682487212,423-96-6886,62,Restricted,12/9/2015,6/14/2017
ACC121309870,334-55-7345,93,Closed,5/21/2021,10/24/2019
ACC247401025,236-74-4042,81,Restricted,5/29/2010,5/20/2018
ACC061409731,875-38-2089,70,In Review,4/20/2011,3/21/2015
ACC914294389,247-30-6618,30,In Review,1/25/2020,8/26/2015
ACC732409398,303-70-8538,20,On Hold,11/18/2013,12/24/2017
ACC677549754,628-47-6894,69,Inactive,8/24/2012,12/3/2012
ACC015100381,442-51-5768,71,In Review,3/12/2016,8/8/2015
ACC851452314,312-79-1518,57,Pending Activation,9/29/2018,12/15/2020
ACC050453319,268-43-0664,74,Restricted,8/10/2015,5/7/2018
ACC291570447,369-66-1449,57,Closed,6/21/2020,6/14/2020
ACC323820610,707-70-2974,59,Closed,5/16/2018,8/24/2018
ACC401654072,716-28-1154,43,Active,8/8/2011,3/26/2018
ACC319914126,389-75-6577,15,In Review,8/13/2020,1/5/2014
ACC141096293,419-12-1209,86,Active,10/3/2016,2/20/2011
ACC775845115,397-44-8595,75,Dormant,9/28/2015,12/9/2010
ACC692666956,688-54-3391,46,On Hold,4/23/2015,10/10/2017
ACC863687193,683-18-2016,79,Active,1/4/2010,4/26/2010
ACC413942787,397-81-5979,74,Inactive,4/13/2011,1/15/2020
ACC454761633,496-56-3677,50,Dormant,5/23/2021,12/22/2010
ACC338157180,794-04-1916,56,On Hold,11/4/2021,5/28/2015
ACC760416655,804-60-1290,8,Inactive,8/24/2021,8/23/2017
ACC850051434,885-28-7203,19,In Review,7/24/2015,12/2/2011
ACC936138671,360-60-1633,37,On Hold,5/30/2020,3/14/2019
ACC019464528,441-45-4434,77,Closed,2/1/2013,11/6/2021
ACC018309828,379-80-0956,97,On Hold,7/17/2015,2/27/2012
ACC158164726,182-98-0168,68,In Review,5/13/2011,7/1/2020
ACC337802645,371-43-5754,4,Archived,12/11/2015,4/12/2014
ACC131889848,474-55-9702,97,Restricted,1/30/2013,8/1/2012
ACC497913966,767-53-8839,29,In Review,4/3/2012,9/17/2015
ACC772402751,364-35-6771,76,Closed,7/28/2010,11/23/2020
ACC684697911,339-38-9116,5,Archived,5/30/2016,9/14/2012
ACC659217124,658-45-2934,52,Restricted,4/8/2019,8/21/2021
ACC014282645,176-91-5939,54,Closed,2/8/2020,9/9/2013
ACC520744300,674-90-5210,66,In Review,7/23/2012,2/21/2020
ACC244496369,648-86-4577,41,Active,11/15/2011,3/1/2012
ACC165256202,556-44-4543,74,Restricted,11/3/2015,6/25/2010
ACC172342739,307-44-4074,23,Active,6/19/2016,12/16/2015
ACC864856714,839-18-6285,65,Active,3/28/2019,9/24/2018
ACC200262944,335-04-6424,46,Suspended,12/20/2010,6/13/2017
ACC933747541,743-98-5810,1,Archived,11/12/2017,12/8/2019
ACC122722701,882-29-5174,45,Active,11/4/2010,1/29/2012
ACC686968561,402-49-4219,59,Closed,7/10/2020,3/28/2021
ACC370095632,446-41-6870,66,In Review,2/4/2013,3/8/2012
ACC235280522,101-47-5339,38,Active,11/25/2016,12/14/2012
ACC800328527,444-30-5228,92,Restricted,8/14/2021,8/10/2017
ACC192642953,757-43-9631,65,Inactive,7/3/2013,8/16/2020
ACC959598886,362-14-3735,97,Closed,10/28/2015,3/12/2019
ACC963618593,736-72-4628,74,On Hold,11/30/2012,4/11/2017
ACC157710910,723-38-9797,13,Inactive,6/5/2010,1/29/2020
ACC031753343,352-17-8089,18,Pending Activation,5/4/2020,11/21/2017
ACC243144547,653-48-2778,29,Active,3/22/2014,9/21/2012
ACC010005688,127-30-0196,69,Inactive,2/9/2012,11/7/2011
ACC835802748,187-61-7881,78,On Hold,9/17/2021,10/5/2020
ACC894254200,546-64-8119,1,Closed,4/23/2011,3/28/2010
ACC997248981,521-61-8005,96,Suspended,7/26/2010,9/30/2010
ACC248832175,296-29-4308,98,In Review,11/19/2013,2/25/2014
ACC713097277,315-09-1557,100,Closed,5/26/2012,12/29/2014
ACC996863098,660-89-2485,42,Closed,7/10/2020,1/14/2020
ACC589930251,611-49-6271,58,Closed,11/15/2013,7/11/2014
ACC216486929,828-69-1991,40,Suspended,5/6/2011,4/6/2013
ACC711228956,795-97-9815,11,Inactive,4/14/2020,12/5/2016
ACC375583310,207-74-6999,72,Restricted,9/28/2021,10/21/2013
ACC377028951,376-55-9717,45,Dormant,4/19/2014,4/29/2018
ACC689311290,366-58-7947,18,Suspended,2/16/2012,5/14/2018
ACC042905228,166-89-9873,11,Dormant,4/8/2020,4/12/2012
ACC680146365,596-20-8472,64,Pending Activation,10/26/2017,3/2/2019
ACC494134274,331-86-5929,65,Archived,2/11/2018,9/25/2012
ACC386810332,276-34-3095,16,Pending Activation,7/4/2019,2/7/2014
ACC778568240,475-34-2789,69,Inactive,11/25/2015,8/19/2021
ACC825144835,838-61-7505,69,On Hold,4/3/2021,5/17/2021
ACC571121541,550-28-8283,4,Active,12/14/2012,12/5/2021
ACC400400553,203-33-6926,74,Restricted,2/15/2012,11/10/2013
ACC103253763,380-89-1783,3,In Review,10/29/2018,12/10/2019
ACC676659495,294-24-2455,35,Archived,12/21/2017,5/31/2012
ACC959876008,266-25-7957,8,Dormant,8/25/2018,7/10/2017
ACC650601811,509-47-3199,73,Dormant,8/11/2020,1/10/2016
ACC197461113,660-92-4797,86,Pending Activation,3/10/2011,3/4/2016
ACC035219877,325-25-6600,68,Active,12/19/2018,4/15/2013
ACC990669276,872-18-5511,66,Dormant,3/22/2019,4/22/2012
ACC383313874,133-87-1780,88,Inactive,5/14/2013,10/1/2012
ACC982402632,510-21-1344,51,Suspended,6/20/2019,5/3/2013
ACC040177948,520-54-7293,34,Archived,3/21/2014,11/19/2010
ACC679669835,352-61-1714,85,In Review,2/3/2011,7/19/2016
ACC201241474,822-84-5975,13,Dormant,9/20/2013,11/3/2019
ACC892077823,683-18-9050,20,Restricted,2/26/2019,8/24/2013
ACC411636572,336-58-0750,62,Pending Activation,9/27/2010,2/27/2016
ACC398278389,654-79-4730,7,Closed,11/27/2015,1/15/2014
ACC961343590,819-29-9354,57,Closed,3/10/2019,7/23/2012
ACC991318442,779-38-6747,22,Suspended,4/23/2011,6/27/2011
ACC900439456,642-32-0165,16,Inactive,6/9/2010,9/21/2020
ACC756429922,246-27-5053,48,Archived,10/30/2018,10/2/2014
ACC176851610,233-98-7822,52,Pending Activation,8/13/2020,8/4/2014
ACC674265580,104-86-0759,5,Archived,5/31/2015,12/4/2012
ACC281514894,415-20-4014,10,Dormant,5/23/2011,5/23/2019
ACC893601399,671-48-6104,19,Inactive,4/10/2019,7/5/2021
ACC595429062,435-89-9247,29,On Hold,3/21/2015,11/26/2016
ACC325785786,857-89-0757,20,Inactive,11/1/2010,11/17/2015
ACC957979017,569-03-0198,18,Pending Activation,6/27/2011,2/23/2015
ACC637267368,637-48-5747,40,Closed,8/10/2017,12/30/2015
ACC674940334,194-32-2924,21,In Review,9/2/2018,8/9/2017
ACC141086409,316-66-0906,61,Archived,10/1/2016,7/6/2017
ACC328101865,369-24-9347,12,Pending Activation,2/8/2018,10/12/2014
ACC401926692,653-92-1242,38,Inactive,8/10/2018,12/24/2015
ACC023605551,512-17-5927,80,Restricted,12/20/2019,9/5/2013
ACC314578809,444-86-0266,64,Inactive,9/8/2014,10/19/2015
ACC816700091,582-84-5518,77,Pending Activation,3/30/2011,10/28/2014
ACC741537799,146-09-6810,34,Closed,12/9/2010,9/26/2013
ACC881662833,852-03-7194,42,Suspended,12/4/2021,6/8/2021
ACC497326453,197-07-9496,77,Dormant,6/12/2014,4/6/2010
ACC903837592,239-46-5126,13,Inactive,4/17/2019,6/10/2021
ACC432747892,550-98-8096,28,Archived,1/14/2019,8/26/2012
ACC022836216,366-76-1690,87,Pending Activation,4/14/2019,7/5/2011
ACC304164877,502-44-6250,87,On Hold,1/20/2019,3/31/2013
ACC592571848,430-79-6857,56,On Hold,11/4/2013,10/22/2020
ACC557048889,463-65-5690,36,On Hold,1/8/2019,8/7/2012
ACC530881602,396-63-4586,62,On Hold,8/2/2012,11/21/2021
ACC780711266,832-05-8450,77,Closed,5/21/2014,9/11/2019
ACC122674297,176-84-2096,44,Archived,4/26/2014,12/12/2010
ACC957218074,339-05-1707,86,Restricted,1/31/2010,7/23/2015
ACC277251578,742-02-5983,88,On Hold,7/25/2017,5/7/2021
ACC503990346,509-69-6851,94,Pending Activation,5/23/2020,6/4/2018
ACC585590564,533-53-0787,5,Closed,11/1/2011,9/17/2014
ACC043544577,182-13-3034,48,Closed,3/11/2010,11/2/2010
ACC807630093,408-05-8352,18,Closed,10/11/2015,11/13/2011
ACC602173480,242-51-8631,8,Inactive,3/13/2014,9/5/2010
ACC880983197,563-42-6621,9,Restricted,3/18/2012,8/9/2013
ACC685264117,314-78-8714,20,Dormant,5/1/2018,7/5/2019
ACC528910143,202-51-2902,41,On Hold,11/28/2012,7/28/2012
ACC426786532,758-28-3233,77,Pending Activation,2/18/2012,5/3/2014
ACC450365264,508-50-3138,44,On Hold,11/20/2010,12/19/2013
ACC677826973,177-43-9176,91,In Review,2/16/2017,7/29/2018
ACC789812832,788-15-9864,9,Dormant,3/12/2010,5/10/2010
ACC970939655,884-38-1441,30,Suspended,2/3/2021,2/2/2016
ACC837202886,137-92-1680,35,In Review,4/8/2014,11/28/2021
ACC434733218,726-09-9498,2,Pending Activation,1/12/2010,10/2/2016
ACC376419412,490-01-0382,78,Pending Activation,10/17/2017,8/2/2014
ACC661798763,253-65-6525,92,Active,6/8/2010,8/4/2012
ACC929694794,349-12-0495,78,Closed,11/6/2010,5/8/2013
ACC931412690,459-31-0706,39,Inactive,7/12/2016,7/20/2020
ACC494546748,569-56-0173,57,Restricted,2/6/2021,1/23/2011
ACC559852695,803-89-9048,58,Inactive,1/3/2020,9/10/2021
ACC415146577,446-58-0765,60,Suspended,1/21/2018,7/23/2015
ACC919079005,462-04-0827,68,Pending Activation,7/12/2020,4/30/2011
ACC508639639,511-63-3678,25,Suspended,10/14/2010,4/18/2015
ACC817688215,168-52-1435,96,Inactive,1/28/2021,11/30/2019
ACC320692092,159-54-8524,1,Suspended,1/26/2018,9/6/2018
ACC971310222,466-92-5767,54,Inactive,1/5/2014,7/30/2020
ACC117544250,511-66-9471,53,Active,2/19/2016,11/1/2020
ACC139864019,585-97-5767,99,Archived,1/17/2011,2/17/2017
ACC245686307,683-23-9060,68,Closed,5/20/2017,9/18/2013
ACC957141125,593-06-9806,82,On Hold,4/11/2017,5/19/2016
ACC340028978,853-48-5719,62,On Hold,2/8/2014,9/15/2021
ACC197718369,442-37-2126,37,On Hold,5/12/2014,6/10/2021
ACC070337411,821-30-6004,41,Suspended,9/3/2013,10/15/2020
ACC546065162,352-74-1010,27,Inactive,11/11/2011,4/10/2016
ACC561579178,215-28-8348,86,On Hold,3/30/2019,10/31/2014
ACC510205493,709-74-7875,51,Active,5/5/2010,6/7/2014
ACC123335911,842-64-0009,65,Inactive,10/16/2016,3/9/2012
ACC897364788,379-37-7126,80,Active,9/17/2020,5/16/2011
ACC143325099,584-74-5070,4,Active,11/11/2016,2/8/2020
ACC428435979,858-34-4318,2,On Hold,7/23/2016,2/10/2021
ACC877686606,350-22-2608,21,Dormant,6/19/2010,1/25/2016
ACC626435660,102-02-5320,76,Suspended,6/30/2018,11/8/2014
ACC651576734,884-11-7946,82,Restricted,10/8/2013,1/10/2012
ACC360472943,299-78-7188,59,Pending Activation,3/5/2011,2/26/2020
ACC230226393,688-26-2926,57,Pending Activation,1/28/2020,9/10/2016
ACC899667508,490-64-8020,65,Pending Activation,12/18/2019,11/17/2010
ACC929884225,274-87-7353,52,Archived,2/24/2021,5/18/2019
ACC043693258,244-24-5619,26,Closed,5/29/2010,5/19/2015
ACC995059774,337-86-3756,22,Archived,3/17/2014,8/17/2015
ACC553847219,620-80-1535,86,Active,2/28/2019,12/3/2011
ACC043505649,514-41-1595,28,Restricted,11/12/2011,6/14/2015
ACC367452836,646-24-6946,36,Dormant,7/11/2010,4/4/2011
ACC504879315,554-43-0861,73,Pending Activation,9/28/2015,8/7/2013
ACC938495238,811-79-7478,18,Archived,2/28/2012,9/25/2018
ACC421624674,268-99-3106,58,Dormant,2/6/2021,3/25/2010
ACC775233928,713-52-5086,19,Dormant,10/27/2012,8/24/2015
ACC311899845,202-82-6630,85,Closed,12/16/2012,8/7/2010
ACC094645696,126-23-8300,4,Archived,10/31/2010,4/25/2013
ACC892184799,623-10-8429,91,Pending Activation,11/26/2015,5/19/2016
ACC300100296,528-47-4959,62,Active,7/7/2017,12/5/2014
ACC276318376,877-42-0692,13,In Review,10/17/2020,9/21/2018
ACC474726600,503-37-0019,38,Archived,8/7/2017,9/7/2019
ACC195403311,386-35-2129,18,Restricted,5/29/2013,7/19/2010
ACC440599936,453-66-2725,74,Dormant,5/27/2016,11/2/2017
ACC049834565,387-84-4346,59,Closed,1/31/2020,10/18/2015
ACC310425787,674-10-7843,86,Archived,3/28/2014,3/29/2017
ACC873290112,811-22-6516,45,Pending Activation,3/15/2020,4/1/2016
ACC556234870,463-31-3614,59,Closed,2/24/2016,3/21/2010
ACC886582616,822-34-8592,25,On Hold,1/4/2012,7/20/2020
ACC831584126,232-36-4675,54,Suspended,9/20/2016,2/19/2021
ACC075674524,826-78-8664,22,Restricted,2/10/2021,1/15/2013
ACC170256926,432-40-6023,9,On Hold,1/29/2019,3/26/2020
ACC291486086,346-90-3521,31,In Review,2/26/2013,12/15/2013
ACC079367737,367-96-5225,61,Restricted,4/13/2019,8/1/2014
ACC000714800,170-13-4425,84,Pending Activation,5/22/2018,4/28/2012
ACC308554844,192-60-6314,95,Active,1/10/2015,6/28/2016
ACC729382629,275-13-7101,38,Inactive,6/11/2017,5/5/2020
ACC676288162,640-73-8121,19,Pending Activation,11/2/2018,9/26/2010
ACC499762104,340-42-1813,32,Archived,4/9/2017,3/13/2016
ACC062715992,404-63-3176,2,Dormant,8/11/2016,1/14/2021
ACC269753062,460-44-6568,63,Closed,2/19/2021,1/3/2011
ACC352681403,498-47-0662,30,Restricted,8/20/2015,12/25/2017
ACC456856422,691-17-3387,9,Dormant,9/17/2019,6/17/2018
ACC447145136,158-68-4850,9,Dormant,9/1/2020,6/1/2013
ACC998799339,721-97-8071,77,In Review,4/4/2021,10/11/2011
ACC173590667,569-98-8973,53,Archived,5/25/2012,6/29/2016
ACC399055576,886-25-5637,33,Pending Activation,8/11/2011,8/26/2015
ACC174124466,443-29-7883,47,Dormant,11/30/2013,12/2/2016
ACC159587383,784-73-3876,5,Closed,1/20/2019,2/4/2019
ACC425898971,577-94-4504,84,Archived,3/19/2016,6/27/2021
ACC083125344,652-70-9706,77,Closed,12/4/2019,12/14/2017
ACC489110263,572-52-6215,54,Restricted,6/8/2017,2/10/2015
ACC155707963,326-86-5376,23,On Hold,6/2/2020,2/2/2016
ACC422955005,296-57-4020,100,Suspended,10/31/2017,2/1/2021
ACC597820750,274-69-0069,94,Dormant,3/22/2010,3/19/2018
ACC826680636,505-40-2843,44,Restricted,8/9/2014,4/8/2017
ACC735862685,565-37-9253,30,Suspended,4/4/2015,7/23/2010
ACC917637206,382-06-6800,1,On Hold,9/26/2014,1/17/2014
ACC954704046,425-06-1757,17,Active,12/31/2015,2/28/2010
ACC780019307,793-09-2729,48,Pending Activation,5/20/2014,5/15/2012
ACC876910556,590-63-4215,42,Closed,12/1/2013,7/22/2015
ACC979794803,194-03-6170,99,Suspended,10/6/2020,3/5/2018
ACC768403835,408-40-5165,45,Active,8/20/2012,12/24/2013
ACC258933987,882-39-8683,17,In Review,8/24/2018,7/31/2012
ACC382101165,294-53-3385,47,In Review,5/9/2021,7/27/2021
ACC793473747,348-43-7882,10,Restricted,3/29/2010,1/15/2013
ACC032666444,124-66-0002,90,Pending Activation,9/29/2015,1/23/2018
ACC433687122,646-35-7884,27,Closed,7/19/2018,1/28/2021
ACC439422953,603-46-2641,35,Pending Activation,6/20/2011,1/15/2015
ACC191017986,423-25-7157,9,Archived,10/25/2017,2/22/2019
ACC359086427,412-38-7660,1,Inactive,8/23/2017,5/19/2019
ACC127607781,615-23-7295,51,Restricted,4/30/2020,6/2/2011
ACC717942603,711-45-0011,42,Restricted,10/1/2020,3/22/2011
ACC760396078,261-37-4176,24,Restricted,11/24/2017,3/7/2011
ACC035827340,786-23-4888,45,In Review,9/10/2019,6/10/2019
ACC820769385,145-72-3021,88,Restricted,7/12/2011,2/6/2015
ACC345266034,485-17-0690,15,In Review,2/26/2016,12/30/2012
ACC209665707,479-40-1044,100,Closed,8/15/2010,12/22/2015
ACC725368569,533-49-0335,33,Inactive,11/26/2021,3/19/2019
ACC677094196,185-83-8289,76,Active,9/3/2015,4/22/2014
ACC682846021,244-50-0147,40,In Review,6/18/2017,3/21/2013
ACC060952409,833-18-8082,34,In Review,7/21/2017,2/6/2016
ACC846495613,674-14-2833,49,On Hold,4/21/2020,6/10/2018
ACC845706971,626-05-4417,32,Suspended,6/30/2021,4/26/2015
ACC377522063,823-02-3274,3,Restricted,12/21/2021,2/5/2021
ACC528059875,153-27-3028,9,Archived,12/12/2014,6/13/2020
ACC300165590,101-17-5778,48,On Hold,5/22/2020,8/31/2021
ACC954238522,380-53-0116,76,In Review,2/26/2010,5/24/2014
ACC101362169,749-97-9210,39,Active,5/9/2017,5/6/2021
ACC602823868,207-49-3918,69,Suspended,7/30/2018,9/22/2011
ACC163588996,516-69-6549,54,Suspended,12/11/2017,4/2/2010
ACC859883788,290-21-1802,32,Active,9/14/2017,8/23/2016
ACC735000969,594-52-5038,66,Pending Activation,12/29/2012,1/18/2020
ACC730506584,365-46-5038,74,Dormant,11/8/2012,12/16/2014
ACC785894440,650-99-3263,28,Closed,6/24/2020,2/23/2013
ACC509988797,763-27-4967,23,Inactive,3/15/2012,2/19/2020
ACC534208913,473-85-3165,25,Restricted,12/7/2010,7/31/2019
ACC884518438,861-73-6141,13,In Review,3/1/2011,8/24/2015
ACC701247480,568-98-5600,53,Active,11/1/2012,12/12/2021
ACC407414674,206-77-8356,63,Active,8/15/2020,7/4/2011
ACC703759268,740-05-7610,98,Archived,11/19/2012,4/21/2019
ACC852545108,399-02-7593,61,Pending Activation,5/16/2013,7/13/2014
ACC409329817,205-47-8030,15,Inactive,4/9/2018,10/15/2013
ACC644361281,130-35-0848,69,Active,5/7/2019,8/22/2012
ACC356996576,564-07-3591,100,Suspended,9/19/2013,11/24/2016
ACC479139131,556-84-2140,23,Pending Activation,6/2/2016,5/20/2013
ACC014958833,747-56-5781,57,Suspended,1/14/2018,1/7/2010
ACC069765195,182-23-7911,48,Closed,6/22/2013,1/27/2019
ACC825780266,236-81-7093,47,Archived,4/22/2017,10/11/2010
ACC618348852,691-28-6559,95,On Hold,11/1/2018,2/23/2013
ACC772259586,634-27-8874,32,Restricted,3/11/2020,5/25/2011
ACC601080100,127-51-7648,25,Inactive,6/6/2021,7/14/2014
ACC729458927,764-90-5133,96,Inactive,4/3/2012,6/29/2013
ACC949118580,395-89-0632,91,In Review,6/11/2013,2/28/2013
ACC513185024,682-15-3715,21,Closed,12/23/2016,5/23/2012
ACC310050900,252-84-5848,38,In Review,12/22/2013,5/24/2015
ACC198481184,722-38-0563,60,On Hold,6/14/2011,1/10/2020
ACC581443739,601-93-8041,60,Inactive,6/17/2018,6/24/2019
ACC770782309,115-02-5084,75,In Review,2/22/2018,1/18/2019
ACC104518557,630-51-1682,95,On Hold,8/2/2013,6/29/2020
ACC752444143,598-76-7465,89,Pending Activation,4/19/2012,8/7/2021
ACC809001119,528-06-2090,50,Restricted,4/1/2018,4/27/2019
ACC730519358,126-86-4015,43,Pending Activation,1/15/2010,1/21/2013
ACC433181086,482-40-1690,55,Restricted,12/8/2021,6/11/2012
ACC518838344,821-41-5487,60,Inactive,5/28/2018,12/25/2015
ACC477651102,303-60-6369,89,Active,6/16/2012,12/22/2018
ACC818469123,378-87-1056,17,In Review,1/7/2021,11/30/2010
ACC253939500,435-10-4849,40,Pending Activation,8/28/2016,1/21/2020
ACC541788845,799-92-0196,42,Suspended,9/16/2019,7/27/2019
ACC094766712,364-56-0809,90,Dormant,5/18/2010,4/26/2021
ACC790868795,720-50-1776,11,Inactive,9/13/2017,9/21/2011
ACC949028153,292-80-3409,6,Dormant,12/28/2013,8/27/2014
ACC207180461,577-16-7220,80,Inactive,7/21/2017,11/22/2012
ACC541072012,609-75-7537,17,Suspended,2/2/2020,10/23/2017
ACC590019146,704-69-6753,3,Inactive,10/23/2020,4/12/2010
ACC211802179,438-12-4628,42,In Review,12/27/2020,9/18/2013
ACC824134961,313-32-6518,40,Active,8/25/2021,10/22/2013
ACC525329649,607-63-5940,35,Dormant,12/23/2011,8/8/2017
ACC761540588,707-61-9562,52,On Hold,11/1/2014,9/25/2021
ACC285950076,762-70-4472,86,In Review,3/3/2013,8/21/2013
ACC160807893,782-25-2140,98,Archived,10/10/2020,11/2/2011
ACC577530691,771-46-3757,68,In Review,9/21/2016,5/28/2018
ACC045098465,420-93-0043,60,Active,6/14/2014,8/14/2010
ACC897392842,731-43-8654,86,Closed,7/10/2020,2/9/2021
ACC004037675,399-40-1520,1,Suspended,6/19/2020,7/17/2012
ACC775007592,213-16-0758,12,Dormant,3/31/2016,6/15/2010
ACC468994374,130-44-9143,17,Suspended,12/28/2020,6/15/2020
ACC703636491,762-49-1943,58,In Review,8/4/2010,9/8/2012
ACC311775918,272-39-9059,79,Suspended,7/30/2020,7/24/2020
ACC898802928,618-65-3141,68,Pending Activation,5/25/2012,3/25/2015
ACC032198451,705-52-1530,79,Suspended,3/29/2014,9/2/2018
ACC020788437,751-51-9833,98,Closed,2/6/2019,5/2/2013
ACC466698223,775-99-5015,36,Dormant,9/3/2017,5/23/2021
