ContractNumber,ContractType,GroupNumber,EffectiveDate,ExpirationDate,RenewalDate,PolicyID,CustomerSSN
CNT-CDP-3373-296,Individual,GRP-540480,7/27/2020,7/27/2021,6/3/2022,CDP-CDCP-171336,379-80-0956
CNT-CDP-8306-266,Group,GRP-256679,3/25/2020,3/25/2021,12/9/2021,CDP-CHS-501036,794-64-4580
CNT-CDP-7741-528,Individual,GRP-939021,11/2/2020,11/2/2021,,CDP-RWP-867534,601-93-8041
CNT-CDP-5503-575,Group,GRP-308382,10/15/2020,10/15/2021,,CDP-NC-355709,552-78-2235
CNT-CDP-7801-112,Group,GRP-497059,7/1/2020,7/1/2021,,CDP-ADS-864979,126-24-4950
CNT-CDP-9947-797,Family,GRP-941748,11/28/2020,11/28/2021,11/5/2022,CDP-RCA-783875,240-62-7475
CNT-CDP-4430-615,Group,GRP-195687,6/23/2020,6/23/2021,11/19/2021,CDP-BJHP-038233,320-47-9640
CNT-CDP-2095-986,Family,GRP-252569,4/23/2020,4/23/2021,,CDP-CCC-228385,612-65-7466
CNT-CDP-5466-865,Family,GRP-223405,7/27/2020,7/27/2021,7/23/2022,CDP-CDCP-171336,603-33-7368
CNT-CDP-2244-709,Group,GRP-173844,4/21/2020,4/21/2021,,CDP-CHS-501036,882-29-5174
CNT-CDP-1381-269,Group,GRP-725611,12/16/2020,12/16/2021,1/18/2022,CDP-RWP-867534,116-08-6992
CNT-CDP-0620-685,Group,GRP-696468,2/29/2020,2/28/2021,,CDP-NC-355709,855-49-6195
CNT-CDP-8097-521,Family,GRP-600643,2/28/2020,2/27/2021,4/11/2021,CDP-ADS-864979,571-27-8259
CNT-CDP-8017-864,Family,GRP-736256,5/23/2020,5/23/2021,10/6/2021,CDP-RCA-783875,863-73-9525
CNT-CDP-3629-412,Group,GRP-929227,2/22/2020,2/21/2021,2/4/2022,CDP-BJHP-038233,638-84-9548
CNT-CDP-1167-031,Individual,GRP-906839,10/24/2020,10/24/2021,,CDP-CCC-228385,492-69-2793
CNT-CDP-4150-445,Individual,GRP-887092,9/13/2020,9/13/2021,,CDP-CDCP-171336,842-64-0009
CNT-CDP-1484-935,Individual,GRP-848847,6/8/2020,6/8/2021,9/22/2021,CDP-CHS-501036,832-63-4875
CNT-CDP-9510-554,Individual,GRP-670870,4/30/2020,4/30/2021,11/6/2021,CDP-RWP-867534,598-76-7465
CNT-CDP-5158-591,Group,GRP-176013,3/14/2020,3/14/2021,12/27/2021,CDP-NC-355709,658-45-2934
CNT-CDP-9804-486,Group,GRP-329455,4/23/2020,4/23/2021,9/1/2021,CDP-ADS-864979,532-85-3774
CNT-CDP-2190-830,Individual,GRP-046171,4/29/2020,4/29/2021,7/24/2021,CDP-RCA-783875,710-25-6604
CNT-CDP-9269-169,Family,GRP-764348,4/24/2020,4/24/2021,6/7/2021,CDP-BJHP-038233,384-12-1031
CNT-CDP-7338-180,Family,GRP-610183,6/19/2020,6/19/2021,3/21/2022,CDP-CCC-228385,397-81-5979
CNT-CDP-5655-658,Individual,GRP-509481,11/30/2020,11/30/2021,10/20/2022,CDP-CDCP-171336,514-41-1595
CNT-CDP-2425-737,Family,GRP-255725,6/22/2020,6/22/2021,1/6/2022,CDP-CHS-501036,176-29-9474
CNT-CDP-4465-001,Family,GRP-749386,6/22/2020,6/22/2021,,CDP-RWP-867534,316-66-0906
CNT-CDP-0574-136,Individual,GRP-572725,5/24/2020,5/24/2021,5/6/2022,CDP-NC-355709,593-06-9806
CNT-CDP-6040-860,Individual,GRP-904477,5/8/2020,5/8/2021,,CDP-ADS-864979,877-42-0692
CNT-CDP-2639-333,Group,GRP-568513,6/7/2020,6/7/2021,,CDP-RCA-783875,602-23-5126
CNT-CDP-6383-302,Group,GRP-724862,7/13/2020,7/13/2021,,CDP-BJHP-038233,334-55-7345
CNT-CDP-2133-221,Family,GRP-828745,6/4/2020,6/4/2021,9/2/2021,CDP-CCC-228385,572-52-6215
CNT-CDP-5684-031,Family,GRP-788363,7/10/2020,7/10/2021,11/2/2021,CDP-CDCP-171336,203-33-6926
CNT-CDP-1054-629,Group,GRP-477472,9/5/2020,9/5/2021,5/16/2022,CDP-CHS-501036,653-48-2778
CNT-CDP-6926-210,Family,GRP-136359,8/24/2020,8/24/2021,,CDP-RWP-867534,410-38-8800
CNT-CDP-2211-774,Individual,GRP-986490,7/26/2020,7/26/2021,12/20/2021,CDP-NC-355709,360-60-1633
CNT-CDP-8916-844,Group,GRP-645079,7/1/2020,7/1/2021,8/26/2021,CDP-ADS-864979,176-91-5939
CNT-CDP-4970-456,Family,GRP-016138,1/1/2020,12/31/2020,3/20/2021,CDP-RCA-783875,281-62-2599
CNT-CDP-7837-415,Group,GRP-347205,5/29/2020,5/29/2021,4/2/2022,CDP-BJHP-038233,276-34-3095
CNT-CDP-4870-659,Group,GRP-660597,6/13/2020,6/13/2021,1/20/2022,CDP-CCC-228385,559-35-0106
CNT-CDP-2919-841,Individual,GRP-714958,3/20/2020,3/20/2021,3/10/2022,CDP-CDCP-171336,803-46-9263
CNT-CDP-0133-799,Family,GRP-465348,10/3/2020,10/3/2021,10/22/2021,CDP-CHS-501036,367-96-5225
CNT-CDP-9721-612,Individual,GRP-955684,11/22/2020,11/22/2021,8/31/2022,CDP-RWP-867534,297-67-6147
CNT-CDP-5381-536,Family,GRP-714447,5/18/2020,5/18/2021,,CDP-NC-355709,785-80-4695
CNT-CDP-4233-970,Family,GRP-583565,3/17/2020,3/17/2021,,CDP-ADS-864979,839-73-6465
CNT-CDP-0826-776,Family,GRP-746544,5/16/2020,5/16/2021,,CDP-RCA-783875,584-74-5070
CNT-CDP-5655-546,Family,GRP-261306,7/5/2020,7/5/2021,,CDP-BJHP-038233,234-43-4033
CNT-CDP-2640-709,Individual,GRP-427685,3/15/2020,3/15/2021,8/5/2021,CDP-CCC-228385,743-99-0167
CNT-CDP-5960-330,Individual,GRP-982769,12/11/2020,12/11/2021,,CDP-CDCP-171336,595-98-7635
CNT-CDP-6907-674,Family,GRP-333019,8/15/2020,8/15/2021,,CDP-CHS-501036,339-35-4231
CNT-CDP-3830-130,Family,GRP-463239,2/29/2020,2/28/2021,,CDP-RWP-867534,648-58-2228
CNT-CDP-4893-951,Individual,GRP-497876,8/31/2020,8/31/2021,10/23/2021,CDP-NC-355709,202-17-8422
CNT-CDP-0192-106,Family,GRP-218055,1/26/2020,1/25/2021,,CDP-ADS-864979,386-35-2129
CNT-CDP-0435-057,Individual,GRP-764629,10/19/2020,10/19/2021,6/14/2022,CDP-RCA-783875,275-13-7101
CNT-CDP-3564-522,Group,GRP-731142,5/28/2020,5/28/2021,9/11/2021,CDP-BJHP-038233,395-89-0632
CNT-CDP-4726-769,Group,GRP-724674,10/19/2020,10/19/2021,6/7/2022,CDP-CCC-228385,309-64-6753
CNT-CDP-0498-818,Individual,GRP-047383,6/8/2020,6/8/2021,5/12/2022,CDP-CDCP-171336,288-69-8239
CNT-CDP-7896-678,Group,GRP-421560,3/7/2020,3/7/2021,,CDP-CHS-501036,349-62-6503
CNT-CDP-7552-534,Individual,GRP-569825,9/15/2020,9/15/2021,7/26/2022,CDP-RWP-867534,706-92-3972
CNT-CDP-4697-713,Group,GRP-350791,11/3/2020,11/3/2021,5/28/2022,CDP-NC-355709,821-33-0882
CNT-CDP-8624-324,Group,GRP-271910,4/25/2020,4/25/2021,,CDP-ADS-864979,640-73-8121
CNT-CDP-4908-175,Individual,GRP-129881,10/5/2020,10/5/2021,10/27/2021,CDP-RCA-783875,555-77-7098
CNT-CDP-9250-207,Individual,GRP-604483,10/5/2020,10/5/2021,2/25/2022,CDP-BJHP-038233,105-43-4308
CNT-CDP-6376-598,Group,GRP-914909,3/20/2020,3/20/2021,4/13/2021,CDP-CCC-228385,206-82-9014
CNT-CDP-8598-484,Individual,GRP-861983,6/2/2020,6/2/2021,,CDP-CDCP-171336,826-78-8664
CNT-CDP-0291-814,Family,GRP-850708,11/2/2020,11/2/2021,4/1/2022,CDP-CHS-501036,490-64-8020
CNT-CDP-7398-586,Group,GRP-366026,3/11/2020,3/11/2021,7/30/2021,CDP-RWP-867534,485-56-3024
CNT-CDP-0402-822,Family,GRP-343233,6/4/2020,6/4/2021,7/25/2021,CDP-NC-355709,758-26-9883
CNT-CDP-0393-666,Group,GRP-503891,5/13/2020,5/13/2021,,CDP-ADS-864979,402-80-4525
CNT-CDP-5102-868,Family,GRP-179656,9/21/2020,9/21/2021,6/8/2022,CDP-RCA-783875,421-25-3301
CNT-CDP-6396-007,Group,GRP-388520,2/14/2020,2/13/2021,12/25/2021,CDP-BJHP-038233,571-01-2642
CNT-CDP-5916-742,Individual,GRP-130733,7/12/2020,7/12/2021,1/26/2022,CDP-CCC-228385,400-21-1001
CNT-CDP-6364-449,Family,GRP-611995,12/27/2020,12/27/2021,,CDP-CDCP-171336,343-73-0877
CNT-CDP-6785-016,Individual,GRP-330868,6/28/2020,6/28/2021,6/10/2022,CDP-CHS-501036,720-50-1776
CNT-CDP-1975-973,Group,GRP-846305,2/28/2020,2/27/2021,7/23/2021,CDP-RWP-867534,569-98-8973
CNT-CDP-2048-565,Group,GRP-550620,8/16/2020,8/16/2021,,CDP-NC-355709,612-65-7466
CNT-CDP-3954-692,Family,GRP-212387,1/31/2020,1/30/2021,,CDP-ADS-864979,122-82-0920
CNT-CDP-0288-826,Family,GRP-150515,12/1/2020,12/1/2021,,CDP-RCA-783875,803-89-9048
CNT-CDP-8710-618,Individual,GRP-414491,4/11/2020,4/11/2021,1/3/2022,CDP-BJHP-038233,527-90-6987
CNT-CDP-3189-138,Family,GRP-813991,7/22/2020,7/22/2021,,CDP-CCC-228385,389-16-9961
CNT-CDP-6048-253,Family,GRP-298883,3/22/2020,3/22/2021,,CDP-CDCP-171336,598-47-0008
CNT-CDP-1945-250,Family,GRP-094670,9/4/2020,9/4/2021,,CDP-CHS-501036,200-03-6558
CNT-CDP-1835-451,Family,GRP-582100,7/20/2020,7/20/2021,6/21/2022,CDP-RWP-867534,404-02-1511
CNT-CDP-6461-353,Family,GRP-401844,2/22/2020,2/21/2021,4/12/2021,CDP-NC-355709,527-99-2794
CNT-CDP-4025-134,Family,GRP-843688,3/31/2020,3/31/2021,,CDP-ADS-864979,657-47-2248
CNT-CDP-4868-700,Group,GRP-924405,6/3/2020,6/3/2021,11/15/2021,CDP-RCA-783875,839-58-2834
CNT-CDP-2922-987,Individual,GRP-086523,10/12/2020,10/12/2021,,CDP-BJHP-038233,696-66-8047
CNT-CDP-1708-875,Group,GRP-464442,4/24/2020,4/24/2021,5/13/2021,CDP-CCC-228385,653-48-2778
CNT-CDP-1435-185,Family,GRP-242337,6/15/2020,6/15/2021,,CDP-CDCP-171336,659-84-4620
CNT-CDP-2610-339,Group,GRP-687760,4/25/2020,4/25/2021,,CDP-CHS-501036,399-02-7593
CNT-CDP-4112-553,Group,GRP-986036,3/17/2020,3/17/2021,4/6/2021,CDP-RWP-867534,839-73-6465
CNT-CDP-0376-223,Group,GRP-582664,11/15/2020,11/15/2021,8/26/2022,CDP-NC-355709,240-36-3667
CNT-CDP-1528-993,Group,GRP-148147,4/25/2020,4/25/2021,5/5/2021,CDP-ADS-864979,305-32-7126
CNT-CDP-1135-832,Group,GRP-830330,12/5/2020,12/5/2021,8/19/2022,CDP-RCA-783875,585-54-3079
CNT-CDP-3541-609,Family,GRP-335492,12/2/2020,12/2/2021,3/27/2022,CDP-BJHP-038233,814-90-5059
CNT-CDP-5615-634,Group,GRP-438306,4/16/2020,4/16/2021,11/19/2021,CDP-CCC-228385,395-52-7205
CNT-CDP-2923-354,Family,GRP-016185,11/20/2020,11/20/2021,7/24/2022,CDP-CDCP-171336,527-99-2794
CNT-CDP-3374-099,Individual,GRP-668988,10/31/2020,10/31/2021,2/11/2022,CDP-CHS-501036,438-17-9370
CNT-CDP-5068-733,Individual,GRP-525697,12/11/2020,12/11/2021,2/20/2022,CDP-RWP-867534,234-43-4033
CNT-CDP-7959-985,Group,GRP-300409,4/14/2020,4/14/2021,5/21/2021,CDP-NC-355709,159-60-4499
CNT-CDP-0206-644,Group,GRP-539082,5/14/2020,5/14/2021,5/18/2021,CDP-ADS-864979,429-65-7811
CNT-CDP-1642-014,Individual,GRP-403079,2/12/2020,2/11/2021,3/1/2021,CDP-RCA-783875,339-05-1707
CNT-CDP-7767-366,Individual,GRP-056360,7/12/2020,7/12/2021,7/8/2022,CDP-BJHP-038233,522-74-5310
CNT-CDP-4071-313,Group,GRP-689778,7/13/2020,7/13/2021,2/3/2022,CDP-CCC-228385,394-39-8605
CNT-CDP-1352-509,Family,GRP-702641,3/2/2020,3/2/2021,7/2/2021,CDP-CDCP-171336,239-46-5126
CNT-CDP-1271-220,Individual,GRP-448461,10/29/2020,10/29/2021,9/5/2022,CDP-CHS-501036,405-95-7014
CNT-CDP-5477-402,Individual,GRP-527355,9/21/2020,9/21/2021,,CDP-RWP-867534,332-50-8142
CNT-CDP-7978-668,Group,GRP-511319,2/3/2020,2/2/2021,5/11/2021,CDP-NC-355709,818-19-8936
CNT-CDP-4961-817,Family,GRP-109233,11/29/2020,11/29/2021,9/15/2022,CDP-ADS-864979,674-90-5210
CNT-CDP-8050-366,Family,GRP-804393,6/11/2020,6/11/2021,,CDP-RCA-783875,761-99-8936
CNT-CDP-6185-150,Group,GRP-353748,9/26/2020,9/26/2021,3/8/2022,CDP-BJHP-038233,235-15-1117
CNT-CDP-6655-090,Family,GRP-583593,4/6/2020,4/6/2021,7/26/2021,CDP-CCC-228385,537-76-4709
CNT-CDP-1642-307,Family,GRP-226542,4/24/2020,4/24/2021,,CDP-CDCP-171336,569-98-8973
CNT-CDP-4512-987,Family,GRP-516740,4/14/2020,4/14/2021,2/7/2022,CDP-CHS-501036,803-89-9048
CNT-CDP-3742-699,Family,GRP-533911,9/22/2020,9/22/2021,,CDP-RWP-867534,532-93-7617
CNT-CDP-8669-871,Group,GRP-095993,2/24/2020,2/23/2021,11/16/2021,CDP-NC-355709,754-98-7758
CNT-CDP-2212-507,Group,GRP-447035,9/15/2020,9/15/2021,7/30/2022,CDP-ADS-864979,607-63-5940
CNT-CDP-3509-463,Group,GRP-046079,7/14/2020,7/14/2021,,CDP-RCA-783875,675-06-9696
CNT-CDP-5083-233,Individual,GRP-821231,5/24/2020,5/24/2021,5/9/2022,CDP-BJHP-038233,432-40-6023
CNT-CDP-4771-659,Group,GRP-937046,9/26/2020,9/26/2021,,CDP-CCC-228385,355-88-3336
CNT-CDP-0965-714,Individual,GRP-509610,1/4/2020,1/3/2021,,CDP-CDCP-171336,675-38-5467
CNT-CDP-6776-498,Family,GRP-632115,9/16/2020,9/16/2021,,CDP-CHS-501036,794-04-1916
CNT-CDP-0300-151,Group,GRP-470288,7/1/2020,7/1/2021,2/5/2022,CDP-RWP-867534,618-65-3141
CNT-CDP-4710-088,Individual,GRP-985382,10/22/2020,10/22/2021,10/4/2022,CDP-NC-355709,145-72-3021
CNT-CDP-1106-486,Individual,GRP-249711,11/1/2020,11/1/2021,,CDP-ADS-864979,684-54-0608
CNT-CDP-9907-355,Individual,GRP-176636,5/23/2020,5/23/2021,11/13/2021,CDP-RCA-783875,516-04-6814
CNT-CDP-4085-411,Family,GRP-768257,3/4/2020,3/4/2021,5/12/2021,CDP-BJHP-038233,502-44-6250
CNT-CDP-2478-608,Group,GRP-579344,6/17/2020,6/17/2021,6/28/2021,CDP-CCC-228385,583-74-6686
CNT-CDP-8945-045,Family,GRP-298203,3/15/2020,3/15/2021,8/18/2021,CDP-CDCP-171336,194-32-2924
CNT-CDP-1152-783,Group,GRP-621584,11/29/2020,11/29/2021,11/23/2022,CDP-CHS-501036,891-27-9474
CNT-CDP-8711-127,Family,GRP-597506,8/14/2020,8/14/2021,6/17/2022,CDP-RWP-867534,483-11-4619
CNT-CDP-3821-674,Group,GRP-789330,8/19/2020,8/19/2021,8/7/2022,CDP-NC-355709,309-18-0710
CNT-CDP-1434-089,Group,GRP-807447,5/24/2020,5/24/2021,,CDP-ADS-864979,842-64-0009
CNT-CDP-0090-492,Family,GRP-076579,7/21/2020,7/21/2021,5/18/2022,CDP-RCA-783875,460-07-2521
CNT-CDP-9534-035,Individual,GRP-464883,1/13/2020,1/12/2021,6/20/2021,CDP-BJHP-038233,286-71-0755
CNT-CDP-2232-683,Group,GRP-434977,3/17/2020,3/17/2021,,CDP-CCC-228385,615-23-7295
CNT-CDP-2122-869,Individual,GRP-020924,6/2/2020,6/2/2021,,CDP-CDCP-171336,784-23-9227
CNT-CDP-0069-374,Individual,GRP-208608,7/17/2020,7/17/2021,4/11/2022,CDP-CHS-501036,253-85-8722
CNT-CDP-9006-328,Individual,GRP-895594,8/18/2020,8/18/2021,11/25/2021,CDP-RWP-867534,236-74-4042
CNT-CDP-1709-906,Group,GRP-067774,11/22/2020,11/22/2021,11/26/2021,CDP-NC-355709,348-05-7506
CNT-CDP-6853-799,Individual,GRP-914447,11/15/2020,11/15/2021,8/10/2022,CDP-ADS-864979,369-01-4000
CNT-CDP-4238-598,Individual,GRP-850383,1/10/2020,1/9/2021,,CDP-RCA-783875,646-41-5274
CNT-CDP-0887-483,Individual,GRP-377472,8/22/2020,8/22/2021,9/11/2021,CDP-BJHP-038233,571-27-8259
CNT-CDP-5005-153,Group,GRP-288015,8/18/2020,8/18/2021,,CDP-CCC-228385,497-94-2225
CNT-CDP-0152-682,Individual,GRP-357689,11/27/2020,11/27/2021,7/6/2022,CDP-CDCP-171336,399-02-7593
CNT-CDP-4954-947,Group,GRP-696424,7/5/2020,7/5/2021,1/4/2022,CDP-CHS-501036,682-15-3715
CNT-CDP-1824-562,Family,GRP-478060,4/5/2020,4/5/2021,8/2/2021,CDP-RWP-867534,191-15-6591
CNT-CDP-9688-417,Family,GRP-190989,8/2/2020,8/2/2021,10/16/2021,CDP-NC-355709,869-20-0883
CNT-CDP-6186-446,Individual,GRP-179118,5/15/2020,5/15/2021,3/31/2022,CDP-ADS-864979,395-52-7205
CNT-CDP-0883-374,Group,GRP-115317,5/21/2020,5/21/2021,6/22/2021,CDP-RCA-783875,804-60-1290
CNT-CDP-6703-032,Individual,GRP-913848,3/14/2020,3/14/2021,11/8/2021,CDP-BJHP-038233,611-49-6271
CNT-CDP-3341-975,Group,GRP-334866,9/16/2020,9/16/2021,,CDP-CCC-228385,888-60-2700
CNT-CDP-2588-283,Family,GRP-099470,8/25/2020,8/25/2021,,CDP-CDCP-171336,420-65-0039
CNT-CDP-2116-290,Individual,GRP-672275,12/28/2020,12/28/2021,12/20/2022,CDP-CHS-501036,523-82-8204
CNT-CDP-3750-460,Individual,GRP-452237,6/23/2020,6/23/2021,,CDP-RWP-867534,436-44-7581
CNT-CDP-6101-976,Individual,GRP-291228,3/20/2020,3/20/2021,,CDP-NC-355709,770-97-2845
CNT-CDP-7991-575,Family,GRP-367644,9/3/2020,9/3/2021,1/18/2022,CDP-ADS-864979,358-44-0561
CNT-CDP-1503-699,Family,GRP-545059,5/29/2020,5/29/2021,,CDP-RCA-783875,153-73-4832
CNT-CDP-1332-824,Group,GRP-723172,2/12/2020,2/11/2021,,CDP-BJHP-038233,261-11-1287
CNT-CDP-2934-125,Family,GRP-245780,7/11/2020,7/11/2021,12/14/2021,CDP-CCC-228385,523-80-3435
CNT-CDP-9973-106,Family,GRP-808274,7/10/2020,7/10/2021,8/15/2021,CDP-CDCP-171336,458-86-6572
CNT-CDP-8971-863,Individual,GRP-992253,12/5/2020,12/5/2021,5/14/2022,CDP-CHS-501036,297-67-6147
CNT-CDP-9461-087,Family,GRP-527385,6/30/2020,6/30/2021,,CDP-RWP-867534,410-82-3708
CNT-CDP-5224-503,Individual,GRP-877208,11/27/2020,11/27/2021,,CDP-NC-355709,429-21-6288
CNT-CDP-2586-072,Family,GRP-291342,9/21/2020,9/21/2021,4/8/2022,CDP-ADS-864979,836-04-2999
CNT-CDP-0453-769,Individual,GRP-251860,6/20/2020,6/20/2021,3/2/2022,CDP-RCA-783875,769-30-2685
CNT-CDP-8825-295,Family,GRP-153682,8/24/2020,8/24/2021,12/24/2021,CDP-BJHP-038233,794-04-1916
CNT-CDP-8743-030,Individual,GRP-211485,9/2/2020,9/2/2021,3/4/2022,CDP-CCC-228385,112-96-8059
CNT-CDP-8399-261,Family,GRP-313464,12/8/2020,12/8/2021,,CDP-CDCP-171336,420-93-0043
CNT-CDP-4246-537,Group,GRP-413618,4/23/2020,4/23/2021,,CDP-CHS-501036,443-29-7883
CNT-CDP-9203-822,Family,GRP-374621,12/22/2020,12/22/2021,4/22/2022,CDP-RWP-867534,622-30-1101
CNT-CDP-2268-140,Group,GRP-446199,4/2/2020,4/2/2021,6/9/2021,CDP-NC-355709,571-01-2642
CNT-CDP-5274-895,Family,GRP-190036,11/27/2020,11/27/2021,11/9/2022,CDP-ADS-864979,417-81-9390
CNT-CDP-4879-954,Family,GRP-618565,6/2/2020,6/2/2021,,CDP-RCA-783875,478-48-7443
CNT-CDP-0439-088,Group,GRP-603369,7/27/2020,7/27/2021,4/20/2022,CDP-BJHP-038233,483-35-2656
CNT-CDP-3309-004,Group,GRP-055843,10/30/2020,10/30/2021,5/3/2022,CDP-CCC-228385,727-05-3994
CNT-CDP-2535-634,Family,GRP-396322,12/7/2020,12/7/2021,9/2/2022,CDP-CDCP-171336,281-62-2599
CNT-CDP-6459-645,Individual,GRP-240420,4/10/2020,4/10/2021,3/28/2022,CDP-CHS-501036,292-80-3409
CNT-CDP-0155-591,Family,GRP-090930,12/2/2020,12/2/2021,,CDP-RWP-867534,691-17-3387
CNT-CDP-7985-097,Individual,GRP-955289,12/12/2020,12/12/2021,10/21/2022,CDP-NC-355709,429-65-7811
CNT-CDP-8511-813,Individual,GRP-398023,11/12/2020,11/12/2021,,CDP-ADS-864979,283-48-1886
CNT-CDP-1305-765,Individual,GRP-532275,8/2/2020,8/2/2021,2/2/2022,CDP-RCA-783875,521-61-8005
CNT-CDP-4523-793,Individual,GRP-913296,4/12/2020,4/12/2021,4/9/2022,CDP-BJHP-038233,667-87-5585
CNT-CDP-1201-052,Group,GRP-190968,12/18/2020,12/18/2021,6/20/2022,CDP-CCC-228385,815-75-7291
CNT-CDP-1231-632,Group,GRP-587976,10/14/2020,10/14/2021,5/3/2022,CDP-CDCP-171336,348-41-6467
CNT-CDP-1601-529,Group,GRP-120992,7/24/2020,7/24/2021,11/4/2021,CDP-CHS-501036,823-65-3803
CNT-CDP-4692-704,Family,GRP-350872,10/24/2020,10/24/2021,,CDP-RWP-867534,137-73-4935
CNT-CDP-4000-078,Individual,GRP-359978,11/29/2020,11/29/2021,,CDP-NC-355709,205-47-8030
CNT-CDP-4388-561,Individual,GRP-855356,11/14/2020,11/14/2021,4/27/2022,CDP-ADS-864979,772-58-7916
CNT-CDP-8617-798,Family,GRP-788185,11/11/2020,11/11/2021,4/7/2022,CDP-RCA-783875,444-30-5228
CNT-CDP-4443-151,Individual,GRP-389402,8/23/2020,8/23/2021,,CDP-BJHP-038233,810-21-7607
CNT-CDP-3737-853,Individual,GRP-641594,2/20/2020,2/19/2021,6/14/2021,CDP-CCC-228385,523-80-3435
CNT-CDP-5422-451,Family,GRP-735798,7/4/2020,7/4/2021,3/4/2022,CDP-CDCP-171336,242-74-5241
CNT-CDP-3895-588,Group,GRP-863237,11/22/2020,11/22/2021,,CDP-CHS-501036,364-43-2698
CNT-CDP-3314-074,Individual,GRP-139639,7/10/2020,7/10/2021,,CDP-RWP-867534,485-56-3024
CNT-CDP-7938-639,Group,GRP-306476,3/2/2020,3/2/2021,,CDP-NC-355709,307-44-4074
CNT-CDP-4429-498,Group,GRP-454081,2/8/2020,2/7/2021,,CDP-ADS-864979,671-27-4240
CNT-CDP-9110-684,Individual,GRP-956519,8/9/2020,8/9/2021,9/21/2021,CDP-RCA-783875,305-25-5939
CNT-CDP-1347-834,Family,GRP-998494,5/6/2020,5/6/2021,4/6/2022,CDP-BJHP-038233,696-66-8047
CNT-CDP-0545-748,Individual,GRP-895029,10/7/2020,10/7/2021,8/15/2022,CDP-CCC-228385,663-87-5520
CNT-CDP-4631-613,Family,GRP-707656,5/8/2020,5/8/2021,8/4/2021,CDP-CDCP-171336,408-40-5165
CNT-CDP-7487-651,Family,GRP-492463,3/25/2020,3/25/2021,,CDP-CHS-501036,307-13-0638
CNT-CDP-9812-999,Group,GRP-195919,3/13/2020,3/13/2021,12/16/2021,CDP-RWP-867534,757-73-4552
CNT-CDP-7619-646,Group,GRP-953908,12/28/2020,12/28/2021,3/1/2022,CDP-NC-355709,742-02-5983
CNT-CDP-5599-542,Group,GRP-706583,4/17/2020,4/17/2021,1/10/2022,CDP-ADS-864979,172-85-1067
CNT-CDP-4874-154,Family,GRP-125172,3/14/2020,3/14/2021,8/4/2021,CDP-RCA-783875,130-44-9143
CNT-CDP-9508-453,Individual,GRP-693619,5/28/2020,5/28/2021,3/18/2022,CDP-BJHP-038233,556-84-2140
CNT-CDP-1323-668,Group,GRP-895643,11/30/2020,11/30/2021,3/12/2022,CDP-CCC-228385,146-24-4332
CNT-CDP-9194-620,Individual,GRP-677094,10/12/2020,10/12/2021,2/23/2022,CDP-CDCP-171336,235-15-1117
CNT-CDP-1358-438,Group,GRP-166199,2/23/2020,2/22/2021,7/2/2021,CDP-CHS-501036,492-69-2793
CNT-CDP-9035-645,Family,GRP-138180,7/2/2020,7/2/2021,,CDP-RWP-867534,611-29-2776
CNT-CDP-3408-470,Individual,GRP-554005,2/16/2020,2/15/2021,5/25/2021,CDP-NC-355709,831-61-9528
CNT-CDP-1087-196,Individual,GRP-184905,7/8/2020,7/8/2021,7/18/2021,CDP-ADS-864979,726-09-9498
CNT-CDP-1533-827,Group,GRP-210547,7/7/2020,7/7/2021,9/11/2021,CDP-RCA-783875,159-80-8720
CNT-CDP-3633-103,Individual,GRP-453534,1/2/2020,1/1/2021,4/8/2021,CDP-BJHP-038233,767-53-8839
CNT-CDP-6380-002,Family,GRP-582283,7/17/2020,7/17/2021,10/4/2021,CDP-CCC-228385,382-44-9399
CNT-CDP-7568-735,Group,GRP-644100,2/10/2020,2/9/2021,5/15/2021,CDP-CDCP-171336,875-38-2089
CNT-CDP-9959-328,Group,GRP-589080,7/22/2020,7/22/2021,6/24/2022,CDP-CHS-501036,309-64-6753
CNT-CDP-3925-618,Family,GRP-701225,4/19/2020,4/19/2021,,CDP-RWP-867534,213-16-0758
CNT-CDP-1451-468,Family,GRP-129116,2/5/2020,2/4/2021,,CDP-NC-355709,472-69-9538
CNT-CDP-5492-471,Family,GRP-390496,4/19/2020,4/19/2021,3/3/2022,CDP-ADS-864979,549-08-3325
CNT-CDP-6274-187,Family,GRP-819589,1/8/2020,1/7/2021,8/17/2021,CDP-RCA-783875,397-69-2805
CNT-CDP-8572-047,Family,GRP-090172,5/31/2020,5/31/2021,11/18/2021,CDP-BJHP-038233,122-55-4301
CNT-CDP-2082-812,Group,GRP-915151,9/20/2020,9/20/2021,,CDP-CCC-228385,441-45-4434
CNT-CDP-5301-473,Individual,GRP-316610,9/30/2020,9/30/2021,5/9/2022,CDP-CDCP-171336,435-10-4849
CNT-CDP-7486-471,Group,GRP-332384,8/11/2020,8/11/2021,6/16/2022,CDP-CHS-501036,320-72-8082
CNT-CDP-4697-553,Individual,GRP-927891,5/1/2020,5/1/2021,8/16/2021,CDP-RWP-867534,748-18-5529
CNT-CDP-1024-207,Group,GRP-049014,5/20/2020,5/20/2021,5/26/2021,CDP-NC-355709,111-33-2433
CNT-CDP-4596-518,Group,GRP-246938,1/28/2020,1/27/2021,,CDP-ADS-864979,380-53-0116
CNT-CDP-6266-128,Family,GRP-976160,4/8/2020,4/8/2021,2/21/2022,CDP-RCA-783875,528-47-4959
CNT-CDP-8553-322,Family,GRP-954077,2/16/2020,2/15/2021,12/20/2021,CDP-BJHP-038233,836-04-2999
CNT-CDP-6674-730,Individual,GRP-761106,3/26/2020,3/26/2021,11/6/2021,CDP-CCC-228385,858-63-2762
CNT-CDP-6171-071,Individual,GRP-602308,1/13/2020,1/12/2021,,CDP-CDCP-171336,681-30-3780
CNT-CDP-2512-198,Group,GRP-032503,4/22/2020,4/22/2021,,CDP-CHS-501036,602-23-5126
CNT-CDP-7422-970,Group,GRP-580843,9/26/2020,9/26/2021,2/17/2022,CDP-RWP-867534,176-91-5939
CNT-CDP-2242-539,Family,GRP-305381,2/22/2020,2/21/2021,4/13/2021,CDP-NC-355709,110-86-9732
CNT-CDP-5503-541,Group,GRP-231422,9/14/2020,9/14/2021,12/17/2021,CDP-ADS-864979,842-33-0692
CNT-CDP-1388-251,Group,GRP-025853,11/24/2020,11/24/2021,,CDP-RCA-783875,518-58-6058
CNT-CDP-1688-834,Family,GRP-789731,10/23/2020,10/23/2021,,CDP-BJHP-038233,423-96-6886
CNT-CDP-6784-030,Individual,GRP-570289,10/4/2020,10/4/2021,6/11/2022,CDP-CCC-228385,505-12-3386
CNT-CDP-1336-550,Individual,GRP-036021,10/28/2020,10/28/2021,11/21/2021,CDP-CDCP-171336,261-37-4176
CNT-CDP-5550-244,Individual,GRP-923622,4/4/2020,4/4/2021,,CDP-CHS-501036,730-09-8648
CNT-CDP-2494-890,Family,GRP-241131,3/9/2020,3/9/2021,,CDP-RWP-867534,623-10-8429
CNT-CDP-0616-505,Group,GRP-493012,10/22/2020,10/22/2021,9/14/2022,CDP-NC-355709,863-28-4647
CNT-CDP-8578-432,Individual,GRP-795472,11/3/2020,11/3/2021,10/27/2022,CDP-ADS-864979,313-95-3567
CNT-CDP-4901-899,Family,GRP-554516,9/13/2020,9/13/2021,8/31/2022,CDP-RCA-783875,875-28-7154
CNT-CDP-9700-206,Group,GRP-208539,7/12/2020,7/12/2021,1/4/2022,CDP-BJHP-038233,760-55-5800
CNT-CDP-7858-277,Family,GRP-191770,4/26/2020,4/26/2021,12/30/2021,CDP-CCC-228385,600-97-2729
CNT-CDP-4118-325,Individual,GRP-093432,1/14/2020,1/13/2021,12/17/2021,CDP-CDCP-171336,726-71-9373
CNT-CDP-6834-795,Family,GRP-099457,5/6/2020,5/6/2021,8/28/2021,CDP-CHS-501036,160-40-0524
CNT-CDP-9868-292,Family,GRP-449485,6/18/2020,6/18/2021,4/1/2022,CDP-RWP-867534,338-59-2665
CNT-CDP-6141-785,Group,GRP-391396,6/22/2020,6/22/2021,3/18/2022,CDP-NC-355709,469-65-9333
CNT-CDP-9475-768,Group,GRP-707855,4/25/2020,4/25/2021,4/9/2022,CDP-ADS-864979,660-89-2485
CNT-CDP-2907-573,Individual,GRP-989182,9/7/2020,9/7/2021,,CDP-RCA-783875,430-57-8881
CNT-CDP-4832-606,Individual,GRP-478462,6/13/2020,6/13/2021,1/5/2022,CDP-BJHP-038233,160-36-8380
CNT-CDP-8555-060,Family,GRP-772165,4/20/2020,4/20/2021,1/14/2022,CDP-CCC-228385,118-89-3671
CNT-CDP-9492-940,Family,GRP-064340,8/9/2020,8/9/2021,,CDP-CDCP-171336,266-25-7957
CNT-CDP-2265-515,Family,GRP-603590,12/17/2020,12/17/2021,10/10/2022,CDP-CHS-501036,879-28-4768
CNT-CDP-4653-779,Group,GRP-728452,6/10/2020,6/10/2021,,CDP-RWP-867534,585-54-3079
CNT-CDP-7027-736,Group,GRP-376988,6/19/2020,6/19/2021,,CDP-NC-355709,603-46-2641
CNT-CDP-0045-043,Family,GRP-055521,10/22/2020,10/22/2021,8/20/2022,CDP-ADS-864979,358-44-0561
CNT-CDP-5160-561,Individual,GRP-667624,6/11/2020,6/11/2021,,CDP-RCA-783875,803-89-9048
CNT-CDP-3402-858,Group,GRP-399133,7/6/2020,7/6/2021,9/27/2021,CDP-BJHP-038233,343-73-0877
CNT-CDP-0196-684,Family,GRP-806808,12/23/2020,12/23/2021,,CDP-CCC-228385,565-68-9682
CNT-CDP-8620-279,Group,GRP-576022,5/1/2020,5/1/2021,12/9/2021,CDP-CDCP-171336,350-82-8206
CNT-CDP-8556-256,Group,GRP-457351,7/15/2020,7/15/2021,12/18/2021,CDP-CHS-501036,165-41-9536
CNT-CDP-5859-546,Individual,GRP-594710,7/7/2020,7/7/2021,4/28/2022,CDP-RWP-867534,531-95-5982
CNT-CDP-7006-280,Individual,GRP-359728,4/5/2020,4/5/2021,10/14/2021,CDP-NC-355709,793-39-8139
CNT-CDP-6859-791,Individual,GRP-578778,6/13/2020,6/13/2021,,CDP-ADS-864979,235-15-1117
CNT-CDP-8393-974,Family,GRP-174537,11/26/2020,11/26/2021,12/12/2021,CDP-RCA-783875,170-13-4425
CNT-CDP-6055-372,Group,GRP-569319,2/13/2020,2/12/2021,8/4/2021,CDP-BJHP-038233,423-64-3992
CNT-CDP-9670-435,Family,GRP-857391,8/20/2020,8/20/2021,10/18/2021,CDP-CCC-228385,369-81-1487
CNT-CDP-6055-378,Group,GRP-960668,4/21/2020,4/21/2021,,CDP-CDCP-171336,384-12-1031
CNT-CDP-9687-844,Individual,GRP-482182,11/2/2020,11/2/2021,1/15/2022,CDP-CHS-501036,755-42-1537
CNT-CDP-7461-885,Group,GRP-895668,8/18/2020,8/18/2021,,CDP-RWP-867534,330-89-0336
CNT-CDP-8383-950,Group,GRP-284909,1/1/2020,12/31/2020,2/4/2021,CDP-NC-355709,749-97-9210
CNT-CDP-1302-592,Group,GRP-297091,8/20/2020,8/20/2021,5/25/2022,CDP-ADS-864979,780-52-0025
CNT-CDP-9768-397,Individual,GRP-761336,5/25/2020,5/25/2021,6/26/2021,CDP-RCA-783875,205-47-8030
CNT-CDP-4219-166,Individual,GRP-551698,11/29/2020,11/29/2021,3/10/2022,CDP-BJHP-038233,440-33-5693
CNT-CDP-3385-096,Group,GRP-170981,5/8/2020,5/8/2021,8/10/2021,CDP-CCC-228385,411-70-3989
CNT-CDP-3936-853,Family,GRP-335244,8/11/2020,8/11/2021,,CDP-CDCP-171336,177-43-9176
CNT-CDP-5037-837,Group,GRP-922126,4/21/2020,4/21/2021,11/10/2021,CDP-CHS-501036,305-32-7126
CNT-CDP-0138-654,Group,GRP-313610,5/17/2020,5/17/2021,8/11/2021,CDP-RWP-867534,572-52-6215
CNT-CDP-6722-563,Group,GRP-517192,12/5/2020,12/5/2021,,CDP-NC-355709,144-57-2660
CNT-CDP-6342-332,Group,GRP-892557,9/7/2020,9/7/2021,5/14/2022,CDP-ADS-864979,578-71-8021
CNT-CDP-2683-741,Group,GRP-469515,8/3/2020,8/3/2021,6/11/2022,CDP-RCA-783875,306-27-1825
CNT-CDP-0489-321,Family,GRP-447818,3/9/2020,3/9/2021,,CDP-BJHP-038233,423-50-6409
CNT-CDP-6784-383,Group,GRP-195213,8/18/2020,8/18/2021,9/22/2021,CDP-CCC-228385,617-38-0166
CNT-CDP-6911-649,Individual,GRP-215936,5/27/2020,5/27/2021,,CDP-CDCP-171336,206-82-9014
CNT-CDP-9142-487,Family,GRP-064333,2/13/2020,2/12/2021,7/1/2021,CDP-CHS-501036,503-37-0019
CNT-CDP-9783-931,Individual,GRP-285364,2/2/2020,2/1/2021,,CDP-RWP-867534,101-47-5339
CNT-CDP-7206-838,Group,GRP-469208,7/11/2020,7/11/2021,,CDP-NC-355709,485-17-0690
CNT-CDP-1691-964,Individual,GRP-630786,4/17/2020,4/17/2021,,CDP-ADS-864979,381-63-5242
CNT-CDP-6491-686,Family,GRP-906157,7/14/2020,7/14/2021,,CDP-RCA-783875,508-77-1702
CNT-CDP-4981-274,Individual,GRP-609537,5/1/2020,5/1/2021,9/27/2021,CDP-BJHP-038233,832-63-4875
CNT-CDP-7386-126,Group,GRP-301334,2/19/2020,2/18/2021,8/25/2021,CDP-CCC-228385,204-89-0224
CNT-CDP-8309-891,Family,GRP-389742,8/13/2020,8/13/2021,12/7/2021,CDP-CDCP-171336,521-61-8005
CNT-CDP-1299-479,Individual,GRP-992572,12/9/2020,12/9/2021,,CDP-CHS-501036,576-22-8234
CNT-CDP-0745-264,Family,GRP-136682,5/19/2020,5/19/2021,11/7/2021,CDP-RWP-867534,823-30-1230
CNT-CDP-5910-468,Individual,GRP-487827,9/9/2020,9/9/2021,9/11/2021,CDP-NC-355709,313-95-3567
CNT-CDP-3182-970,Family,GRP-664031,1/18/2020,1/17/2021,7/22/2021,CDP-ADS-864979,281-62-2599
CNT-CDP-4580-978,Family,GRP-418734,10/22/2020,10/22/2021,8/29/2022,CDP-RCA-783875,479-25-3635
CNT-CDP-5608-302,Individual,GRP-751077,1/23/2020,1/22/2021,11/23/2021,CDP-BJHP-038233,453-66-2725
CNT-CDP-8194-783,Family,GRP-148782,6/30/2020,6/30/2021,12/23/2021,CDP-CCC-228385,268-43-0664
CNT-CDP-6217-509,Family,GRP-937832,6/2/2020,6/2/2021,,CDP-CDCP-171336,565-68-9682
CNT-CDP-4228-131,Individual,GRP-047457,8/6/2020,8/6/2021,6/28/2022,CDP-CHS-501036,108-98-3421
CNT-CDP-8370-550,Individual,GRP-651303,1/25/2020,1/24/2021,7/8/2021,CDP-RWP-867534,879-95-0564
CNT-CDP-7873-565,Individual,GRP-569144,3/20/2020,3/20/2021,5/17/2021,CDP-NC-355709,823-65-3803
CNT-CDP-6366-750,Group,GRP-409998,9/28/2020,9/28/2021,2/27/2022,CDP-ADS-864979,626-05-4417
CNT-CDP-1241-826,Group,GRP-485110,1/29/2020,1/28/2021,,CDP-RCA-783875,371-43-5754
CNT-CDP-4542-423,Family,GRP-407216,2/22/2020,2/21/2021,5/12/2021,CDP-BJHP-038233,696-66-8047
CNT-CDP-8865-006,Individual,GRP-565939,11/19/2020,11/19/2021,6/20/2022,CDP-CCC-228385,709-74-7875
CNT-CDP-1908-264,Group,GRP-089345,10/27/2020,10/27/2021,9/22/2022,CDP-CDCP-171336,111-33-2433
CNT-CDP-0466-712,Group,GRP-917558,7/3/2020,7/3/2021,8/4/2021,CDP-CHS-501036,692-55-4716
CNT-CDP-4921-307,Individual,GRP-220503,11/21/2020,11/21/2021,10/3/2022,CDP-RWP-867534,454-50-7352
CNT-CDP-0534-467,Individual,GRP-589493,4/19/2020,4/19/2021,,CDP-NC-355709,107-22-6715
CNT-CDP-3473-243,Family,GRP-351410,1/25/2020,1/24/2021,9/13/2021,CDP-ADS-864979,879-99-8554
CNT-CDP-0658-463,Group,GRP-325726,11/15/2020,11/15/2021,,CDP-RCA-783875,144-57-2660
CNT-CDP-0936-342,Group,GRP-939658,6/23/2020,6/23/2021,,CDP-BJHP-038233,469-47-1784
CNT-CDP-4659-484,Family,GRP-349079,9/27/2020,9/27/2021,,CDP-CCC-228385,708-83-3620
CNT-CDP-0683-875,Group,GRP-905746,1/10/2020,1/9/2021,,CDP-CDCP-171336,394-39-8605
CNT-CDP-8640-183,Family,GRP-822687,3/18/2020,3/18/2021,2/16/2022,CDP-CHS-501036,475-34-2789
CNT-CDP-6391-152,Family,GRP-324990,2/16/2020,2/15/2021,,CDP-RWP-867534,472-83-8236
CNT-CDP-1744-820,Group,GRP-351121,12/18/2020,12/18/2021,10/27/2022,CDP-NC-355709,232-36-4675
CNT-CDP-4421-061,Group,GRP-530883,11/15/2020,11/15/2021,3/8/2022,CDP-ADS-864979,335-04-6424
CNT-CDP-8758-934,Group,GRP-703501,9/25/2020,9/25/2021,12/12/2021,CDP-RCA-783875,302-41-8386
CNT-CDP-0320-788,Individual,GRP-525098,10/11/2020,10/11/2021,10/3/2022,CDP-BJHP-038233,691-17-3387
CNT-CDP-7756-274,Group,GRP-616921,6/27/2020,6/27/2021,7/6/2021,CDP-CCC-228385,742-02-5983
CNT-CDP-7401-540,Individual,GRP-034410,2/7/2020,2/6/2021,12/9/2021,CDP-CDCP-171336,545-54-0867
CNT-CDP-3251-625,Group,GRP-909821,6/11/2020,6/11/2021,8/23/2021,CDP-CHS-501036,413-10-2162
CNT-CDP-4833-012,Individual,GRP-410019,7/13/2020,7/13/2021,11/16/2021,CDP-RWP-867534,532-85-3774
CNT-CDP-6515-388,Group,GRP-550365,11/27/2020,11/27/2021,,CDP-NC-355709,492-69-2793
CNT-CDP-0764-907,Family,GRP-971443,10/8/2020,10/8/2021,9/4/2022,CDP-ADS-864979,168-94-1362
CNT-CDP-4691-864,Family,GRP-404832,8/10/2020,8/10/2021,7/9/2022,CDP-RCA-783875,577-44-6995
CNT-CDP-7269-106,Individual,GRP-068812,11/20/2020,11/20/2021,6/27/2022,CDP-BJHP-038233,234-75-7522
CNT-CDP-5184-234,Group,GRP-560114,2/20/2020,2/19/2021,,CDP-CCC-228385,564-07-3591
CNT-CDP-2089-762,Group,GRP-430096,5/13/2020,5/13/2021,7/12/2021,CDP-CDCP-171336,438-12-4628
CNT-CDP-5436-308,Individual,GRP-586611,10/27/2020,10/27/2021,11/1/2021,CDP-CHS-501036,419-12-1209
CNT-CDP-0212-945,Family,GRP-067814,3/8/2020,3/8/2021,12/18/2021,CDP-RWP-867534,410-01-6579
CNT-CDP-3707-775,Family,GRP-804746,6/1/2020,6/1/2021,11/30/2021,CDP-NC-355709,586-70-4628
CNT-CDP-5973-320,Group,GRP-420992,5/29/2020,5/29/2021,2/22/2022,CDP-ADS-864979,705-11-2944
CNT-CDP-8843-234,Family,GRP-219745,11/2/2020,11/2/2021,1/1/2022,CDP-RCA-783875,618-40-5613
CNT-CDP-6174-353,Individual,GRP-611464,12/26/2020,12/26/2021,6/24/2022,CDP-BJHP-038233,196-54-1574
CNT-CDP-0227-977,Individual,GRP-699352,10/27/2020,10/27/2021,,CDP-CCC-228385,309-64-6753
CNT-CDP-6916-808,Group,GRP-591810,8/16/2020,8/16/2021,10/14/2021,CDP-CDCP-171336,117-05-3734
CNT-CDP-9470-533,Group,GRP-803171,1/31/2020,1/30/2021,10/4/2021,CDP-CHS-501036,331-86-5929
CNT-CDP-5884-498,Individual,GRP-650296,4/13/2020,4/13/2021,8/31/2021,CDP-RWP-867534,814-90-5059
CNT-CDP-6944-916,Individual,GRP-227859,1/7/2020,1/6/2021,,CDP-NC-355709,371-43-5754
CNT-CDP-0958-779,Family,GRP-898425,9/12/2020,9/12/2021,2/15/2022,CDP-ADS-864979,335-22-1485
CNT-CDP-0939-082,Group,GRP-007307,6/25/2020,6/25/2021,10/7/2021,CDP-RCA-783875,863-73-9525
CNT-CDP-0364-861,Individual,GRP-486696,2/12/2020,2/11/2021,3/27/2021,CDP-BJHP-038233,745-84-4576
CNT-CDP-2255-039,Family,GRP-893079,5/11/2020,5/11/2021,6/1/2021,CDP-CCC-228385,204-89-0224
CNT-CDP-4472-033,Group,GRP-821748,11/7/2020,11/7/2021,9/15/2022,CDP-CDCP-171336,498-96-5310
CNT-CDP-1132-893,Group,GRP-190624,7/26/2020,7/26/2021,8/31/2021,CDP-CHS-501036,339-05-1707
CNT-CDP-4908-047,Family,GRP-001636,2/26/2020,2/25/2021,6/30/2021,CDP-RWP-867534,400-21-1001
CNT-CDP-8562-124,Individual,GRP-771031,2/1/2020,1/31/2021,5/20/2021,CDP-NC-355709,683-18-9050
CNT-CDP-1023-535,Group,GRP-663250,8/9/2020,8/9/2021,1/12/2022,CDP-ADS-864979,405-23-1770
CNT-CDP-7589-366,Family,GRP-998828,12/25/2020,12/25/2021,11/19/2022,CDP-RCA-783875,538-34-5682
CNT-CDP-7641-256,Group,GRP-990456,4/3/2020,4/3/2021,,CDP-BJHP-038233,611-81-3453
CNT-CDP-5327-190,Family,GRP-171297,5/28/2020,5/28/2021,,CDP-CCC-228385,842-64-0009
CNT-CDP-1547-355,Individual,GRP-949705,1/11/2020,1/10/2021,7/3/2021,CDP-CDCP-171336,145-72-3021
CNT-CDP-7174-379,Individual,GRP-469169,2/27/2020,2/26/2021,5/4/2021,CDP-CHS-501036,142-96-7706
CNT-CDP-8690-290,Individual,GRP-596901,9/8/2020,9/8/2021,2/16/2022,CDP-RWP-867534,158-68-4850
CNT-CDP-7343-257,Group,GRP-326984,3/1/2020,3/1/2021,8/9/2021,CDP-NC-355709,578-71-8021
CNT-CDP-9732-097,Individual,GRP-404841,2/29/2020,2/28/2021,,CDP-ADS-864979,235-15-1117
CNT-CDP-8267-434,Family,GRP-669344,9/26/2020,9/26/2021,3/31/2022,CDP-RCA-783875,859-16-4730
CNT-CDP-5210-397,Individual,GRP-592310,5/17/2020,5/17/2021,11/6/2021,CDP-BJHP-038233,290-21-1802
CNT-CDP-7404-978,Group,GRP-837407,4/13/2020,4/13/2021,9/16/2021,CDP-CCC-228385,641-01-2782
CNT-CDP-7212-177,Family,GRP-092726,2/17/2020,2/16/2021,10/6/2021,CDP-CDCP-171336,348-43-7882
CNT-CDP-5220-589,Group,GRP-960801,7/6/2020,7/6/2021,2/11/2022,CDP-CHS-501036,678-02-9516
CNT-CDP-2832-547,Group,GRP-637055,11/2/2020,11/2/2021,,CDP-RWP-867534,295-50-6362
CNT-CDP-3407-678,Family,GRP-498520,8/2/2020,8/2/2021,,CDP-NC-355709,366-67-0216
CNT-CDP-7928-952,Group,GRP-015197,2/28/2020,2/27/2021,10/14/2021,CDP-ADS-864979,444-86-0266
CNT-CDP-6475-694,Family,GRP-314374,8/13/2020,8/13/2021,,CDP-RCA-783875,107-22-6715
CNT-CDP-6240-985,Family,GRP-933797,1/29/2020,1/28/2021,12/16/2021,CDP-BJHP-038233,705-52-1530
CNT-CDP-6752-094,Family,GRP-032628,9/16/2020,9/16/2021,,CDP-CCC-228385,508-50-1790
CNT-CDP-3502-551,Family,GRP-800515,8/9/2020,8/9/2021,,CDP-CDCP-171336,788-15-9864
CNT-CDP-1564-232,Group,GRP-086154,8/30/2020,8/30/2021,9/27/2021,CDP-CHS-501036,891-27-9474
CNT-CDP-4967-777,Family,GRP-410456,5/1/2020,5/1/2021,,CDP-RWP-867534,417-81-9390
CNT-CDP-1652-944,Group,GRP-258650,9/15/2020,9/15/2021,10/26/2021,CDP-NC-355709,364-56-0809
CNT-CDP-4392-631,Family,GRP-500193,1/29/2020,1/28/2021,6/18/2021,CDP-ADS-864979,457-48-0419
CNT-CDP-3475-220,Group,GRP-051816,2/6/2020,2/5/2021,2/1/2022,CDP-RCA-783875,568-17-3551
CNT-CDP-0903-673,Family,GRP-640701,3/3/2020,3/3/2021,,CDP-BJHP-038233,252-84-5848
CNT-CDP-5075-745,Individual,GRP-572424,7/31/2020,7/31/2021,10/14/2021,CDP-CCC-228385,671-48-6104
CNT-CDP-2560-510,Individual,GRP-819956,12/3/2020,12/3/2021,4/22/2022,CDP-CDCP-171336,891-39-7247
CNT-CDP-0098-302,Family,GRP-833555,7/24/2020,7/24/2021,,CDP-CHS-501036,622-30-1101
CNT-CDP-3494-580,Group,GRP-062597,9/26/2020,9/26/2021,3/20/2022,CDP-RWP-867534,694-45-4388
CNT-CDP-1120-060,Individual,GRP-539931,8/2/2020,8/2/2021,,CDP-NC-355709,108-98-3421
CNT-CDP-2292-369,Individual,GRP-377578,7/20/2020,7/20/2021,9/15/2021,CDP-ADS-864979,822-34-8592
CNT-CDP-1598-945,Family,GRP-923672,3/10/2020,3/10/2021,10/2/2021,CDP-RCA-783875,194-03-6170
CNT-CDP-7717-377,Individual,GRP-413438,7/2/2020,7/2/2021,8/5/2021,CDP-BJHP-038233,772-58-7916
CNT-CDP-6256-322,Individual,GRP-219047,7/26/2020,7/26/2021,8/19/2021,CDP-CCC-228385,531-54-0436
CNT-CDP-6703-939,Individual,GRP-617410,5/16/2020,5/16/2021,,CDP-CDCP-171336,622-11-1615
CNT-CDP-2250-134,Individual,GRP-986656,11/29/2020,11/29/2021,4/9/2022,CDP-CHS-501036,446-41-6870
CNT-CDP-8449-566,Family,GRP-247124,1/10/2020,1/9/2021,5/29/2021,CDP-RWP-867534,148-52-8456
CNT-CDP-7307-339,Family,GRP-613451,8/30/2020,8/30/2021,12/10/2021,CDP-NC-355709,489-98-8589
CNT-CDP-2461-700,Group,GRP-323545,2/5/2020,2/4/2021,7/17/2021,CDP-ADS-864979,126-86-4015
CNT-CDP-3570-555,Family,GRP-769377,12/17/2020,12/17/2021,8/8/2022,CDP-RCA-783875,302-41-8386
CNT-CDP-8459-406,Family,GRP-499168,4/19/2020,4/19/2021,12/10/2021,CDP-BJHP-038233,143-46-2783
CNT-CDP-6654-149,Individual,GRP-424042,1/20/2020,1/19/2021,9/14/2021,CDP-CCC-228385,708-53-8002
CNT-CDP-8201-958,Group,GRP-416880,1/10/2020,1/9/2021,2/1/2021,CDP-CDCP-171336,177-43-9176
CNT-CDP-7444-147,Group,GRP-809876,4/8/2020,4/8/2021,,CDP-CHS-501036,623-10-8429
CNT-CDP-7379-495,Group,GRP-967361,5/2/2020,5/2/2021,,CDP-RWP-867534,683-23-9060
CNT-CDP-9677-708,Family,GRP-997085,10/30/2020,10/30/2021,,CDP-NC-355709,550-28-8283
CNT-CDP-4859-484,Family,GRP-494813,11/20/2020,11/20/2021,5/13/2022,CDP-ADS-864979,435-10-4849
CNT-CDP-6244-491,Individual,GRP-559658,3/12/2020,3/12/2021,,CDP-RCA-783875,544-08-8528
CNT-CDP-5803-851,Group,GRP-910611,7/3/2020,7/3/2021,8/8/2021,CDP-BJHP-038233,622-30-1101
CNT-CDP-2639-503,Group,GRP-726089,1/3/2020,1/2/2021,3/19/2021,CDP-CCC-228385,598-76-7465
CNT-CDP-2345-204,Family,GRP-904687,10/13/2020,10/13/2021,5/6/2022,CDP-CDCP-171336,775-99-5015
CNT-CDP-6371-507,Group,GRP-058628,10/13/2020,10/13/2021,9/17/2022,CDP-CHS-501036,379-37-7126
CNT-CDP-6612-374,Family,GRP-001867,5/14/2020,5/14/2021,9/28/2021,CDP-RWP-867534,469-65-9333
CNT-CDP-5039-924,Individual,GRP-215854,1/26/2020,1/25/2021,4/25/2021,CDP-NC-355709,107-22-6715
CNT-CDP-0165-816,Individual,GRP-308287,1/26/2020,1/25/2021,2/2/2021,CDP-ADS-864979,159-80-8720
CNT-CDP-7299-158,Family,GRP-299532,12/28/2020,12/28/2021,,CDP-RCA-783875,281-62-2599
CNT-CDP-5138-432,Individual,GRP-982099,11/14/2020,11/14/2021,10/2/2022,CDP-BJHP-038233,485-17-0690
CNT-CDP-8023-432,Individual,GRP-208128,11/9/2020,11/9/2021,11/28/2021,CDP-CCC-228385,749-97-9210
CNT-CDP-7570-004,Family,GRP-436434,3/31/2020,3/31/2021,5/9/2021,CDP-CDCP-171336,333-94-4387
CNT-CDP-3470-453,Group,GRP-641545,9/9/2020,9/9/2021,,CDP-CHS-501036,640-73-8121
CNT-CDP-3210-969,Individual,GRP-176997,12/5/2020,12/5/2021,,CDP-RWP-867534,611-49-6271
CNT-CDP-2460-019,Individual,GRP-095919,2/19/2020,2/18/2021,9/29/2021,CDP-NC-355709,397-69-2805
CNT-CDP-5379-381,Family,GRP-552043,3/21/2020,3/21/2021,2/9/2022,CDP-ADS-864979,339-05-1707
CNT-CDP-9562-404,Group,GRP-506865,2/18/2020,2/17/2021,,CDP-RCA-783875,309-18-0710
CNT-CDP-0012-149,Individual,GRP-876927,10/15/2020,10/15/2021,11/4/2021,CDP-BJHP-038233,157-96-5213
CNT-CDP-2950-681,Group,GRP-130624,11/10/2020,11/10/2021,6/19/2022,CDP-CCC-228385,335-04-6424
CNT-CDP-5622-270,Group,GRP-758545,8/8/2020,8/8/2021,8/31/2021,CDP-CDCP-171336,793-39-8139
CNT-CDP-5277-908,Group,GRP-614374,6/21/2020,6/21/2021,2/23/2022,CDP-CHS-501036,571-01-2642
CNT-CDP-0583-756,Group,GRP-177487,2/27/2020,2/26/2021,8/16/2021,CDP-RWP-867534,598-47-0008
CNT-CDP-9208-549,Family,GRP-306387,10/1/2020,10/1/2021,6/25/2022,CDP-NC-355709,309-54-2863
CNT-CDP-1384-365,Individual,GRP-906355,2/3/2020,2/2/2021,2/26/2021,CDP-ADS-864979,341-22-7806
CNT-CDP-7520-153,Individual,GRP-540600,3/25/2020,3/25/2021,,CDP-RCA-783875,130-35-0848
CNT-CDP-2664-430,Individual,GRP-121353,6/28/2020,6/28/2021,,CDP-BJHP-038233,505-40-2843
CNT-CDP-7969-902,Family,GRP-856653,8/1/2020,8/1/2021,,CDP-CCC-228385,589-94-4692
CNT-CDP-4716-686,Group,GRP-476151,1/5/2020,1/4/2021,8/10/2021,CDP-CDCP-171336,350-82-8206
CNT-CDP-9251-365,Group,GRP-235191,12/7/2020,12/7/2021,1/30/2022,CDP-CHS-501036,576-22-8234
CNT-CDP-0735-160,Group,GRP-129788,7/3/2020,7/3/2021,11/16/2021,CDP-RWP-867534,247-30-6618
CNT-CDP-9193-513,Individual,GRP-687447,11/16/2020,11/16/2021,4/30/2022,CDP-NC-355709,291-23-3142
CNT-CDP-9548-714,Group,GRP-288836,7/17/2020,7/17/2021,3/21/2022,CDP-ADS-864979,855-49-6195
CNT-CDP-4355-213,Family,GRP-367251,1/5/2020,1/4/2021,1/4/2022,CDP-RCA-783875,472-69-9538
CNT-CDP-5883-370,Individual,GRP-802822,10/24/2020,10/24/2021,,CDP-BJHP-038233,459-31-0706
CNT-CDP-7633-031,Group,GRP-989255,9/24/2020,9/24/2021,,CDP-CCC-228385,879-95-0564
CNT-CDP-4298-194,Family,GRP-469258,3/22/2020,3/22/2021,6/18/2021,CDP-CDCP-171336,653-48-2778
CNT-CDP-8860-145,Family,GRP-321137,5/29/2020,5/29/2021,9/23/2021,CDP-CHS-501036,142-83-9613
CNT-CDP-6359-891,Family,GRP-718090,12/5/2020,12/5/2021,12/27/2021,CDP-RWP-867534,268-99-3106
CNT-CDP-5491-579,Individual,GRP-308720,7/23/2020,7/23/2021,4/11/2022,CDP-NC-355709,729-52-4503
CNT-CDP-7846-837,Group,GRP-115415,6/4/2020,6/4/2021,1/17/2022,CDP-ADS-864979,779-38-6747
CNT-CDP-0043-128,Family,GRP-066939,4/25/2020,4/25/2021,6/1/2021,CDP-RCA-783875,369-81-1487
CNT-CDP-1752-610,Group,GRP-101538,11/3/2020,11/3/2021,,CDP-BJHP-038233,205-22-8990
CNT-CDP-4838-473,Individual,GRP-512742,1/21/2020,1/20/2021,7/27/2021,CDP-CCC-228385,268-49-2117
CNT-CDP-6362-620,Group,GRP-271483,1/8/2020,1/7/2021,,CDP-CDCP-171336,572-26-6323
CNT-CDP-6472-018,Group,GRP-289281,10/2/2020,10/2/2021,11/3/2021,CDP-CHS-501036,454-59-9255
CNT-CDP-3649-607,Individual,GRP-245587,8/3/2020,8/3/2021,9/16/2021,CDP-RWP-867534,276-40-7872
CNT-CDP-8741-560,Group,GRP-374279,10/24/2020,10/24/2021,12/5/2021,CDP-NC-355709,811-79-7478
CNT-CDP-8452-467,Family,GRP-499054,10/25/2020,10/25/2021,12/20/2021,CDP-ADS-864979,572-54-4752
CNT-CDP-4814-607,Individual,GRP-382183,3/25/2020,3/25/2021,4/13/2021,CDP-RCA-783875,197-07-9496
CNT-CDP-0530-984,Family,GRP-046257,3/25/2020,3/25/2021,,CDP-BJHP-038233,762-49-1943
CNT-CDP-7016-102,Individual,GRP-389332,3/29/2020,3/29/2021,11/23/2021,CDP-CCC-228385,425-88-7594
CNT-CDP-6403-634,Individual,GRP-908984,4/3/2020,4/3/2021,3/14/2022,CDP-CDCP-171336,584-74-5070
CNT-CDP-8550-485,Individual,GRP-647105,10/10/2020,10/10/2021,2/8/2022,CDP-CHS-501036,774-26-8823
CNT-CDP-3236-919,Individual,GRP-719658,6/4/2020,6/4/2021,,CDP-RWP-867534,462-50-5376
CNT-CDP-0166-217,Group,GRP-096771,10/13/2020,10/13/2021,7/21/2022,CDP-NC-355709,469-47-1784
CNT-CDP-4618-585,Group,GRP-499571,8/2/2020,8/2/2021,,CDP-ADS-864979,133-87-1780
CNT-CDP-3283-313,Group,GRP-660024,2/17/2020,2/16/2021,8/27/2021,CDP-RCA-783875,361-44-1301
CNT-CDP-5374-530,Individual,GRP-751064,8/22/2020,8/22/2021,3/23/2022,CDP-BJHP-038233,734-17-0352
CNT-CDP-3226-308,Group,GRP-490101,3/3/2020,3/3/2021,3/4/2021,CDP-CCC-228385,422-22-6500
CNT-CDP-5956-156,Group,GRP-400785,4/23/2020,4/23/2021,11/21/2021,CDP-CDCP-171336,260-91-8767
CNT-CDP-1681-460,Group,GRP-959386,2/24/2020,2/23/2021,9/12/2021,CDP-CHS-501036,484-11-7643
CNT-CDP-3513-651,Group,GRP-220082,10/9/2020,10/9/2021,8/1/2022,CDP-RWP-867534,863-73-9525
CNT-CDP-0048-189,Group,GRP-220556,1/11/2020,1/10/2021,2/11/2021,CDP-NC-355709,565-71-6887
CNT-CDP-7129-001,Group,GRP-625908,11/25/2020,11/25/2021,12/21/2021,CDP-ADS-864979,200-03-6558
CNT-CDP-0025-074,Individual,GRP-312368,1/1/2020,12/31/2020,,CDP-RCA-783875,646-35-7884
CNT-CDP-4226-906,Individual,GRP-763222,12/29/2020,12/29/2021,4/18/2022,CDP-BJHP-038233,660-89-2485
CNT-CDP-4794-011,Individual,GRP-312517,12/25/2020,12/25/2021,3/20/2022,CDP-CCC-228385,105-24-5963
CNT-CDP-3138-200,Family,GRP-597990,12/23/2020,12/23/2021,8/3/2022,CDP-CDCP-171336,268-43-0664
CNT-CDP-3261-885,Family,GRP-344650,4/23/2020,4/23/2021,9/23/2021,CDP-CHS-501036,404-02-1511
CNT-CDP-8773-843,Group,GRP-843752,8/26/2020,8/26/2021,4/24/2022,CDP-RWP-867534,444-86-0266
CNT-CDP-0703-703,Individual,GRP-880208,3/22/2020,3/22/2021,,CDP-NC-355709,485-17-0690
CNT-CDP-7695-110,Group,GRP-148488,2/27/2020,2/26/2021,4/17/2021,CDP-ADS-864979,886-25-5637
CNT-CDP-2794-924,Family,GRP-372232,9/26/2020,9/26/2021,,CDP-RCA-783875,527-94-7787
CNT-CDP-4697-407,Individual,GRP-989404,1/21/2020,1/20/2021,9/18/2021,CDP-BJHP-038233,828-78-2030
CNT-CDP-8278-068,Family,GRP-308120,10/8/2020,10/8/2021,2/10/2022,CDP-CCC-228385,295-50-6362
CNT-CDP-7848-670,Individual,GRP-736517,4/17/2020,4/17/2021,10/27/2021,CDP-CDCP-171336,122-55-4301
CNT-CDP-4885-368,Group,GRP-658588,4/22/2020,4/22/2021,11/21/2021,CDP-CHS-501036,522-74-3333
CNT-CDP-0705-782,Family,GRP-712238,9/27/2020,9/27/2021,,CDP-RWP-867534,379-37-7126
CNT-CDP-2085-309,Group,GRP-480368,5/18/2020,5/18/2021,,CDP-NC-355709,525-43-4710
CNT-CDP-3835-236,Group,GRP-066958,2/23/2020,2/22/2021,,CDP-ADS-864979,107-43-5220
CNT-CDP-9071-527,Group,GRP-386601,1/8/2020,1/7/2021,7/31/2021,CDP-RCA-783875,410-01-6579
CNT-CDP-8176-312,Family,GRP-066554,1/31/2020,1/30/2021,10/4/2021,CDP-BJHP-038233,718-24-9799
CNT-CDP-6356-443,Individual,GRP-758641,9/12/2020,9/12/2021,9/13/2021,CDP-CCC-228385,647-12-9070
CNT-CDP-1303-991,Group,GRP-961302,10/24/2020,10/24/2021,3/6/2022,CDP-CDCP-171336,409-48-5094
CNT-CDP-5770-589,Individual,GRP-357245,11/2/2020,11/2/2021,,CDP-CHS-501036,674-28-9722
CNT-CDP-8758-759,Family,GRP-509451,2/28/2020,2/27/2021,8/16/2021,CDP-RWP-867534,502-99-6386
CNT-CDP-7169-983,Group,GRP-740810,8/4/2020,8/4/2021,,CDP-NC-355709,718-09-6017
CNT-CDP-3592-132,Individual,GRP-749032,3/22/2020,3/22/2021,2/7/2022,CDP-ADS-864979,852-44-3113
CNT-CDP-4635-159,Family,GRP-818032,11/8/2020,11/8/2021,8/8/2022,CDP-RCA-783875,213-46-0575
CNT-CDP-0695-142,Group,GRP-643256,9/29/2020,9/29/2021,10/18/2021,CDP-BJHP-038233,283-48-1886
CNT-CDP-6628-502,Family,GRP-431260,7/3/2020,7/3/2021,,CDP-CCC-228385,648-86-4577
CNT-CDP-0445-531,Family,GRP-280659,9/22/2020,9/22/2021,8/15/2022,CDP-CDCP-171336,294-24-2455
CNT-CDP-3103-701,Family,GRP-971699,10/12/2020,10/12/2021,10/11/2022,CDP-CHS-501036,343-73-0877
CNT-CDP-6440-083,Family,GRP-819336,3/3/2020,3/3/2021,2/23/2022,CDP-RWP-867534,371-43-5754
CNT-CDP-8889-788,Individual,GRP-712640,3/7/2020,3/7/2021,6/25/2021,CDP-NC-355709,702-29-5126
CNT-CDP-9199-884,Group,GRP-020948,6/19/2020,6/19/2021,,CDP-ADS-864979,430-57-8881
CNT-CDP-7225-678,Individual,GRP-290720,3/6/2020,3/6/2021,7/7/2021,CDP-RCA-783875,255-68-1656
CNT-CDP-1854-163,Family,GRP-694400,6/26/2020,6/26/2021,,CDP-BJHP-038233,649-18-0971
CNT-CDP-9453-431,Individual,GRP-164470,11/24/2020,11/24/2021,2/22/2022,CDP-CCC-228385,522-74-3333
CNT-CDP-9142-986,Individual,GRP-460585,7/16/2020,7/16/2021,6/3/2022,CDP-CDCP-171336,700-90-8678
CNT-CDP-0696-193,Group,GRP-497923,7/5/2020,7/5/2021,9/16/2021,CDP-CHS-501036,843-68-8025
CNT-CDP-4785-095,Group,GRP-880396,4/24/2020,4/24/2021,11/5/2021,CDP-RWP-867534,329-77-4299
CNT-CDP-1691-543,Family,GRP-098580,6/25/2020,6/25/2021,,CDP-NC-355709,526-47-3815
CNT-CDP-7755-654,Group,GRP-663695,9/12/2020,9/12/2021,7/29/2022,CDP-ADS-864979,640-73-8121
CNT-CDP-2948-417,Group,GRP-647589,12/12/2020,12/12/2021,,CDP-RCA-783875,366-76-1690
CNT-CDP-6726-517,Individual,GRP-698684,3/4/2020,3/4/2021,,CDP-BJHP-038233,886-42-9408
CNT-CDP-1686-344,Individual,GRP-877658,4/17/2020,4/17/2021,3/18/2022,CDP-CCC-228385,637-28-8897
CNT-CDP-0952-359,Family,GRP-008237,7/21/2020,7/21/2021,10/21/2021,CDP-CDCP-171336,609-97-8630
CNT-CDP-9810-437,Group,GRP-423812,2/24/2020,2/23/2021,9/26/2021,CDP-CHS-501036,395-52-7205
CNT-CDP-8648-617,Individual,GRP-004121,5/17/2020,5/17/2021,4/6/2022,CDP-RWP-867534,281-81-1398
CNT-CDP-8627-277,Family,GRP-977437,11/11/2020,11/11/2021,,CDP-NC-355709,295-17-0041
CNT-CDP-1266-207,Family,GRP-815246,1/23/2020,1/22/2021,4/21/2021,CDP-ADS-864979,817-05-6507
CNT-CDP-8613-486,Group,GRP-116593,1/8/2020,1/7/2021,3/18/2021,CDP-RCA-783875,204-84-2965
CNT-CDP-7084-441,Family,GRP-607135,7/22/2020,7/22/2021,12/31/2021,CDP-BJHP-038233,175-29-0870
CNT-CDP-2225-044,Individual,GRP-401859,7/24/2020,7/24/2021,,CDP-CCC-228385,296-57-4020
CNT-CDP-5220-091,Individual,GRP-558990,10/18/2020,10/18/2021,9/20/2022,CDP-CDCP-171336,639-59-5909
CNT-CDP-6784-885,Individual,GRP-625997,12/2/2020,12/2/2021,5/1/2022,CDP-CHS-501036,126-23-8300
CNT-CDP-8795-526,Family,GRP-461720,6/22/2020,6/22/2021,12/22/2021,CDP-RWP-867534,472-83-8236
CNT-CDP-4297-856,Family,GRP-501314,12/6/2020,12/6/2021,3/26/2022,CDP-NC-355709,559-35-0106
CNT-CDP-2183-000,Group,GRP-049597,8/29/2020,8/29/2021,,CDP-ADS-864979,106-91-3893
CNT-CDP-7146-925,Group,GRP-169351,7/5/2020,7/5/2021,4/1/2022,CDP-RCA-783875,117-05-3734
CNT-CDP-6430-594,Group,GRP-819044,7/9/2020,7/9/2021,1/11/2022,CDP-BJHP-038233,161-27-2102
CNT-CDP-5583-933,Group,GRP-996652,3/14/2020,3/14/2021,,CDP-CCC-228385,757-43-9631
CNT-CDP-2519-036,Individual,GRP-849949,12/21/2020,12/21/2021,5/13/2022,CDP-CDCP-171336,872-18-5511
CNT-CDP-4259-735,Individual,GRP-696947,11/11/2020,11/11/2021,,CDP-CHS-501036,411-05-1333
CNT-CDP-2283-636,Group,GRP-090680,1/27/2020,1/26/2021,8/6/2021,CDP-RWP-867534,469-18-8371
CNT-CDP-7820-783,Individual,GRP-996009,6/12/2020,6/12/2021,3/12/2022,CDP-NC-355709,678-24-3779
CNT-CDP-0296-158,Group,GRP-289926,2/24/2020,2/23/2021,10/5/2021,CDP-ADS-864979,838-61-7505
CNT-CDP-9120-282,Family,GRP-905364,7/17/2020,7/17/2021,7/22/2021,CDP-RCA-783875,379-80-0956
CNT-CDP-8976-574,Family,GRP-736623,5/25/2020,5/25/2021,,CDP-BJHP-038233,458-86-6572
CNT-CDP-1686-121,Family,GRP-083407,11/14/2020,11/14/2021,1/19/2022,CDP-CCC-228385,743-99-0167
CNT-CDP-6094-001,Individual,GRP-894261,6/26/2020,6/26/2021,5/7/2022,CDP-CDCP-171336,182-79-4944
CNT-CDP-5856-605,Family,GRP-866617,4/30/2020,4/30/2021,3/12/2022,CDP-CHS-501036,347-63-3246
CNT-CDP-0408-502,Group,GRP-575111,2/18/2020,2/17/2021,6/3/2021,CDP-RWP-867534,432-40-6023
CNT-CDP-6145-479,Family,GRP-141218,12/5/2020,12/5/2021,5/10/2022,CDP-NC-355709,885-28-7203
CNT-CDP-9285-805,Family,GRP-904390,10/9/2020,10/9/2021,8/31/2022,CDP-ADS-864979,423-25-7157
CNT-CDP-3461-691,Family,GRP-909598,4/5/2020,4/5/2021,3/31/2022,CDP-RCA-783875,358-44-0561
CNT-CDP-6814-078,Group,GRP-682507,12/26/2020,12/26/2021,6/4/2022,CDP-BJHP-038233,154-64-8431
CNT-CDP-6407-252,Individual,GRP-682264,2/3/2020,2/2/2021,12/2/2021,CDP-CCC-228385,794-04-1916
CNT-CDP-1423-688,Group,GRP-748968,8/5/2020,8/5/2021,10/24/2021,CDP-CDCP-171336,128-62-7754
CNT-CDP-3503-303,Individual,GRP-979147,9/2/2020,9/2/2021,12/20/2021,CDP-CHS-501036,589-94-4692
CNT-CDP-2140-742,Individual,GRP-459615,6/25/2020,6/25/2021,,CDP-RWP-867534,787-25-1617
CNT-CDP-6281-979,Group,GRP-819584,9/13/2020,9/13/2021,,CDP-NC-355709,571-27-8259
CNT-CDP-4854-921,Family,GRP-483804,2/12/2020,2/11/2021,7/25/2021,CDP-ADS-864979,176-86-3412
CNT-CDP-6641-080,Family,GRP-541020,6/8/2020,6/8/2021,,CDP-RCA-783875,505-12-3386
CNT-CDP-9721-992,Individual,GRP-292703,7/27/2020,7/27/2021,,CDP-BJHP-038233,320-72-8082
CNT-CDP-3520-881,Family,GRP-932726,12/4/2020,12/4/2021,3/12/2022,CDP-CCC-228385,240-36-3667
CNT-CDP-1964-119,Individual,GRP-256343,4/11/2020,4/11/2021,,CDP-CDCP-171336,863-28-4647
CNT-CDP-7526-443,Group,GRP-360891,5/28/2020,5/28/2021,8/24/2021,CDP-CHS-501036,550-33-5183
CNT-CDP-9881-842,Individual,GRP-331349,3/25/2020,3/25/2021,3/4/2022,CDP-RWP-867534,391-99-3823
CNT-CDP-9564-311,Individual,GRP-235121,10/1/2020,10/1/2021,,CDP-NC-355709,707-14-3743
CNT-CDP-8927-296,Group,GRP-756530,6/19/2020,6/19/2021,12/5/2021,CDP-ADS-864979,779-38-6747
CNT-CDP-9435-295,Group,GRP-897559,1/22/2020,1/21/2021,,CDP-RCA-783875,378-87-1056
CNT-CDP-9935-583,Group,GRP-302671,1/10/2020,1/9/2021,,CDP-BJHP-038233,281-73-6808
CNT-CDP-3423-266,Family,GRP-678089,1/28/2020,1/27/2021,3/8/2021,CDP-CCC-228385,527-90-6987
CNT-CDP-0693-669,Individual,GRP-105022,3/29/2020,3/29/2021,2/3/2022,CDP-CDCP-171336,723-38-9797
CNT-CDP-4884-670,Group,GRP-538527,10/1/2020,10/1/2021,5/1/2022,CDP-CHS-501036,863-58-3723
CNT-CDP-5393-636,Individual,GRP-437224,1/4/2020,1/3/2021,8/26/2021,CDP-RWP-867534,682-28-5156
CNT-CDP-4972-406,Group,GRP-262213,12/21/2020,12/21/2021,11/21/2022,CDP-NC-355709,638-53-8878
CNT-CDP-7072-546,Individual,GRP-000655,11/17/2020,11/17/2021,1/1/2022,CDP-ADS-864979,706-92-3972
CNT-CDP-0458-892,Group,GRP-743351,1/6/2020,1/5/2021,6/20/2021,CDP-RCA-783875,832-05-8450
CNT-CDP-8393-267,Family,GRP-366560,3/8/2020,3/8/2021,5/28/2021,CDP-BJHP-038233,349-12-0495
CNT-CDP-7409-650,Individual,GRP-139831,6/18/2020,6/18/2021,12/29/2021,CDP-CCC-228385,646-54-5749
CNT-CDP-0138-017,Individual,GRP-879469,9/1/2020,9/1/2021,4/12/2022,CDP-CDCP-171336,708-53-8002
CNT-CDP-6091-049,Group,GRP-672539,3/20/2020,3/20/2021,,CDP-CHS-501036,707-40-1856
CNT-CDP-3352-445,Family,GRP-878878,10/8/2020,10/8/2021,,CDP-RWP-867534,444-30-5228
CNT-CDP-2968-518,Family,GRP-105173,3/24/2020,3/24/2021,11/11/2021,CDP-NC-355709,707-70-2974
CNT-CDP-6675-366,Group,GRP-235302,3/1/2020,3/1/2021,6/8/2021,CDP-ADS-864979,136-67-3745
CNT-CDP-0006-619,Group,GRP-911080,6/28/2020,6/28/2021,6/20/2022,CDP-RCA-783875,305-32-7126
CNT-CDP-2373-020,Individual,GRP-570017,2/22/2020,2/21/2021,4/21/2021,CDP-BJHP-038233,622-30-1101
CNT-CDP-7934-726,Group,GRP-384215,10/31/2020,10/31/2021,,CDP-CCC-228385,708-86-3495
CNT-CDP-4517-168,Group,GRP-138692,8/12/2020,8/12/2021,,CDP-CDCP-171336,294-47-6704
CNT-CDP-2482-116,Individual,GRP-045619,9/26/2020,9/26/2021,7/9/2022,CDP-CHS-501036,425-60-9329
CNT-CDP-7714-726,Individual,GRP-744399,11/28/2020,11/28/2021,,CDP-RWP-867534,154-64-8431
CNT-CDP-8729-673,Family,GRP-041912,6/3/2020,6/3/2021,4/17/2022,CDP-NC-355709,541-57-2145
CNT-CDP-3626-233,Individual,GRP-455086,7/11/2020,7/11/2021,,CDP-ADS-864979,417-63-0056
CNT-CDP-7878-580,Individual,GRP-288827,4/12/2020,4/12/2021,7/6/2021,CDP-RCA-783875,137-92-1680
CNT-CDP-4982-687,Group,GRP-894571,1/11/2020,1/10/2021,3/3/2021,CDP-BJHP-038233,674-10-7843
CNT-CDP-1871-181,Individual,GRP-925021,11/11/2020,11/11/2021,,CDP-CCC-228385,111-48-5399
CNT-CDP-2420-167,Group,GRP-013655,11/5/2020,11/5/2021,,CDP-CDCP-171336,814-90-5059
CNT-CDP-9697-067,Individual,GRP-225700,4/28/2020,4/28/2021,11/3/2021,CDP-CHS-501036,399-02-7593
CNT-CDP-7840-240,Family,GRP-968264,7/26/2020,7/26/2021,10/20/2021,CDP-RWP-867534,213-89-8076
CNT-CDP-7719-845,Family,GRP-348353,7/12/2020,7/12/2021,1/18/2022,CDP-NC-355709,326-82-9096
CNT-CDP-0934-058,Individual,GRP-854083,1/1/2020,12/31/2020,,CDP-ADS-864979,168-79-9741
CNT-CDP-2493-116,Individual,GRP-854010,2/22/2020,2/21/2021,,CDP-RCA-783875,107-63-1394
CNT-CDP-0592-659,Individual,GRP-495199,10/5/2020,10/5/2021,4/6/2022,CDP-BJHP-038233,120-96-4953
CNT-CDP-1796-630,Family,GRP-275541,9/16/2020,9/16/2021,12/12/2021,CDP-CCC-228385,179-21-3190
CNT-CDP-2695-550,Family,GRP-232461,7/4/2020,7/4/2021,,CDP-CDCP-171336,855-68-4236
CNT-CDP-4272-021,Group,GRP-396065,6/17/2020,6/17/2021,1/6/2022,CDP-CHS-501036,523-80-3435
CNT-CDP-5346-601,Individual,GRP-361226,2/6/2020,2/5/2021,8/18/2021,CDP-RWP-867534,239-46-5126
CNT-CDP-0766-102,Family,GRP-797644,7/8/2020,7/8/2021,,CDP-NC-355709,784-23-9227
CNT-CDP-3659-832,Individual,GRP-778193,6/12/2020,6/12/2021,,CDP-ADS-864979,755-42-1537
CNT-CDP-7818-755,Group,GRP-394091,2/29/2020,2/28/2021,,CDP-RCA-783875,160-40-0524
CNT-CDP-0541-865,Individual,GRP-695617,2/6/2020,2/5/2021,,CDP-BJHP-038233,674-16-7205
CNT-CDP-5662-622,Individual,GRP-607861,10/8/2020,10/8/2021,,CDP-CCC-228385,213-89-8076
CNT-CDP-1769-166,Family,GRP-684172,5/8/2020,5/8/2021,1/2/2022,CDP-CDCP-171336,882-29-5174
CNT-CDP-8009-513,Family,GRP-024897,3/2/2020,3/2/2021,11/15/2021,CDP-CHS-501036,819-97-9212
CNT-CDP-9297-790,Family,GRP-347305,4/1/2020,4/1/2021,7/30/2021,CDP-RWP-867534,223-46-4546
CNT-CDP-5200-904,Group,GRP-130044,12/22/2020,12/22/2021,,CDP-NC-355709,294-24-2455
CNT-CDP-3189-415,Individual,GRP-873427,4/14/2020,4/14/2021,,CDP-ADS-864979,398-74-8575
CNT-CDP-6016-002,Family,GRP-134847,11/2/2020,11/2/2021,3/23/2022,CDP-RCA-783875,336-91-9867
CNT-CDP-7980-782,Family,GRP-815386,5/19/2020,5/19/2021,5/16/2022,CDP-BJHP-038233,176-84-2096
CNT-CDP-6431-317,Group,GRP-910738,6/18/2020,6/18/2021,,CDP-CCC-228385,177-43-9176
CNT-CDP-1676-188,Family,GRP-290902,8/1/2020,8/1/2021,1/24/2022,CDP-CDCP-171336,478-48-7443
CNT-CDP-1839-909,Individual,GRP-199083,3/12/2020,3/12/2021,9/25/2021,CDP-CHS-501036,628-62-2747
CNT-CDP-2548-369,Individual,GRP-494380,2/1/2020,1/31/2021,9/18/2021,CDP-RWP-867534,568-17-3551
CNT-CDP-3887-648,Individual,GRP-859032,4/29/2020,4/29/2021,8/2/2021,CDP-NC-355709,297-67-6147
CNT-CDP-7904-696,Group,GRP-425962,9/12/2020,9/12/2021,,CDP-ADS-864979,400-21-1001
CNT-CDP-1754-791,Group,GRP-313620,1/21/2020,1/20/2021,,CDP-RCA-783875,436-44-7581
CNT-CDP-0277-107,Family,GRP-794536,6/15/2020,6/15/2021,5/5/2022,CDP-BJHP-038233,400-01-7648
CNT-CDP-9213-941,Group,GRP-484333,9/14/2020,9/14/2021,1/1/2022,CDP-CCC-228385,446-41-6870
CNT-CDP-0506-660,Family,GRP-067566,3/29/2020,3/29/2021,7/18/2021,CDP-CDCP-171336,541-57-2145
CNT-CDP-9941-051,Group,GRP-122188,4/11/2020,4/11/2021,,CDP-CHS-501036,569-03-0198
CNT-CDP-2875-651,Individual,GRP-621898,11/17/2020,11/17/2021,11/21/2021,CDP-RWP-867534,572-52-6215
CNT-CDP-3540-143,Family,GRP-292888,11/4/2020,11/4/2021,7/11/2022,CDP-NC-355709,313-95-3567
CNT-CDP-8322-326,Individual,GRP-216305,6/15/2020,6/15/2021,8/25/2021,CDP-ADS-864979,386-35-2129
CNT-CDP-2586-316,Group,GRP-849644,7/24/2020,7/24/2021,4/10/2022,CDP-RCA-783875,585-96-5064
CNT-CDP-9419-990,Family,GRP-154592,9/29/2020,9/29/2021,11/24/2021,CDP-BJHP-038233,324-19-5995
CNT-CDP-5311-299,Family,GRP-546637,11/28/2020,11/28/2021,5/3/2022,CDP-CCC-228385,379-80-0956
CNT-CDP-0000-939,Individual,GRP-405046,7/12/2020,7/12/2021,,CDP-CDCP-171336,386-12-2564
CNT-CDP-6984-981,Family,GRP-632223,6/16/2020,6/16/2021,5/1/2022,CDP-CHS-501036,728-14-0129
CNT-CDP-3959-709,Family,GRP-989833,9/17/2020,9/17/2021,,CDP-RWP-867534,185-30-3761
CNT-CDP-7683-513,Family,GRP-180357,6/14/2020,6/14/2021,9/17/2021,CDP-NC-355709,116-08-6992
CNT-CDP-5417-947,Individual,GRP-924902,1/22/2020,1/21/2021,7/1/2021,CDP-ADS-864979,774-26-8823
CNT-CDP-4724-585,Group,GRP-923450,8/10/2020,8/10/2021,1/17/2022,CDP-RCA-783875,754-98-7758
CNT-CDP-6539-835,Individual,GRP-040757,10/4/2020,10/4/2021,12/3/2021,CDP-BJHP-038233,739-86-6514
CNT-CDP-4771-397,Individual,GRP-977618,4/20/2020,4/20/2021,3/27/2022,CDP-CCC-228385,728-88-9032
CNT-CDP-1234-769,Group,GRP-208707,10/30/2020,10/30/2021,12/16/2021,CDP-CDCP-171336,675-06-9696
CNT-CDP-2701-653,Group,GRP-577123,6/22/2020,6/22/2021,,CDP-CHS-501036,789-23-6374
CNT-CDP-8082-849,Individual,GRP-295253,1/30/2020,1/29/2021,,CDP-RWP-867534,331-86-5929
CNT-CDP-7089-233,Individual,GRP-362961,1/9/2020,1/8/2021,2/16/2021,CDP-NC-355709,400-01-7648
CNT-CDP-4706-084,Group,GRP-152563,10/22/2020,10/22/2021,6/14/2022,CDP-ADS-864979,809-02-4761
CNT-CDP-3529-529,Family,GRP-933250,6/6/2020,6/6/2021,8/4/2021,CDP-RCA-783875,233-98-7822
CNT-CDP-4331-816,Group,GRP-109790,10/18/2020,10/18/2021,7/1/2022,CDP-BJHP-038233,597-42-6584
CNT-CDP-0903-216,Individual,GRP-326314,8/21/2020,8/21/2021,12/8/2021,CDP-CCC-228385,182-13-3034
CNT-CDP-2950-279,Family,GRP-368313,5/12/2020,5/12/2021,,CDP-CDCP-171336,828-69-1991
CNT-CDP-5990-156,Individual,GRP-704022,12/9/2020,12/9/2021,,CDP-CHS-501036,529-86-3176
CNT-CDP-2291-941,Family,GRP-244841,7/19/2020,7/19/2021,,CDP-RWP-867534,831-70-3318
CNT-CDP-4915-489,Group,GRP-538124,2/17/2020,2/16/2021,8/21/2021,CDP-NC-355709,568-17-3551
CNT-CDP-7316-520,Family,GRP-824098,4/14/2020,4/14/2021,4/24/2021,CDP-ADS-864979,159-60-4499
CNT-CDP-0513-363,Family,GRP-563124,2/21/2020,2/20/2021,,CDP-RCA-783875,414-80-2739
CNT-CDP-9113-700,Group,GRP-324475,8/8/2020,8/8/2021,2/7/2022,CDP-BJHP-038233,657-47-2248
CNT-CDP-5443-289,Group,GRP-897740,3/12/2020,3/12/2021,1/7/2022,CDP-CCC-228385,887-07-8129
CNT-CDP-1726-079,Family,GRP-429397,5/14/2020,5/14/2021,10/4/2021,CDP-CDCP-171336,763-27-4967
CNT-CDP-4343-248,Individual,GRP-885082,4/29/2020,4/29/2021,8/25/2021,CDP-CHS-501036,719-79-7096
CNT-CDP-0052-515,Individual,GRP-898793,3/11/2020,3/11/2021,,CDP-RWP-867534,793-09-2729
CNT-CDP-1814-699,Family,GRP-570121,2/15/2020,2/14/2021,8/12/2021,CDP-NC-355709,234-43-4033
CNT-CDP-2296-977,Group,GRP-445322,12/10/2020,12/10/2021,1/31/2022,CDP-ADS-864979,457-60-9652
CNT-CDP-8141-632,Family,GRP-316173,3/20/2020,3/20/2021,3/17/2022,CDP-RCA-783875,648-53-3431
CNT-CDP-7214-628,Family,GRP-915560,9/1/2020,9/1/2021,8/26/2022,CDP-BJHP-038233,587-46-8092
CNT-CDP-5348-125,Group,GRP-670785,3/8/2020,3/8/2021,8/6/2021,CDP-CCC-228385,498-47-0662
CNT-CDP-7072-802,Individual,GRP-817481,10/24/2020,10/24/2021,,CDP-CDCP-171336,384-12-1031
CNT-CDP-1585-636,Group,GRP-410225,6/16/2020,6/16/2021,,CDP-CHS-501036,608-97-9026
CNT-CDP-1981-863,Family,GRP-223962,12/10/2020,12/10/2021,,CDP-RWP-867534,471-25-7860
CNT-CDP-8185-458,Group,GRP-721998,2/19/2020,2/18/2021,,CDP-NC-355709,674-28-9722
CNT-CDP-1820-045,Family,GRP-573750,2/11/2020,2/10/2021,8/23/2021,CDP-ADS-864979,894-74-3017
CNT-CDP-9840-855,Group,GRP-634024,12/1/2020,12/1/2021,6/17/2022,CDP-RCA-783875,234-08-0559
CNT-CDP-3793-082,Group,GRP-220265,11/10/2020,11/10/2021,,CDP-BJHP-038233,218-76-2737
CNT-CDP-7314-241,Family,GRP-345971,11/7/2020,11/7/2021,5/30/2022,CDP-CCC-228385,175-29-0870
CNT-CDP-4379-909,Family,GRP-906108,8/17/2020,8/17/2021,,CDP-CDCP-171336,545-54-0867
CNT-CDP-2186-658,Individual,GRP-606152,6/20/2020,6/20/2021,6/14/2022,CDP-CHS-501036,785-51-7143
CNT-CDP-4539-202,Family,GRP-299401,9/19/2020,9/19/2021,,CDP-RWP-867534,505-40-2843
CNT-CDP-0987-596,Family,GRP-391149,7/29/2020,7/29/2021,,CDP-NC-355709,463-31-3614
CNT-CDP-8823-311,Family,GRP-981759,4/26/2020,4/26/2021,5/20/2021,CDP-ADS-864979,366-67-0216
CNT-CDP-6819-140,Family,GRP-297825,1/30/2020,1/29/2021,12/19/2021,CDP-RCA-783875,875-38-2089
CNT-CDP-1664-571,Individual,GRP-296778,12/14/2020,12/14/2021,7/10/2022,CDP-BJHP-038233,544-08-8528
CNT-CDP-7866-739,Family,GRP-644318,11/23/2020,11/23/2021,4/18/2022,CDP-CCC-228385,314-07-7920
CNT-CDP-3538-331,Individual,GRP-253070,1/23/2020,1/22/2021,1/5/2022,CDP-CDCP-171336,728-88-9032
CNT-CDP-8595-947,Group,GRP-273493,8/11/2020,8/11/2021,12/20/2021,CDP-CHS-501036,111-55-7156
CNT-CDP-0980-666,Family,GRP-601741,5/21/2020,5/21/2021,9/25/2021,CDP-RWP-867534,230-79-0511
CNT-CDP-2796-047,Family,GRP-912264,2/8/2020,2/7/2021,,CDP-NC-355709,804-60-1290
CNT-CDP-0939-154,Individual,GRP-574029,8/24/2020,8/24/2021,9/4/2021,CDP-ADS-864979,137-92-1680
CNT-CDP-5847-992,Group,GRP-481260,6/12/2020,6/12/2021,8/30/2021,CDP-RCA-783875,348-24-6506
CNT-CDP-6058-304,Individual,GRP-746859,8/4/2020,8/4/2021,7/19/2022,CDP-BJHP-038233,683-18-9050
CNT-CDP-2559-978,Group,GRP-846785,2/26/2020,2/25/2021,,CDP-CCC-228385,482-40-1690
CNT-CDP-2758-078,Group,GRP-426059,11/8/2020,11/8/2021,3/26/2022,CDP-CDCP-171336,464-17-5401
CNT-CDP-6384-458,Family,GRP-171878,2/7/2020,2/6/2021,4/14/2021,CDP-CHS-501036,577-94-4504
CNT-CDP-4887-066,Family,GRP-130436,10/25/2020,10/25/2021,9/17/2022,CDP-RWP-867534,771-46-3757
CNT-CDP-2779-510,Group,GRP-810876,9/5/2020,9/5/2021,12/29/2021,CDP-NC-355709,364-43-2698
CNT-CDP-7038-625,Family,GRP-101394,8/29/2020,8/29/2021,6/19/2022,CDP-ADS-864979,856-84-5835
CNT-CDP-9424-824,Family,GRP-477921,7/31/2020,7/31/2021,,CDP-RCA-783875,305-25-5939
CNT-CDP-1986-826,Group,GRP-627203,2/24/2020,2/23/2021,,CDP-BJHP-038233,826-78-8664
CNT-CDP-4388-592,Group,GRP-896160,3/1/2020,3/1/2021,,CDP-CCC-228385,578-71-8021
CNT-CDP-9084-081,Individual,GRP-220617,8/2/2020,8/2/2021,12/12/2021,CDP-CDCP-171336,168-52-1435
CNT-CDP-8090-667,Family,GRP-096168,10/6/2020,10/6/2021,3/2/2022,CDP-CHS-501036,736-72-4628
CNT-CDP-1668-340,Family,GRP-678891,4/14/2020,4/14/2021,6/22/2021,CDP-RWP-867534,747-56-5781
CNT-CDP-5357-954,Individual,GRP-447225,12/18/2020,12/18/2021,,CDP-NC-355709,618-65-3141
CNT-CDP-4368-704,Family,GRP-844070,3/20/2020,3/20/2021,2/4/2022,CDP-ADS-864979,185-30-3761
CNT-CDP-6399-413,Group,GRP-113400,2/26/2020,2/25/2021,6/7/2021,CDP-RCA-783875,425-60-9329
CNT-CDP-3951-998,Family,GRP-069015,12/6/2020,12/6/2021,1/15/2022,CDP-BJHP-038233,401-04-8498
CNT-CDP-9515-836,Individual,GRP-578026,4/8/2020,4/8/2021,1/3/2022,CDP-CCC-228385,483-35-2656
CNT-CDP-6744-919,Individual,GRP-612339,9/23/2020,9/23/2021,12/5/2021,CDP-CDCP-171336,758-28-3233
CNT-CDP-4270-326,Family,GRP-743722,6/12/2020,6/12/2021,9/15/2021,CDP-CHS-501036,176-91-5939
CNT-CDP-6624-320,Group,GRP-602162,6/8/2020,6/8/2021,2/26/2022,CDP-RWP-867534,338-59-2665
CNT-CDP-5455-241,Individual,GRP-274710,2/7/2020,2/6/2021,8/22/2021,CDP-NC-355709,482-40-1690
CNT-CDP-3355-233,Group,GRP-043249,1/2/2020,1/1/2021,9/16/2021,CDP-ADS-864979,339-35-4231
CNT-CDP-3884-594,Individual,GRP-566133,11/29/2020,11/29/2021,11/1/2022,CDP-RCA-783875,707-70-2974
CNT-CDP-1303-878,Individual,GRP-752567,9/1/2020,9/1/2021,9/11/2021,CDP-BJHP-038233,803-89-9048
CNT-CDP-8837-829,Individual,GRP-377309,6/6/2020,6/6/2021,9/17/2021,CDP-CCC-228385,696-66-8047
CNT-CDP-2290-256,Group,GRP-030860,5/9/2020,5/9/2021,2/23/2022,CDP-CDCP-171336,508-50-1790
CNT-CDP-9543-145,Family,GRP-511438,11/30/2020,11/30/2021,11/30/2022,CDP-CHS-501036,722-38-0563
CNT-CDP-4117-855,Family,GRP-693534,11/12/2020,11/12/2021,,CDP-RWP-867534,882-29-5174
CNT-CDP-0320-619,Family,GRP-705453,10/20/2020,10/20/2021,5/18/2022,CDP-NC-355709,815-54-1401
CNT-CDP-8163-364,Family,GRP-813646,11/26/2020,11/26/2021,,CDP-ADS-864979,438-12-4628
CNT-CDP-6263-412,Family,GRP-867416,5/1/2020,5/1/2021,1/6/2022,CDP-RCA-783875,294-47-6704
CNT-CDP-0640-430,Individual,GRP-883382,8/5/2020,8/5/2021,12/6/2021,CDP-BJHP-038233,143-46-2783
CNT-CDP-8133-157,Group,GRP-803710,7/9/2020,7/9/2021,10/2/2021,CDP-CCC-228385,763-27-4967
CNT-CDP-5664-951,Family,GRP-446344,7/7/2020,7/7/2021,6/17/2022,CDP-CDCP-171336,417-63-0056
CNT-CDP-6640-999,Family,GRP-539650,2/5/2020,2/4/2021,6/2/2021,CDP-CHS-501036,646-24-6946
CNT-CDP-5520-624,Group,GRP-655074,11/11/2020,11/11/2021,12/24/2021,CDP-RWP-867534,620-80-1535
CNT-CDP-8519-024,Individual,GRP-302670,10/10/2020,10/10/2021,,CDP-NC-355709,505-12-3386
CNT-CDP-5965-792,Individual,GRP-816251,10/13/2020,10/13/2021,12/24/2021,CDP-ADS-864979,490-01-0382
CNT-CDP-0031-259,Individual,GRP-937797,4/8/2020,4/8/2021,7/12/2021,CDP-RCA-783875,405-95-7014
CNT-CDP-1708-732,Family,GRP-068669,3/27/2020,3/27/2021,11/19/2021,CDP-BJHP-038233,856-84-5835
CNT-CDP-9576-379,Family,GRP-784816,8/1/2020,8/1/2021,1/26/2022,CDP-CCC-228385,133-79-4272
CNT-CDP-0648-936,Individual,GRP-221129,2/21/2020,2/20/2021,,CDP-CDCP-171336,678-24-3779
CNT-CDP-4062-697,Individual,GRP-123762,7/24/2020,7/24/2021,8/23/2021,CDP-CHS-501036,831-70-3318
CNT-CDP-3627-043,Individual,GRP-149237,5/9/2020,5/9/2021,10/11/2021,CDP-RWP-867534,517-96-6739
CNT-CDP-4766-809,Individual,GRP-092168,3/10/2020,3/10/2021,,CDP-NC-355709,329-77-4299
CNT-CDP-8132-693,Family,GRP-251342,3/5/2020,3/5/2021,8/17/2021,CDP-ADS-864979,601-93-8041
CNT-CDP-1981-727,Group,GRP-216065,10/15/2020,10/15/2021,6/2/2022,CDP-RCA-783875,585-97-5767
CNT-CDP-9035-841,Group,GRP-654794,10/5/2020,10/5/2021,3/23/2022,CDP-BJHP-038233,346-90-3521
CNT-CDP-1350-212,Group,GRP-162742,8/7/2020,8/7/2021,12/13/2021,CDP-CCC-228385,572-52-6215
CNT-CDP-0059-008,Group,GRP-904077,5/5/2020,5/5/2021,12/26/2021,CDP-CDCP-171336,845-85-8761
CNT-CDP-6738-069,Individual,GRP-518004,9/19/2020,9/19/2021,4/6/2022,CDP-CHS-501036,429-21-6288
CNT-CDP-6342-343,Individual,GRP-481624,11/11/2020,11/11/2021,,CDP-RWP-867534,209-96-9359
CNT-CDP-6833-954,Family,GRP-787449,4/10/2020,4/10/2021,3/5/2022,CDP-NC-355709,749-97-9210
CNT-CDP-9195-527,Family,GRP-999186,7/6/2020,7/6/2021,2/6/2022,CDP-ADS-864979,102-02-5320
CNT-CDP-6054-010,Individual,GRP-755233,10/12/2020,10/12/2021,7/3/2022,CDP-RCA-783875,130-44-9143
CNT-CDP-3703-412,Group,GRP-363584,9/20/2020,9/20/2021,7/10/2022,CDP-BJHP-038233,172-85-1067
CNT-CDP-4859-759,Individual,GRP-367825,9/19/2020,9/19/2021,,CDP-CCC-228385,435-10-4849
CNT-CDP-2125-864,Group,GRP-552481,1/3/2020,1/2/2021,1/6/2021,CDP-CDCP-171336,271-25-6631
CNT-CDP-6110-946,Group,GRP-509306,7/8/2020,7/8/2021,,CDP-CHS-501036,611-49-6271
CNT-CDP-0377-990,Individual,GRP-395474,11/7/2020,11/7/2021,9/12/2022,CDP-RWP-867534,683-18-2016
CNT-CDP-5029-871,Group,GRP-746741,8/20/2020,8/20/2021,11/20/2021,CDP-NC-355709,707-61-9562
CNT-CDP-5729-354,Individual,GRP-263496,10/29/2020,10/29/2021,8/18/2022,CDP-ADS-864979,583-19-2261
CNT-CDP-3173-410,Individual,GRP-018269,9/28/2020,9/28/2021,4/16/2022,CDP-RCA-783875,397-05-4780
CNT-CDP-6674-789,Group,GRP-279354,12/14/2020,12/14/2021,1/5/2022,CDP-BJHP-038233,261-37-4176
CNT-CDP-6368-860,Family,GRP-918939,3/19/2020,3/19/2021,10/16/2021,CDP-CCC-228385,568-30-1434
CNT-CDP-5160-021,Individual,GRP-702286,10/27/2020,10/27/2021,,CDP-CDCP-171336,546-67-4067
CNT-CDP-4229-595,Group,GRP-982855,2/22/2020,2/21/2021,,CDP-CHS-501036,783-68-0154
CNT-CDP-1544-181,Group,GRP-542454,4/3/2020,4/3/2021,11/10/2021,CDP-RWP-867534,822-84-5975
CNT-CDP-8349-877,Group,GRP-659638,1/31/2020,1/30/2021,10/7/2021,CDP-NC-355709,489-98-8589
CNT-CDP-8986-905,Group,GRP-262394,8/7/2020,8/7/2021,,CDP-ADS-864979,483-11-4619
CNT-CDP-3811-772,Group,GRP-280706,12/21/2020,12/21/2021,,CDP-RCA-783875,722-71-1318
CNT-CDP-8773-043,Family,GRP-510257,7/24/2020,7/24/2021,,CDP-BJHP-038233,430-79-6857
CNT-CDP-1701-925,Individual,GRP-352465,9/6/2020,9/6/2021,8/2/2022,CDP-CCC-228385,358-64-7392
CNT-CDP-7771-542,Family,GRP-375115,10/12/2020,10/12/2021,5/25/2022,CDP-CDCP-171336,646-41-5274
CNT-CDP-2211-144,Individual,GRP-756449,3/26/2020,3/26/2021,,CDP-CHS-501036,544-47-2185
CNT-CDP-6382-954,Individual,GRP-262536,6/13/2020,6/13/2021,2/25/2022,CDP-RWP-867534,652-70-9706
CNT-CDP-9229-908,Family,GRP-118015,10/13/2020,10/13/2021,2/26/2022,CDP-NC-355709,862-15-0803
CNT-CDP-9415-635,Individual,GRP-190468,6/26/2020,6/26/2021,1/19/2022,CDP-ADS-864979,761-99-8936
CNT-CDP-2750-612,Family,GRP-194670,11/24/2020,11/24/2021,,CDP-RCA-783875,385-22-3959
CNT-CDP-2185-653,Group,GRP-476429,8/7/2020,8/7/2021,8/5/2022,CDP-BJHP-038233,835-28-5830
CNT-CDP-4996-479,Family,GRP-321688,9/21/2020,9/21/2021,2/25/2022,CDP-CCC-228385,320-72-8082
CNT-CDP-2401-771,Individual,GRP-379177,3/6/2020,3/6/2021,3/20/2021,CDP-CDCP-171336,882-39-8683
CNT-CDP-4667-329,Family,GRP-209983,8/4/2020,8/4/2021,,CDP-CHS-501036,463-31-3614
CNT-CDP-6844-322,Group,GRP-229524,11/9/2020,11/9/2021,,CDP-RWP-867534,121-50-0345
CNT-CDP-0272-472,Family,GRP-631231,3/6/2020,3/6/2021,,CDP-NC-355709,691-17-3387
CNT-CDP-8303-782,Individual,GRP-848670,11/25/2020,11/25/2021,6/15/2022,CDP-ADS-864979,484-11-7643
CNT-CDP-4874-503,Individual,GRP-638212,7/24/2020,7/24/2021,10/13/2021,CDP-RCA-783875,102-21-1414
CNT-CDP-9534-381,Family,GRP-809220,7/30/2020,7/30/2021,,CDP-BJHP-038233,859-29-5605
CNT-CDP-8064-734,Group,GRP-565422,7/2/2020,7/2/2021,8/19/2021,CDP-CCC-228385,235-15-1117
CNT-CDP-7652-991,Individual,GRP-014936,6/14/2020,6/14/2021,1/20/2022,CDP-CDCP-171336,176-91-5939
CNT-CDP-2895-185,Group,GRP-082691,4/3/2020,4/3/2021,12/5/2021,CDP-CHS-501036,405-95-7014
CNT-CDP-8443-242,Individual,GRP-715513,3/19/2020,3/19/2021,,CDP-RWP-867534,309-54-2863
CNT-CDP-9161-928,Family,GRP-195980,1/5/2020,1/4/2021,,CDP-NC-355709,299-78-7188
CNT-CDP-7460-400,Group,GRP-398769,5/26/2020,5/26/2021,8/15/2021,CDP-ADS-864979,729-52-4503
CNT-CDP-5503-729,Individual,GRP-478690,4/2/2020,4/2/2021,5/9/2021,CDP-RCA-783875,536-21-0812
CNT-CDP-7295-758,Group,GRP-709758,9/19/2020,9/19/2021,8/23/2022,CDP-BJHP-038233,774-26-8823
CNT-CDP-2652-622,Individual,GRP-619731,8/7/2020,8/7/2021,1/8/2022,CDP-CCC-228385,347-30-3861
CNT-CDP-6671-361,Family,GRP-320508,3/17/2020,3/17/2021,8/9/2021,CDP-CDCP-171336,786-23-4888
CNT-CDP-9973-546,Individual,GRP-753471,6/1/2020,6/1/2021,2/16/2022,CDP-CHS-501036,682-15-3715
CNT-CDP-6525-498,Group,GRP-060271,12/25/2020,12/25/2021,,CDP-RWP-867534,204-84-2965
CNT-CDP-3480-324,Family,GRP-741385,3/13/2020,3/13/2021,9/17/2021,CDP-NC-355709,758-26-9883
CNT-CDP-5463-404,Individual,GRP-230870,5/19/2020,5/19/2021,6/4/2021,CDP-ADS-864979,890-42-9829
CNT-CDP-4475-174,Family,GRP-604968,6/13/2020,6/13/2021,,CDP-RCA-783875,758-28-3233
CNT-CDP-6985-319,Individual,GRP-937442,4/14/2020,4/14/2021,,CDP-BJHP-038233,683-23-9060
CNT-CDP-7561-398,Group,GRP-319839,3/25/2020,3/25/2021,,CDP-CCC-228385,729-81-0268
CNT-CDP-1047-296,Family,GRP-807086,10/13/2020,10/13/2021,11/26/2021,CDP-CDCP-171336,863-28-4647
CNT-CDP-4963-721,Individual,GRP-204396,2/11/2020,2/10/2021,2/18/2021,CDP-CHS-501036,516-23-5305
CNT-CDP-8780-023,Family,GRP-393148,4/5/2020,4/5/2021,10/15/2021,CDP-RWP-867534,108-98-3421
CNT-CDP-4289-140,Group,GRP-966533,6/11/2020,6/11/2021,9/6/2021,CDP-NC-355709,332-50-8142
CNT-CDP-0505-907,Individual,GRP-474782,7/15/2020,7/15/2021,9/15/2021,CDP-ADS-864979,479-33-8552
CNT-CDP-6924-543,Individual,GRP-940290,8/29/2020,8/29/2021,11/26/2021,CDP-RCA-783875,268-49-2117
CNT-CDP-7073-735,Family,GRP-508198,4/25/2020,4/25/2021,,CDP-BJHP-038233,143-46-2783
CNT-CDP-0372-592,Individual,GRP-908683,3/28/2020,3/28/2021,2/26/2022,CDP-CCC-228385,126-86-4015
CNT-CDP-2846-703,Group,GRP-714398,2/26/2020,2/25/2021,5/6/2021,CDP-CDCP-171336,290-40-6634
CNT-CDP-7235-800,Family,GRP-928951,7/11/2020,7/11/2021,,CDP-CHS-501036,516-69-6549
CNT-CDP-3989-355,Individual,GRP-736895,10/8/2020,10/8/2021,7/8/2022,CDP-RWP-867534,381-63-5242
CNT-CDP-0494-537,Family,GRP-862293,6/11/2020,6/11/2021,7/4/2021,CDP-NC-355709,641-01-2782
CNT-CDP-8882-532,Group,GRP-773453,7/31/2020,7/31/2021,4/1/2022,CDP-ADS-864979,675-38-5467
CNT-CDP-0958-753,Group,GRP-697056,7/14/2020,7/14/2021,7/15/2021,CDP-RCA-783875,236-74-4042
CNT-CDP-6805-890,Group,GRP-417235,8/8/2020,8/8/2021,8/25/2021,CDP-BJHP-038233,742-02-5983
CNT-CDP-2198-359,Individual,GRP-930529,6/14/2020,6/14/2021,,CDP-CCC-228385,352-32-0242
CNT-CDP-0220-379,Group,GRP-713754,4/22/2020,4/22/2021,,CDP-CDCP-171336,560-54-1044
CNT-CDP-0991-634,Group,GRP-001024,11/12/2020,11/12/2021,,CDP-CHS-501036,196-90-9715
CNT-CDP-3793-548,Group,GRP-498444,4/1/2020,4/1/2021,,CDP-RWP-867534,306-27-1825
CNT-CDP-3311-950,Individual,GRP-932437,5/9/2020,5/9/2021,8/17/2021,CDP-NC-355709,335-18-2624
CNT-CDP-9860-126,Group,GRP-182926,10/8/2020,10/8/2021,3/30/2022,CDP-ADS-864979,442-37-2126
CNT-CDP-6567-876,Family,GRP-317746,2/26/2020,2/25/2021,6/7/2021,CDP-RCA-783875,202-51-5487
CNT-CDP-5984-639,Group,GRP-608561,9/16/2020,9/16/2021,3/27/2022,CDP-BJHP-038233,583-74-6686
CNT-CDP-4473-811,Individual,GRP-947799,8/24/2020,8/24/2021,12/22/2021,CDP-CCC-228385,111-56-1286
CNT-CDP-9712-628,Family,GRP-101495,8/8/2020,8/8/2021,,CDP-CDCP-171336,101-47-5339
CNT-CDP-7775-181,Group,GRP-428783,10/15/2020,10/15/2021,,CDP-CHS-501036,244-26-3388
CNT-CDP-3706-179,Family,GRP-688255,5/20/2020,5/20/2021,5/8/2022,CDP-RWP-867534,565-68-9682
CNT-CDP-5333-521,Family,GRP-274677,12/9/2020,12/9/2021,,CDP-NC-355709,261-11-1287
CNT-CDP-3673-368,Individual,GRP-267932,1/10/2020,1/9/2021,3/15/2021,CDP-ADS-864979,850-49-5357
CNT-CDP-1031-556,Family,GRP-498745,7/25/2020,7/25/2021,,CDP-RCA-783875,647-12-9070
CNT-CDP-1813-013,Individual,GRP-778914,12/13/2020,12/13/2021,11/27/2022,CDP-BJHP-038233,831-61-9528
CNT-CDP-1592-484,Group,GRP-812637,4/6/2020,4/6/2021,4/30/2021,CDP-CCC-228385,413-81-5827
CNT-CDP-6795-840,Group,GRP-359100,10/3/2020,10/3/2021,2/26/2022,CDP-CDCP-171336,647-51-6477
CNT-CDP-3722-698,Group,GRP-424247,1/12/2020,1/11/2021,5/11/2021,CDP-CHS-501036,335-18-2624
CNT-CDP-8836-480,Group,GRP-822477,4/26/2020,4/26/2021,,CDP-RWP-867534,589-94-4692
CNT-CDP-7379-491,Individual,GRP-423559,12/9/2020,12/9/2021,,CDP-NC-355709,511-66-9471
CNT-CDP-8738-058,Group,GRP-640601,10/10/2020,10/10/2021,11/8/2021,CDP-ADS-864979,283-48-1886
CNT-CDP-3721-916,Group,GRP-625587,12/9/2020,12/9/2021,9/17/2022,CDP-RCA-783875,648-53-3431
CNT-CDP-0788-637,Family,GRP-595189,5/29/2020,5/29/2021,9/10/2021,CDP-BJHP-038233,839-18-6285
CNT-CDP-3967-969,Family,GRP-695549,11/12/2020,11/12/2021,2/12/2022,CDP-CCC-228385,527-99-2794
CNT-CDP-6436-746,Individual,GRP-504630,2/17/2020,2/16/2021,2/19/2021,CDP-CDCP-171336,757-43-9631
CNT-CDP-3272-397,Individual,GRP-668030,8/26/2020,8/26/2021,6/15/2022,CDP-CHS-501036,417-81-9390
CNT-CDP-5884-809,Family,GRP-247164,7/6/2020,7/6/2021,,CDP-RWP-867534,231-14-6774
CNT-CDP-9726-381,Family,GRP-828291,12/2/2020,12/2/2021,3/31/2022,CDP-NC-355709,196-90-9715
CNT-CDP-3714-990,Individual,GRP-668642,11/24/2020,11/24/2021,1/12/2022,CDP-ADS-864979,701-70-7269
CNT-CDP-1272-413,Individual,GRP-615327,9/28/2020,9/28/2021,,CDP-RCA-783875,577-44-6995
CNT-CDP-3274-511,Family,GRP-566920,11/24/2020,11/24/2021,6/14/2022,CDP-BJHP-038233,565-71-6887
CNT-CDP-4173-398,Group,GRP-301032,11/13/2020,11/13/2021,7/25/2022,CDP-CCC-228385,675-06-9696
CNT-CDP-0005-227,Individual,GRP-754965,6/29/2020,6/29/2021,8/2/2021,CDP-CDCP-171336,475-34-2789
CNT-CDP-5587-142,Family,GRP-917147,4/16/2020,4/16/2021,,CDP-CHS-501036,410-82-3708
CNT-CDP-5264-974,Family,GRP-724797,9/23/2020,9/23/2021,,CDP-RWP-867534,312-79-1518
CNT-CDP-4581-349,Individual,GRP-309356,11/3/2020,11/3/2021,1/16/2022,CDP-NC-355709,541-57-2145
CNT-CDP-5554-477,Group,GRP-831575,5/20/2020,5/20/2021,4/29/2022,CDP-ADS-864979,347-70-3337
CNT-CDP-3115-981,Individual,GRP-176347,7/16/2020,7/16/2021,9/15/2021,CDP-RCA-783875,478-48-7443
CNT-CDP-8725-713,Family,GRP-440028,11/21/2020,11/21/2021,6/24/2022,CDP-BJHP-038233,550-98-8096
CNT-CDP-0202-625,Family,GRP-536150,11/3/2020,11/3/2021,11/1/2022,CDP-CCC-228385,682-15-3715
CNT-CDP-7893-229,Group,GRP-082333,11/23/2020,11/23/2021,1/27/2022,CDP-CDCP-171336,453-66-2725
CNT-CDP-5921-425,Family,GRP-865848,12/23/2020,12/23/2021,7/31/2022,CDP-CHS-501036,532-71-6847
CNT-CDP-9092-897,Individual,GRP-786606,11/24/2020,11/24/2021,11/28/2021,CDP-RWP-867534,398-74-8575
CNT-CDP-8953-499,Individual,GRP-187567,10/15/2020,10/15/2021,8/27/2022,CDP-NC-355709,128-62-7754
CNT-CDP-0873-808,Family,GRP-330810,8/26/2020,8/26/2021,4/29/2022,CDP-ADS-864979,135-79-2822
CNT-CDP-8768-613,Family,GRP-240251,4/6/2020,4/6/2021,8/17/2021,CDP-RCA-783875,364-25-4233
CNT-CDP-8381-392,Group,GRP-479760,6/15/2020,6/15/2021,,CDP-BJHP-038233,748-18-5529
CNT-CDP-0337-613,Group,GRP-891170,5/1/2020,5/1/2021,9/13/2021,CDP-CCC-228385,600-97-2729
CNT-CDP-4822-371,Group,GRP-427664,10/6/2020,10/6/2021,,CDP-CDCP-171336,784-73-3876
CNT-CDP-6447-362,Family,GRP-772982,11/14/2020,11/14/2021,4/30/2022,CDP-CHS-501036,517-96-6739
CNT-CDP-6686-333,Individual,GRP-611331,11/27/2020,11/27/2021,,CDP-RWP-867534,172-93-6292
CNT-CDP-3930-792,Family,GRP-162081,7/21/2020,7/21/2021,1/5/2022,CDP-NC-355709,674-10-7843
CNT-CDP-9737-633,Family,GRP-771680,1/31/2020,1/30/2021,,CDP-ADS-864979,743-99-0167
CNT-CDP-1970-191,Group,GRP-548103,1/12/2020,1/11/2021,9/11/2021,CDP-RCA-783875,658-45-2934
CNT-CDP-5298-940,Individual,GRP-907440,9/28/2020,9/28/2021,,CDP-BJHP-038233,420-93-0043
CNT-CDP-3352-437,Individual,GRP-295693,7/25/2020,7/25/2021,2/11/2022,CDP-CCC-228385,707-40-1856
CNT-CDP-3716-837,Family,GRP-885476,10/23/2020,10/23/2021,10/9/2022,CDP-CDCP-171336,726-09-9498
CNT-CDP-0761-330,Family,GRP-601670,6/21/2020,6/21/2021,10/8/2021,CDP-CHS-501036,268-43-0664
CNT-CDP-2059-808,Group,GRP-462958,1/23/2020,1/22/2021,,CDP-RWP-867534,404-63-3176
CNT-CDP-2582-364,Individual,GRP-255048,4/29/2020,4/29/2021,3/24/2022,CDP-NC-355709,305-25-5939
CNT-CDP-6059-553,Family,GRP-886308,10/11/2020,10/11/2021,6/1/2022,CDP-ADS-864979,253-85-8722
CNT-CDP-8940-800,Individual,GRP-064801,8/22/2020,8/22/2021,,CDP-RCA-783875,652-70-9706
CNT-CDP-5265-729,Individual,GRP-174380,10/4/2020,10/4/2021,5/23/2022,CDP-BJHP-038233,299-78-7188
CNT-CDP-8374-398,Family,GRP-593765,5/8/2020,5/8/2021,,CDP-CCC-228385,541-55-7474
CNT-CDP-0441-012,Group,GRP-890942,6/13/2020,6/13/2021,,CDP-CDCP-171336,245-88-6897
CNT-CDP-1731-897,Family,GRP-534907,1/22/2020,1/21/2021,,CDP-CHS-501036,654-30-6134
CNT-CDP-9630-827,Family,GRP-915881,10/29/2020,10/29/2021,7/5/2022,CDP-RWP-867534,479-25-3635
CNT-CDP-7628-757,Individual,GRP-319226,5/23/2020,5/23/2021,,CDP-NC-355709,206-82-9014
CNT-CDP-5239-433,Group,GRP-828004,4/23/2020,4/23/2021,10/31/2021,CDP-ADS-864979,850-49-5357
CNT-CDP-2038-439,Group,GRP-352777,5/9/2020,5/9/2021,8/24/2021,CDP-RCA-783875,128-62-7754
CNT-CDP-0034-578,Individual,GRP-738558,10/31/2020,10/31/2021,6/19/2022,CDP-BJHP-038233,192-60-6314
CNT-CDP-5199-683,Group,GRP-253764,11/29/2020,11/29/2021,8/11/2022,CDP-CCC-228385,652-70-9706
CNT-CDP-7234-278,Group,GRP-167114,10/12/2020,10/12/2021,8/8/2022,CDP-CDCP-171336,817-61-1069
CNT-CDP-4470-928,Group,GRP-876387,1/20/2020,1/19/2021,10/31/2021,CDP-CHS-501036,364-56-0809
CNT-CDP-0111-389,Family,GRP-985223,6/3/2020,6/3/2021,,CDP-RWP-867534,472-83-8236
CNT-CDP-4365-728,Family,GRP-802512,6/21/2020,6/21/2021,4/18/2022,CDP-NC-355709,335-22-1485
CNT-CDP-5917-016,Family,GRP-986210,12/28/2020,12/28/2021,,CDP-ADS-864979,230-79-0511
CNT-CDP-4569-288,Family,GRP-083865,12/23/2020,12/23/2021,4/28/2022,CDP-RCA-783875,274-69-0069
CNT-CDP-4352-165,Group,GRP-554933,7/4/2020,7/4/2021,2/15/2022,CDP-BJHP-038233,713-52-5086
CNT-CDP-1405-757,Individual,GRP-903839,2/20/2020,2/19/2021,,CDP-CCC-228385,590-63-4215
CNT-CDP-0393-340,Group,GRP-738973,1/29/2020,1/28/2021,,CDP-CDCP-171336,185-83-8289
CNT-CDP-6476-370,Group,GRP-766659,11/8/2020,11/8/2021,7/18/2022,CDP-CHS-501036,699-90-2611
CNT-CDP-5773-578,Group,GRP-113391,9/14/2020,9/14/2021,6/10/2022,CDP-RWP-867534,869-20-0883
CNT-CDP-9364-037,Group,GRP-873099,6/27/2020,6/27/2021,7/9/2021,CDP-NC-355709,335-18-2624
CNT-CDP-0226-497,Family,GRP-244664,11/1/2020,11/1/2021,3/20/2022,CDP-ADS-864979,897-52-4675
CNT-CDP-8019-639,Group,GRP-309380,4/6/2020,4/6/2021,1/20/2022,CDP-RCA-783875,443-29-7883
CNT-CDP-2327-965,Group,GRP-450262,7/21/2020,7/21/2021,,CDP-BJHP-038233,556-44-4543
CNT-CDP-6192-370,Family,GRP-337338,9/1/2020,9/1/2021,,CDP-CCC-228385,688-16-5212
CNT-CDP-7041-635,Group,GRP-058313,1/18/2020,1/17/2021,10/28/2021,CDP-CDCP-171336,821-30-6004
CNT-CDP-8495-917,Individual,GRP-034967,5/4/2020,5/4/2021,,CDP-CHS-501036,618-40-5613
CNT-CDP-7935-703,Family,GRP-540404,7/25/2020,7/25/2021,9/6/2021,CDP-RWP-867534,791-08-5510
CNT-CDP-7045-592,Family,GRP-779070,8/3/2020,8/3/2021,,CDP-NC-355709,842-33-0692
CNT-CDP-7807-154,Group,GRP-141446,9/5/2020,9/5/2021,,CDP-ADS-864979,795-97-9815
CNT-CDP-8958-285,Individual,GRP-569398,1/22/2020,1/21/2021,5/26/2021,CDP-RCA-783875,432-40-6023
CNT-CDP-7012-459,Group,GRP-897952,7/25/2020,7/25/2021,,CDP-BJHP-038233,730-87-9665
CNT-CDP-9033-520,Individual,GRP-759088,4/9/2020,4/9/2021,,CDP-CCC-228385,630-51-1682
CNT-CDP-8625-924,Family,GRP-644121,10/28/2020,10/28/2021,,CDP-CDCP-171336,882-39-2517
CNT-CDP-3225-709,Family,GRP-108565,1/23/2020,1/22/2021,8/15/2021,CDP-CHS-501036,422-22-6500
CNT-CDP-3943-107,Group,GRP-900058,3/19/2020,3/19/2021,7/6/2021,CDP-RWP-867534,157-96-5213
CNT-CDP-4605-615,Individual,GRP-547324,5/16/2020,5/16/2021,12/20/2021,CDP-NC-355709,511-63-3678
CNT-CDP-0848-075,Group,GRP-227362,9/11/2020,9/11/2021,,CDP-ADS-864979,329-77-4299
CNT-CDP-4602-854,Individual,GRP-271965,3/3/2020,3/3/2021,1/13/2022,CDP-RCA-783875,129-65-4400
CNT-CDP-5796-269,Individual,GRP-643705,5/25/2020,5/25/2021,9/20/2021,CDP-BJHP-038233,207-74-6999
CNT-CDP-4736-380,Family,GRP-120460,3/22/2020,3/22/2021,11/3/2021,CDP-CCC-228385,705-52-1530
CNT-CDP-4580-607,Group,GRP-797491,2/26/2020,2/25/2021,1/30/2022,CDP-CDCP-171336,532-85-3774
CNT-CDP-9699-153,Individual,GRP-426288,11/15/2020,11/15/2021,1/22/2022,CDP-CHS-501036,522-74-5310
CNT-CDP-5745-522,Individual,GRP-638913,12/20/2020,12/20/2021,4/23/2022,CDP-RWP-867534,793-09-2729
CNT-CDP-4366-796,Group,GRP-111655,6/23/2020,6/23/2021,3/13/2022,CDP-NC-355709,582-84-5518
CNT-CDP-6639-838,Individual,GRP-485875,3/11/2020,3/11/2021,,CDP-ADS-864979,446-41-6870
CNT-CDP-9629-903,Family,GRP-577816,1/22/2020,1/21/2021,,CDP-RCA-783875,706-92-3972
CNT-CDP-9418-503,Individual,GRP-524205,3/27/2020,3/27/2021,6/15/2021,CDP-BJHP-038233,595-98-7635
CNT-CDP-9640-675,Family,GRP-215712,5/3/2020,5/3/2021,,CDP-CCC-228385,126-86-4015
CNT-CDP-3624-661,Individual,GRP-275254,10/29/2020,10/29/2021,11/19/2021,CDP-CDCP-171336,391-21-7230
CNT-CDP-3239-793,Family,GRP-720821,7/1/2020,7/1/2021,4/30/2022,CDP-CHS-501036,146-09-6810
CNT-CDP-7791-892,Group,GRP-396458,5/2/2020,5/2/2021,,CDP-RWP-867534,173-51-2644
CNT-CDP-5253-062,Group,GRP-031878,2/29/2020,2/28/2021,,CDP-NC-355709,182-79-4944
CNT-CDP-8871-124,Individual,GRP-064842,11/3/2020,11/3/2021,,CDP-ADS-864979,775-99-5015
CNT-CDP-3042-244,Individual,GRP-065655,10/17/2020,10/17/2021,2/13/2022,CDP-RCA-783875,117-05-3734
CNT-CDP-4655-347,Group,GRP-649579,5/18/2020,5/18/2021,,CDP-BJHP-038233,253-85-8722
CNT-CDP-1664-104,Family,GRP-021371,7/26/2020,7/26/2021,9/12/2021,CDP-CCC-228385,462-04-0827
CNT-CDP-9446-125,Group,GRP-697050,5/28/2020,5/28/2021,3/14/2022,CDP-CDCP-171336,339-35-4231
CNT-CDP-2249-118,Family,GRP-363714,3/2/2020,3/2/2021,8/16/2021,CDP-CHS-501036,391-99-3823
CNT-CDP-3067-246,Family,GRP-416125,12/21/2020,12/21/2021,12/11/2022,CDP-RWP-867534,789-21-3161
CNT-CDP-2401-328,Group,GRP-546474,11/18/2020,11/18/2021,8/18/2022,CDP-NC-355709,532-93-7617
CNT-CDP-0739-372,Family,GRP-440838,12/2/2020,12/2/2021,8/20/2022,CDP-ADS-864979,281-73-6808
CNT-CDP-1490-734,Group,GRP-487608,4/22/2020,4/22/2021,8/8/2021,CDP-RCA-783875,380-53-0116
CNT-CDP-2443-984,Individual,GRP-794802,8/28/2020,8/28/2021,1/2/2022,CDP-BJHP-038233,260-15-1909
CNT-CDP-4609-512,Individual,GRP-537626,12/10/2020,12/10/2021,5/28/2022,CDP-CCC-228385,622-30-1101
CNT-CDP-0159-664,Individual,GRP-918045,3/26/2020,3/26/2021,5/20/2021,CDP-CDCP-171336,762-49-1943
CNT-CDP-0080-363,Individual,GRP-811551,8/31/2020,8/31/2021,12/4/2021,CDP-CHS-501036,852-03-7194
CNT-CDP-5175-748,Group,GRP-810816,8/23/2020,8/23/2021,4/24/2022,CDP-RWP-867534,172-85-1067
CNT-CDP-1926-522,Individual,GRP-245707,8/3/2020,8/3/2021,8/24/2021,CDP-NC-355709,532-93-7617
CNT-CDP-5380-165,Family,GRP-007739,1/20/2020,1/19/2021,3/23/2021,CDP-ADS-864979,525-43-4710
CNT-CDP-2849-882,Group,GRP-067533,4/15/2020,4/15/2021,10/26/2021,CDP-RCA-783875,532-85-3774
CNT-CDP-3791-760,Group,GRP-396654,10/26/2020,10/26/2021,,CDP-BJHP-038233,587-46-8092
CNT-CDP-5027-740,Individual,GRP-541829,5/31/2020,5/31/2021,4/13/2022,CDP-CCC-228385,803-89-9048
CNT-CDP-3548-047,Group,GRP-828398,9/10/2020,9/10/2021,,CDP-CDCP-171336,127-51-7648
CNT-CDP-4111-207,Group,GRP-165192,10/5/2020,10/5/2021,1/24/2022,CDP-CHS-501036,233-98-7822
CNT-CDP-8515-305,Individual,GRP-025500,6/10/2020,6/10/2021,,CDP-RWP-867534,144-57-2660
CNT-CDP-0262-878,Family,GRP-187258,4/28/2020,4/28/2021,5/19/2021,CDP-NC-355709,769-30-2685
CNT-CDP-0575-725,Individual,GRP-785717,11/20/2020,11/20/2021,,CDP-ADS-864979,408-05-8352
CNT-CDP-4435-896,Individual,GRP-830349,5/28/2020,5/28/2021,,CDP-RCA-783875,384-51-6805
CNT-CDP-5169-262,Individual,GRP-053573,8/21/2020,8/21/2021,12/1/2021,CDP-BJHP-038233,705-52-1530
CNT-CDP-1211-129,Family,GRP-378797,3/20/2020,3/20/2021,8/29/2021,CDP-CCC-228385,527-94-7787
CNT-CDP-7326-892,Individual,GRP-302518,3/5/2020,3/5/2021,2/11/2022,CDP-CDCP-171336,253-80-6341
CNT-CDP-6949-058,Family,GRP-270306,2/4/2020,2/3/2021,3/15/2021,CDP-CHS-501036,707-14-3743
CNT-CDP-8651-605,Individual,GRP-467245,11/6/2020,11/6/2021,4/11/2022,CDP-RWP-867534,516-04-6814
CNT-CDP-5422-296,Family,GRP-957721,2/8/2020,2/7/2021,,CDP-NC-355709,334-78-3433
CNT-CDP-0094-053,Group,GRP-281206,8/20/2020,8/20/2021,12/22/2021,CDP-ADS-864979,382-06-6800
CNT-CDP-1679-951,Group,GRP-128387,1/27/2020,1/26/2021,,CDP-RCA-783875,615-23-7295
CNT-CDP-3801-216,Family,GRP-708110,6/11/2020,6/11/2021,10/8/2021,CDP-BJHP-038233,499-72-2020
CNT-CDP-1794-354,Group,GRP-980667,8/24/2020,8/24/2021,11/6/2021,CDP-CCC-228385,417-63-0056
CNT-CDP-7535-994,Individual,GRP-366161,12/15/2020,12/15/2021,8/29/2022,CDP-CDCP-171336,338-59-2665
CNT-CDP-4776-326,Group,GRP-558036,5/17/2020,5/17/2021,11/19/2021,CDP-CHS-501036,568-17-3551
CNT-CDP-2771-099,Individual,GRP-999837,11/1/2020,11/1/2021,4/21/2022,CDP-RWP-867534,590-14-9022
CNT-CDP-1345-667,Individual,GRP-620121,12/12/2020,12/12/2021,,CDP-NC-355709,324-13-9091
CNT-CDP-3006-027,Individual,GRP-319964,3/13/2020,3/13/2021,,CDP-ADS-864979,793-39-8139
CNT-CDP-8780-105,Group,GRP-124222,12/14/2020,12/14/2021,3/15/2022,CDP-RCA-783875,121-50-0345
CNT-CDP-9280-625,Family,GRP-458150,10/1/2020,10/1/2021,6/19/2022,CDP-BJHP-038233,425-88-7594
CNT-CDP-8392-022,Group,GRP-404346,8/20/2020,8/20/2021,8/17/2022,CDP-CCC-228385,888-60-2700
CNT-CDP-2679-508,Family,GRP-522951,3/27/2020,3/27/2021,12/22/2021,CDP-CDCP-171336,634-27-8874
CNT-CDP-7874-672,Individual,GRP-599773,3/30/2020,3/30/2021,,CDP-CHS-501036,688-54-3391
CNT-CDP-0202-399,Group,GRP-069377,4/5/2020,4/5/2021,,CDP-RWP-867534,328-54-2580
CNT-CDP-9831-777,Individual,GRP-375478,5/14/2020,5/14/2021,9/5/2021,CDP-NC-355709,482-40-1690
CNT-CDP-5205-557,Family,GRP-472447,11/27/2020,11/27/2021,,CDP-ADS-864979,550-33-5183
CNT-CDP-6938-214,Individual,GRP-550995,8/13/2020,8/13/2021,1/19/2022,CDP-RCA-783875,678-24-3779
CNT-CDP-0640-615,Family,GRP-552347,8/13/2020,8/13/2021,3/13/2022,CDP-BJHP-038233,754-98-7758
CNT-CDP-2299-141,Group,GRP-055147,2/11/2020,2/10/2021,12/17/2021,CDP-CCC-228385,236-74-4042
CNT-CDP-1357-115,Group,GRP-806323,4/19/2020,4/19/2021,4/21/2021,CDP-CDCP-171336,450-34-5258
CNT-CDP-6574-463,Individual,GRP-041644,1/24/2020,1/23/2021,6/12/2021,CDP-CHS-501036,173-33-5474
CNT-CDP-9352-861,Individual,GRP-844529,2/7/2020,2/6/2021,12/14/2021,CDP-RWP-867534,485-56-3024
CNT-CDP-4529-606,Group,GRP-002909,5/27/2020,5/27/2021,2/8/2022,CDP-NC-355709,683-18-9050
CNT-CDP-2962-572,Group,GRP-294140,4/21/2020,4/21/2021,,CDP-ADS-864979,522-29-3424
CNT-CDP-4223-178,Individual,GRP-400015,9/18/2020,9/18/2021,11/5/2021,CDP-RCA-783875,294-53-3385
CNT-CDP-9917-012,Family,GRP-640452,11/7/2020,11/7/2021,2/15/2022,CDP-BJHP-038233,234-75-7522
CNT-CDP-6974-932,Group,GRP-505779,2/1/2020,1/31/2021,4/12/2021,CDP-CCC-228385,674-16-7205
CNT-CDP-4868-339,Individual,GRP-157781,5/18/2020,5/18/2021,,CDP-CDCP-171336,462-50-5376
CNT-CDP-1334-847,Group,GRP-476301,7/12/2020,7/12/2021,10/16/2021,CDP-CHS-501036,366-58-7947
CNT-CDP-6587-959,Individual,GRP-703487,3/30/2020,3/30/2021,8/13/2021,CDP-RWP-867534,283-48-1886
CNT-CDP-9212-796,Individual,GRP-879290,9/30/2020,9/30/2021,9/5/2022,CDP-NC-355709,823-30-1230
CNT-CDP-5391-438,Family,GRP-277577,1/2/2020,1/1/2021,,CDP-ADS-864979,688-16-5212
CNT-CDP-0551-871,Individual,GRP-159772,8/27/2020,8/27/2021,5/28/2022,CDP-RCA-783875,576-62-9974
CNT-CDP-1172-175,Group,GRP-722149,7/15/2020,7/15/2021,,CDP-BJHP-038233,479-33-8552
CNT-CDP-8294-341,Family,GRP-218233,3/25/2020,3/25/2021,10/6/2021,CDP-CCC-228385,391-99-3823
CNT-CDP-0608-681,Group,GRP-939412,5/23/2020,5/23/2021,9/13/2021,CDP-CDCP-171336,684-49-6147
CNT-CDP-7627-194,Group,GRP-977919,3/1/2020,3/1/2021,10/12/2021,CDP-CHS-501036,245-88-6897
CNT-CDP-6869-221,Individual,GRP-752507,9/24/2020,9/24/2021,11/1/2021,CDP-RWP-867534,528-47-4959
CNT-CDP-6241-655,Group,GRP-761365,8/12/2020,8/12/2021,5/30/2022,CDP-NC-355709,378-87-1056
CNT-CDP-1557-690,Individual,GRP-989617,9/27/2020,9/27/2021,,CDP-ADS-864979,335-22-1485
CNT-CDP-8822-651,Family,GRP-786754,10/2/2020,10/2/2021,2/25/2022,CDP-RCA-783875,332-50-8142
CNT-CDP-1755-795,Family,GRP-855135,12/27/2020,12/27/2021,10/4/2022,CDP-BJHP-038233,577-06-7349
CNT-CDP-2104-665,Family,GRP-828188,5/3/2020,5/3/2021,8/29/2021,CDP-CCC-228385,399-40-1520
CNT-CDP-5426-463,Group,GRP-896833,3/31/2020,3/31/2021,,CDP-CDCP-171336,115-02-5084
CNT-CDP-3241-357,Individual,GRP-809620,4/17/2020,4/17/2021,8/10/2021,CDP-CHS-501036,489-98-8589
CNT-CDP-5737-022,Family,GRP-987393,6/7/2020,6/7/2021,,CDP-RWP-867534,885-30-2051
CNT-CDP-9333-709,Individual,GRP-657896,12/12/2020,12/12/2021,,CDP-NC-355709,618-40-5613
CNT-CDP-7588-295,Individual,GRP-706456,10/4/2020,10/4/2021,7/10/2022,CDP-ADS-864979,352-32-0242
CNT-CDP-3274-672,Family,GRP-575089,9/1/2020,9/1/2021,,CDP-RCA-783875,255-98-5864
CNT-CDP-4427-989,Family,GRP-834570,7/5/2020,7/5/2021,,CDP-BJHP-038233,819-29-9354
CNT-CDP-2988-949,Group,GRP-262998,9/4/2020,9/4/2021,,CDP-CCC-228385,762-49-1943
