ParticipantSSN,ContractNumber
610-49-9293,CNT-CDP-3373-296
579-86-1002,CNT-CDP-8306-266
279-52-6858,CNT-CDP-7741-528
209-75-8837,CNT-CDP-5503-575
447-15-6198,CNT-CDP-7801-112
876-75-7883,CNT-CDP-9947-797
593-86-0796,CNT-CDP-4430-615
818-37-9242,CNT-CDP-2095-986
508-64-6235,CNT-CDP-5466-865
885-91-0167,CNT-CDP-2244-709
461-20-3719,CNT-CDP-1381-269
595-85-3976,CNT-CDP-0620-685
886-99-7136,CNT-CDP-8097-521
205-11-1734,CNT-CDP-8017-864
706-37-4457,CNT-CDP-3629-412
596-39-3529,CNT-CDP-1167-031
167-89-5333,CNT-CDP-4150-445
827-71-7148,CNT-CDP-1484-935
866-96-6525,CNT-CDP-9510-554
129-87-4848,CNT-CDP-5158-591
851-70-6411,CNT-CDP-9804-486
405-63-3247,CNT-CDP-2190-830
131-06-6417,CNT-CDP-9269-169
190-93-7573,CNT-CDP-7338-180
793-95-0811,CNT-CDP-5655-658
635-40-9726,CNT-CDP-2425-737
202-83-2746,CNT-CDP-4465-001
247-82-5713,CNT-CDP-0574-136
523-84-7464,CNT-CDP-6040-860
388-98-7244,CNT-CDP-2639-333
240-61-2730,CNT-CDP-6383-302
509-94-1975,CNT-CDP-2133-221
572-04-0412,CNT-CDP-5684-031
448-24-5957,CNT-CDP-1054-629
391-79-2620,CNT-CDP-6926-210
607-60-3163,CNT-CDP-2211-774
291-30-8533,CNT-CDP-8916-844
293-49-1916,CNT-CDP-4970-456
828-45-2966,CNT-CDP-7837-415
410-10-8392,CNT-CDP-4870-659
717-10-8553,CNT-CDP-2919-841
798-78-5754,CNT-CDP-0133-799
519-23-8169,CNT-CDP-9721-612
449-79-5694,CNT-CDP-5381-536
467-04-9857,CNT-CDP-4233-970
530-40-1302,CNT-CDP-0826-776
539-88-9601,CNT-CDP-5655-546
720-11-4922,CNT-CDP-2640-709
419-12-2265,CNT-CDP-5960-330
819-26-2793,CNT-CDP-6907-674
189-41-0878,CNT-CDP-3830-130
876-60-7706,CNT-CDP-4893-951
236-27-2728,CNT-CDP-0192-106
670-62-6244,CNT-CDP-0435-057
643-24-4270,CNT-CDP-3564-522
441-82-5743,CNT-CDP-4726-769
339-45-9534,CNT-CDP-0498-818
152-46-1904,CNT-CDP-7896-678
788-05-2536,CNT-CDP-7552-534
505-82-3391,CNT-CDP-4697-713
699-82-8157,CNT-CDP-8624-324
237-11-9037,CNT-CDP-4908-175
388-51-5129,CNT-CDP-9250-207
790-82-9647,CNT-CDP-6376-598
468-53-0732,CNT-CDP-8598-484
581-70-2101,CNT-CDP-0291-814
400-86-0987,CNT-CDP-7398-586
357-96-8973,CNT-CDP-0402-822
704-46-3149,CNT-CDP-0393-666
402-04-1740,CNT-CDP-5102-868
852-41-6011,CNT-CDP-6396-007
765-73-2755,CNT-CDP-5916-742
605-08-1681,CNT-CDP-6364-449
148-31-4035,CNT-CDP-6785-016
339-34-8294,CNT-CDP-1975-973
157-06-2056,CNT-CDP-2048-565
619-64-9137,CNT-CDP-3954-692
552-21-5045,CNT-CDP-0288-826
234-61-3814,CNT-CDP-8710-618
349-34-1083,CNT-CDP-3189-138
218-41-2069,CNT-CDP-6048-253
616-39-1326,CNT-CDP-1945-250
741-74-4629,CNT-CDP-1835-451
403-78-0895,CNT-CDP-6461-353
817-51-9364,CNT-CDP-4025-134
644-96-8693,CNT-CDP-4868-700
238-10-3000,CNT-CDP-2922-987
238-99-0987,CNT-CDP-1708-875
699-05-1228,CNT-CDP-1435-185
638-96-6224,CNT-CDP-2610-339
348-07-4008,CNT-CDP-4112-553
468-64-7107,CNT-CDP-0376-223
758-75-4989,CNT-CDP-1528-993
863-09-0505,CNT-CDP-1135-832
742-05-5655,CNT-CDP-3541-609
637-27-3403,CNT-CDP-5615-634
677-88-6713,CNT-CDP-2923-354
773-33-1059,CNT-CDP-3374-099
741-21-6498,CNT-CDP-5068-733
794-74-9908,CNT-CDP-7959-985
339-67-6006,CNT-CDP-0206-644
319-69-2302,CNT-CDP-1642-014
385-63-4369,CNT-CDP-7767-366
482-72-0053,CNT-CDP-4071-313
213-98-3133,CNT-CDP-1352-509
448-23-9737,CNT-CDP-1271-220
731-42-7758,CNT-CDP-5477-402
583-53-5498,CNT-CDP-7978-668
133-88-2037,CNT-CDP-4961-817
194-97-6180,CNT-CDP-8050-366
687-14-8468,CNT-CDP-6185-150
780-59-3739,CNT-CDP-6655-090
157-37-7810,CNT-CDP-1642-307
410-77-5170,CNT-CDP-4512-987
621-69-7134,CNT-CDP-3742-699
791-41-2793,CNT-CDP-8669-871
450-01-5808,CNT-CDP-2212-507
583-40-7566,CNT-CDP-3509-463
802-10-9305,CNT-CDP-5083-233
278-60-8880,CNT-CDP-4771-659
714-92-8337,CNT-CDP-0965-714
629-28-2815,CNT-CDP-6776-498
524-04-2512,CNT-CDP-0300-151
888-61-8766,CNT-CDP-4710-088
108-06-8483,CNT-CDP-1106-486
366-69-0189,CNT-CDP-9907-355
339-65-4917,CNT-CDP-4085-411
437-39-9766,CNT-CDP-2478-608
665-09-1635,CNT-CDP-8945-045
318-85-5909,CNT-CDP-1152-783
731-48-4015,CNT-CDP-8711-127
352-34-7646,CNT-CDP-3821-674
547-03-2355,CNT-CDP-1434-089
821-55-7210,CNT-CDP-0090-492
572-90-2330,CNT-CDP-9534-035
380-80-3694,CNT-CDP-2232-683
564-31-4802,CNT-CDP-2122-869
138-43-8025,CNT-CDP-0069-374
128-30-1454,CNT-CDP-9006-328
576-51-7533,CNT-CDP-1709-906
808-41-5349,CNT-CDP-6853-799
593-20-1431,CNT-CDP-4238-598
468-06-5187,CNT-CDP-0887-483
152-51-6054,CNT-CDP-5005-153
428-35-1963,CNT-CDP-0152-682
407-49-4947,CNT-CDP-4954-947
485-77-2462,CNT-CDP-1824-562
777-37-9137,CNT-CDP-9688-417
144-67-2066,CNT-CDP-6186-446
413-75-8893,CNT-CDP-0883-374
477-85-3908,CNT-CDP-6703-032
573-48-7178,CNT-CDP-3341-975
576-61-0312,CNT-CDP-2588-283
349-18-9995,CNT-CDP-2116-290
391-47-2914,CNT-CDP-3750-460
380-81-5232,CNT-CDP-6101-976
834-94-9787,CNT-CDP-7991-575
600-88-0740,CNT-CDP-1503-699
194-15-3874,CNT-CDP-1332-824
786-22-0608,CNT-CDP-2934-125
707-63-3441,CNT-CDP-9973-106
276-53-7399,CNT-CDP-8971-863
471-30-0946,CNT-CDP-9461-087
652-40-1519,CNT-CDP-5224-503
730-77-0740,CNT-CDP-2586-072
200-44-7207,CNT-CDP-0453-769
106-80-0367,CNT-CDP-8825-295
462-29-7819,CNT-CDP-8743-030
264-76-0855,CNT-CDP-8399-261
255-98-6577,CNT-CDP-4246-537
201-54-8375,CNT-CDP-9203-822
559-08-7010,CNT-CDP-2268-140
460-07-4051,CNT-CDP-5274-895
346-46-2775,CNT-CDP-4879-954
601-49-5425,CNT-CDP-0439-088
602-41-1450,CNT-CDP-3309-004
584-44-5239,CNT-CDP-2535-634
654-13-2767,CNT-CDP-6459-645
179-97-0277,CNT-CDP-0155-591
235-81-7492,CNT-CDP-7985-097
362-77-7406,CNT-CDP-8511-813
518-68-6558,CNT-CDP-1305-765
442-35-1405,CNT-CDP-4523-793
651-45-8516,CNT-CDP-1201-052
231-47-5765,CNT-CDP-1231-632
534-59-3685,CNT-CDP-1601-529
793-45-8080,CNT-CDP-4692-704
385-26-5865,CNT-CDP-4000-078
535-59-1747,CNT-CDP-4388-561
293-53-0322,CNT-CDP-8617-798
860-34-6786,CNT-CDP-4443-151
835-77-2494,CNT-CDP-3737-853
503-64-6573,CNT-CDP-5422-451
358-11-2334,CNT-CDP-3895-588
354-83-9201,CNT-CDP-3314-074
498-45-1196,CNT-CDP-7938-639
255-49-7726,CNT-CDP-4429-498
509-50-3836,CNT-CDP-9110-684
618-95-8756,CNT-CDP-1347-834
466-75-1491,CNT-CDP-0545-748
480-08-1662,CNT-CDP-4631-613
285-15-0932,CNT-CDP-7487-651
141-31-2586,CNT-CDP-9812-999
873-87-1654,CNT-CDP-7619-646
155-78-1348,CNT-CDP-5599-542
397-70-7613,CNT-CDP-4874-154
645-16-6379,CNT-CDP-9508-453
120-97-8038,CNT-CDP-1323-668
376-93-8302,CNT-CDP-9194-620
458-57-3411,CNT-CDP-1358-438
769-38-0919,CNT-CDP-9035-645
798-41-7566,CNT-CDP-3408-470
742-39-7135,CNT-CDP-1087-196
796-16-6826,CNT-CDP-1533-827
759-04-1628,CNT-CDP-3633-103
366-08-5482,CNT-CDP-6380-002
473-26-1676,CNT-CDP-7568-735
782-93-9475,CNT-CDP-9959-328
606-29-3448,CNT-CDP-3925-618
248-30-6439,CNT-CDP-1451-468
746-68-0537,CNT-CDP-5492-471
407-12-4027,CNT-CDP-6274-187
255-69-6684,CNT-CDP-8572-047
728-53-8085,CNT-CDP-2082-812
590-50-6264,CNT-CDP-5301-473
175-73-4090,CNT-CDP-7486-471
139-44-3836,CNT-CDP-4697-553
820-15-1447,CNT-CDP-1024-207
216-78-6463,CNT-CDP-4596-518
561-50-3924,CNT-CDP-6266-128
433-08-1085,CNT-CDP-8553-322
503-59-9309,CNT-CDP-6674-730
558-96-4784,CNT-CDP-6171-071
712-31-8032,CNT-CDP-2512-198
494-22-2167,CNT-CDP-7422-970
610-93-9785,CNT-CDP-2242-539
772-95-5525,CNT-CDP-5503-541
345-80-3431,CNT-CDP-1388-251
798-69-7020,CNT-CDP-1688-834
569-70-4201,CNT-CDP-6784-030
182-88-8867,CNT-CDP-1336-550
395-82-3005,CNT-CDP-5550-244
432-62-0999,CNT-CDP-2494-890
717-07-5526,CNT-CDP-0616-505
491-65-7150,CNT-CDP-8578-432
454-33-9195,CNT-CDP-4901-899
156-20-0430,CNT-CDP-9700-206
679-76-7553,CNT-CDP-7858-277
678-46-7924,CNT-CDP-4118-325
898-59-7318,CNT-CDP-6834-795
851-95-0098,CNT-CDP-9868-292
779-71-0598,CNT-CDP-6141-785
530-55-3998,CNT-CDP-9475-768
690-52-2414,CNT-CDP-2907-573
523-91-9584,CNT-CDP-4832-606
340-15-6683,CNT-CDP-8555-060
148-21-7841,CNT-CDP-9492-940
651-13-0356,CNT-CDP-2265-515
574-80-7274,CNT-CDP-4653-779
592-86-6356,CNT-CDP-7027-736
865-27-7224,CNT-CDP-0045-043
143-99-8510,CNT-CDP-5160-561
552-33-0735,CNT-CDP-3402-858
842-03-5322,CNT-CDP-0196-684
118-17-2606,CNT-CDP-8620-279
134-16-1013,CNT-CDP-8556-256
889-53-3084,CNT-CDP-5859-546
452-87-3678,CNT-CDP-7006-280
404-84-1685,CNT-CDP-6859-791
658-06-6620,CNT-CDP-8393-974
236-48-0351,CNT-CDP-6055-372
688-19-5112,CNT-CDP-9670-435
372-47-0343,CNT-CDP-6055-378
738-11-2006,CNT-CDP-9687-844
688-89-2581,CNT-CDP-7461-885
809-10-6453,CNT-CDP-8383-950
596-98-2441,CNT-CDP-1302-592
210-11-8084,CNT-CDP-9768-397
431-58-2023,CNT-CDP-4219-166
172-35-4787,CNT-CDP-3385-096
467-05-2357,CNT-CDP-3936-853
436-96-8969,CNT-CDP-5037-837
218-02-7702,CNT-CDP-0138-654
191-29-1342,CNT-CDP-6722-563
306-60-5337,CNT-CDP-6342-332
418-74-6794,CNT-CDP-2683-741
233-75-6662,CNT-CDP-0489-321
490-40-1588,CNT-CDP-6784-383
801-09-7708,CNT-CDP-6911-649
820-77-7245,CNT-CDP-9142-487
644-76-0661,CNT-CDP-9783-931
405-13-6140,CNT-CDP-7206-838
728-75-7814,CNT-CDP-1691-964
874-87-4651,CNT-CDP-6491-686
724-04-3417,CNT-CDP-4981-274
690-83-3995,CNT-CDP-7386-126
833-98-3310,CNT-CDP-8309-891
854-55-8741,CNT-CDP-1299-479
461-73-0545,CNT-CDP-0745-264
102-28-3365,CNT-CDP-5910-468
363-63-5170,CNT-CDP-3182-970
876-48-9091,CNT-CDP-4580-978
205-97-6013,CNT-CDP-5608-302
227-65-2844,CNT-CDP-8194-783
755-95-0852,CNT-CDP-6217-509
828-48-4165,CNT-CDP-4228-131
638-35-6824,CNT-CDP-8370-550
248-15-9410,CNT-CDP-7873-565
199-41-1730,CNT-CDP-6366-750
696-80-9575,CNT-CDP-1241-826
353-61-8866,CNT-CDP-4542-423
220-98-2671,CNT-CDP-8865-006
721-62-6220,CNT-CDP-1908-264
389-48-3357,CNT-CDP-0466-712
881-67-1386,CNT-CDP-4921-307
590-31-7629,CNT-CDP-0534-467
304-51-8458,CNT-CDP-3473-243
748-37-1331,CNT-CDP-0658-463
110-62-5664,CNT-CDP-0936-342
820-50-5794,CNT-CDP-4659-484
885-16-3442,CNT-CDP-0683-875
370-94-5257,CNT-CDP-8640-183
677-18-7196,CNT-CDP-6391-152
373-97-4948,CNT-CDP-1744-820
466-99-1961,CNT-CDP-4421-061
482-78-1086,CNT-CDP-8758-934
865-92-5086,CNT-CDP-0320-788
165-23-5004,CNT-CDP-7756-274
340-32-3213,CNT-CDP-7401-540
243-17-4590,CNT-CDP-3251-625
524-64-8226,CNT-CDP-4833-012
397-35-4548,CNT-CDP-6515-388
620-10-6279,CNT-CDP-0764-907
270-74-3923,CNT-CDP-4691-864
759-07-8959,CNT-CDP-7269-106
147-15-8305,CNT-CDP-5184-234
883-01-4274,CNT-CDP-2089-762
409-27-3625,CNT-CDP-5436-308
279-39-9928,CNT-CDP-0212-945
828-58-5725,CNT-CDP-3707-775
416-69-4686,CNT-CDP-5973-320
855-38-9043,CNT-CDP-8843-234
636-92-3855,CNT-CDP-6174-353
442-40-4264,CNT-CDP-0227-977
749-32-3224,CNT-CDP-6916-808
835-58-6346,CNT-CDP-9470-533
330-44-3276,CNT-CDP-5884-498
189-11-4257,CNT-CDP-6944-916
467-78-0549,CNT-CDP-0958-779
642-23-4122,CNT-CDP-0939-082
528-41-5540,CNT-CDP-0364-861
279-28-7969,CNT-CDP-2255-039
227-05-2354,CNT-CDP-4472-033
432-97-0414,CNT-CDP-1132-893
263-29-7390,CNT-CDP-4908-047
555-68-2746,CNT-CDP-8562-124
613-80-3254,CNT-CDP-1023-535
172-20-1198,CNT-CDP-7589-366
452-74-2533,CNT-CDP-7641-256
420-64-2273,CNT-CDP-5327-190
333-64-7655,CNT-CDP-1547-355
581-90-0982,CNT-CDP-7174-379
670-05-2263,CNT-CDP-8690-290
709-72-7382,CNT-CDP-7343-257
104-95-4544,CNT-CDP-9732-097
780-31-4369,CNT-CDP-8267-434
495-06-6427,CNT-CDP-5210-397
725-04-3952,CNT-CDP-7404-978
802-44-3066,CNT-CDP-7212-177
451-43-9983,CNT-CDP-5220-589
634-08-6108,CNT-CDP-2832-547
293-60-1882,CNT-CDP-3407-678
553-27-0884,CNT-CDP-7928-952
590-94-9320,CNT-CDP-6475-694
596-10-2473,CNT-CDP-6240-985
408-91-3036,CNT-CDP-6752-094
123-36-6495,CNT-CDP-3502-551
309-17-5482,CNT-CDP-1564-232
873-15-0859,CNT-CDP-4967-777
158-23-3615,CNT-CDP-1652-944
894-13-5728,CNT-CDP-4392-631
305-29-7802,CNT-CDP-3475-220
270-74-8198,CNT-CDP-0903-673
896-28-9199,CNT-CDP-5075-745
880-38-0607,CNT-CDP-2560-510
828-20-9034,CNT-CDP-0098-302
438-65-6702,CNT-CDP-3494-580
817-95-2464,CNT-CDP-1120-060
681-80-5419,CNT-CDP-2292-369
446-23-9165,CNT-CDP-1598-945
617-11-3173,CNT-CDP-7717-377
818-40-5145,CNT-CDP-6256-322
256-20-7137,CNT-CDP-6703-939
508-03-2394,CNT-CDP-2250-134
659-96-8770,CNT-CDP-8449-566
687-85-6145,CNT-CDP-7307-339
384-05-4928,CNT-CDP-2461-700
618-68-3042,CNT-CDP-3570-555
425-85-7166,CNT-CDP-8459-406
382-86-2475,CNT-CDP-6654-149
241-69-1348,CNT-CDP-8201-958
395-34-4155,CNT-CDP-7444-147
718-91-5189,CNT-CDP-7379-495
204-76-9461,CNT-CDP-9677-708
775-71-1696,CNT-CDP-4859-484
215-04-3547,CNT-CDP-6244-491
314-07-9926,CNT-CDP-5803-851
861-65-1730,CNT-CDP-2639-503
867-06-7123,CNT-CDP-2345-204
477-12-0920,CNT-CDP-6371-507
217-15-8168,CNT-CDP-6612-374
878-41-7771,CNT-CDP-5039-924
149-14-7347,CNT-CDP-0165-816
389-47-6961,CNT-CDP-7299-158
747-77-3483,CNT-CDP-5138-432
124-97-4413,CNT-CDP-8023-432
482-97-7607,CNT-CDP-7570-004
204-88-9079,CNT-CDP-3470-453
154-35-8724,CNT-CDP-3210-969
630-73-9931,CNT-CDP-2460-019
656-05-0343,CNT-CDP-5379-381
679-41-8178,CNT-CDP-9562-404
638-35-6818,CNT-CDP-0012-149
375-03-4051,CNT-CDP-2950-681
206-27-6622,CNT-CDP-5622-270
566-28-7266,CNT-CDP-5277-908
326-37-7476,CNT-CDP-0583-756
564-83-9620,CNT-CDP-9208-549
589-76-1170,CNT-CDP-1384-365
338-48-3042,CNT-CDP-7520-153
895-02-4391,CNT-CDP-2664-430
422-24-4223,CNT-CDP-7969-902
211-86-9170,CNT-CDP-4716-686
658-74-3933,CNT-CDP-9251-365
165-57-9812,CNT-CDP-0735-160
291-30-2108,CNT-CDP-9193-513
410-43-9350,CNT-CDP-9548-714
518-11-4899,CNT-CDP-4355-213
665-24-8168,CNT-CDP-5883-370
502-67-5285,CNT-CDP-7633-031
475-95-2595,CNT-CDP-4298-194
498-46-1930,CNT-CDP-8860-145
725-65-7781,CNT-CDP-6359-891
767-59-7431,CNT-CDP-5491-579
300-44-3169,CNT-CDP-7846-837
668-38-6763,CNT-CDP-0043-128
623-03-6583,CNT-CDP-1752-610
770-36-0505,CNT-CDP-4838-473
412-40-8935,CNT-CDP-6362-620
308-18-0400,CNT-CDP-6472-018
180-34-1296,CNT-CDP-3649-607
637-69-7020,CNT-CDP-8741-560
578-90-4275,CNT-CDP-8452-467
745-78-1608,CNT-CDP-4814-607
677-10-3008,CNT-CDP-0530-984
218-74-8622,CNT-CDP-7016-102
269-09-2538,CNT-CDP-6403-634
552-35-2438,CNT-CDP-8550-485
412-90-7672,CNT-CDP-3236-919
299-16-0447,CNT-CDP-0166-217
215-74-6228,CNT-CDP-4618-585
399-69-0947,CNT-CDP-3283-313
861-72-0342,CNT-CDP-5374-530
208-07-0529,CNT-CDP-3226-308
848-89-8687,CNT-CDP-5956-156
166-98-1091,CNT-CDP-1681-460
422-62-2182,CNT-CDP-3513-651
265-97-9539,CNT-CDP-0048-189
306-14-3634,CNT-CDP-7129-001
410-80-0544,CNT-CDP-0025-074
875-29-6614,CNT-CDP-4226-906
588-96-0601,CNT-CDP-4794-011
598-95-4048,CNT-CDP-3138-200
522-52-7381,CNT-CDP-3261-885
437-28-5709,CNT-CDP-8773-843
113-71-9326,CNT-CDP-0703-703
896-81-5156,CNT-CDP-7695-110
519-93-6599,CNT-CDP-2794-924
722-26-0647,CNT-CDP-4697-407
857-52-5906,CNT-CDP-8278-068
814-01-5556,CNT-CDP-7848-670
780-65-8298,CNT-CDP-4885-368
651-90-2964,CNT-CDP-0705-782
640-60-8033,CNT-CDP-2085-309
334-65-6897,CNT-CDP-3835-236
631-57-4730,CNT-CDP-9071-527
801-87-9957,CNT-CDP-8176-312
153-98-4419,CNT-CDP-6356-443
550-01-2806,CNT-CDP-1303-991
769-62-7163,CNT-CDP-5770-589
712-79-7833,CNT-CDP-8758-759
855-40-9834,CNT-CDP-7169-983
748-90-4117,CNT-CDP-3592-132
326-04-0614,CNT-CDP-4635-159
583-39-4347,CNT-CDP-0695-142
836-35-2450,CNT-CDP-6628-502
858-53-2358,CNT-CDP-0445-531
292-03-4310,CNT-CDP-3103-701
725-60-1616,CNT-CDP-6440-083
466-57-9223,CNT-CDP-8889-788
487-56-0765,CNT-CDP-9199-884
454-65-2244,CNT-CDP-7225-678
211-75-6735,CNT-CDP-1854-163
461-64-8000,CNT-CDP-9453-431
673-93-5626,CNT-CDP-9142-986
767-58-5012,CNT-CDP-0696-193
671-35-6780,CNT-CDP-4785-095
891-71-5209,CNT-CDP-1691-543
274-23-4209,CNT-CDP-7755-654
665-42-8225,CNT-CDP-2948-417
576-02-7873,CNT-CDP-6726-517
769-42-1440,CNT-CDP-1686-344
413-61-4244,CNT-CDP-0952-359
224-89-7111,CNT-CDP-9810-437
711-16-6050,CNT-CDP-8648-617
574-61-8207,CNT-CDP-8627-277
101-56-9295,CNT-CDP-1266-207
868-46-4808,CNT-CDP-8613-486
407-71-8866,CNT-CDP-7084-441
419-63-5905,CNT-CDP-2225-044
811-58-1212,CNT-CDP-5220-091
626-66-5584,CNT-CDP-6784-885
168-19-0481,CNT-CDP-8795-526
692-47-2357,CNT-CDP-4297-856
373-67-9626,CNT-CDP-2183-000
320-25-2977,CNT-CDP-7146-925
854-69-3970,CNT-CDP-6430-594
832-18-4073,CNT-CDP-5583-933
891-07-5697,CNT-CDP-2519-036
546-49-9513,CNT-CDP-4259-735
831-60-3564,CNT-CDP-2283-636
423-42-6653,CNT-CDP-7820-783
877-30-9023,CNT-CDP-0296-158
207-52-4102,CNT-CDP-9120-282
435-05-0700,CNT-CDP-8976-574
382-63-8299,CNT-CDP-1686-121
846-34-3911,CNT-CDP-6094-001
836-20-4847,CNT-CDP-5856-605
405-52-0926,CNT-CDP-0408-502
698-63-5228,CNT-CDP-6145-479
246-11-0693,CNT-CDP-9285-805
452-06-1895,CNT-CDP-3461-691
311-66-1684,CNT-CDP-6814-078
343-33-5214,CNT-CDP-6407-252
440-42-6830,CNT-CDP-1423-688
170-42-7020,CNT-CDP-3503-303
812-47-4366,CNT-CDP-2140-742
848-15-3861,CNT-CDP-6281-979
648-70-8389,CNT-CDP-4854-921
288-01-1542,CNT-CDP-6641-080
167-69-8830,CNT-CDP-9721-992
195-16-8775,CNT-CDP-3520-881
196-06-4246,CNT-CDP-1964-119
356-06-2615,CNT-CDP-7526-443
643-75-4490,CNT-CDP-9881-842
502-34-5495,CNT-CDP-9564-311
550-04-8011,CNT-CDP-8927-296
439-08-4926,CNT-CDP-9435-295
742-17-1797,CNT-CDP-9935-583
205-88-6671,CNT-CDP-3423-266
318-72-1140,CNT-CDP-0693-669
892-67-6729,CNT-CDP-4884-670
760-37-3870,CNT-CDP-5393-636
174-14-9898,CNT-CDP-4972-406
105-16-0062,CNT-CDP-7072-546
147-79-1604,CNT-CDP-0458-892
769-27-7643,CNT-CDP-8393-267
172-15-5864,CNT-CDP-7409-650
806-27-1364,CNT-CDP-0138-017
351-96-2375,CNT-CDP-6091-049
384-43-7868,CNT-CDP-3352-445
715-87-9169,CNT-CDP-2968-518
148-43-5997,CNT-CDP-6675-366
452-13-2599,CNT-CDP-0006-619
328-69-1877,CNT-CDP-2373-020
426-05-6847,CNT-CDP-7934-726
267-51-7167,CNT-CDP-4517-168
404-57-8848,CNT-CDP-2482-116
239-06-0621,CNT-CDP-7714-726
721-44-7417,CNT-CDP-8729-673
266-90-7356,CNT-CDP-3626-233
242-25-3029,CNT-CDP-7878-580
264-86-8496,CNT-CDP-4982-687
570-20-4704,CNT-CDP-1871-181
193-23-7237,CNT-CDP-2420-167
532-46-5996,CNT-CDP-9697-067
314-65-1473,CNT-CDP-7840-240
805-51-4969,CNT-CDP-7719-845
421-04-9394,CNT-CDP-0934-058
168-79-9083,CNT-CDP-2493-116
281-33-6349,CNT-CDP-0592-659
144-69-1239,CNT-CDP-1796-630
540-16-2316,CNT-CDP-2695-550
827-62-1731,CNT-CDP-4272-021
530-18-4525,CNT-CDP-5346-601
611-60-3735,CNT-CDP-0766-102
506-52-3453,CNT-CDP-3659-832
832-11-1012,CNT-CDP-7818-755
488-83-7241,CNT-CDP-0541-865
687-14-9508,CNT-CDP-5662-622
406-83-5724,CNT-CDP-1769-166
154-17-4756,CNT-CDP-8009-513
477-18-6040,CNT-CDP-9297-790
863-63-4452,CNT-CDP-5200-904
750-65-1652,CNT-CDP-3189-415
271-55-5844,CNT-CDP-6016-002
479-70-0617,CNT-CDP-7980-782
319-97-3741,CNT-CDP-6431-317
570-34-3725,CNT-CDP-1676-188
246-46-2805,CNT-CDP-1839-909
273-84-7605,CNT-CDP-2548-369
843-37-1464,CNT-CDP-3887-648
706-50-6435,CNT-CDP-7904-696
335-55-0771,CNT-CDP-1754-791
476-05-8235,CNT-CDP-0277-107
375-52-5390,CNT-CDP-9213-941
516-82-3078,CNT-CDP-0506-660
575-47-6655,CNT-CDP-9941-051
136-34-4192,CNT-CDP-2875-651
845-06-1204,CNT-CDP-3540-143
360-35-9254,CNT-CDP-8322-326
700-99-1246,CNT-CDP-2586-316
129-81-6928,CNT-CDP-9419-990
549-59-2938,CNT-CDP-5311-299
791-40-0153,CNT-CDP-0000-939
569-89-8759,CNT-CDP-6984-981
390-09-2818,CNT-CDP-3959-709
145-41-8837,CNT-CDP-7683-513
866-84-4791,CNT-CDP-5417-947
686-08-9225,CNT-CDP-4724-585
196-70-3844,CNT-CDP-6539-835
554-50-9905,CNT-CDP-4771-397
883-23-4231,CNT-CDP-1234-769
810-60-9067,CNT-CDP-2701-653
833-68-2941,CNT-CDP-8082-849
155-26-3040,CNT-CDP-7089-233
384-13-8704,CNT-CDP-4706-084
295-93-6910,CNT-CDP-3529-529
864-57-4496,CNT-CDP-4331-816
194-54-4458,CNT-CDP-0903-216
855-68-6911,CNT-CDP-2950-279
329-14-4278,CNT-CDP-5990-156
548-84-4083,CNT-CDP-2291-941
691-15-6623,CNT-CDP-4915-489
426-74-7938,CNT-CDP-7316-520
643-03-8363,CNT-CDP-0513-363
801-57-0457,CNT-CDP-9113-700
701-63-0516,CNT-CDP-5443-289
894-77-3273,CNT-CDP-1726-079
538-22-4706,CNT-CDP-4343-248
835-83-6338,CNT-CDP-0052-515
826-88-9660,CNT-CDP-1814-699
881-07-1074,CNT-CDP-2296-977
402-18-0776,CNT-CDP-8141-632
512-81-8385,CNT-CDP-7214-628
169-66-4297,CNT-CDP-5348-125
442-09-2325,CNT-CDP-7072-802
234-20-9996,CNT-CDP-1585-636
422-26-6965,CNT-CDP-1981-863
251-49-5605,CNT-CDP-8185-458
591-57-1342,CNT-CDP-1820-045
111-59-5728,CNT-CDP-9840-855
495-08-4173,CNT-CDP-3793-082
559-29-8347,CNT-CDP-7314-241
178-81-6643,CNT-CDP-4379-909
793-81-0397,CNT-CDP-2186-658
124-63-1252,CNT-CDP-4539-202
353-44-0811,CNT-CDP-0987-596
426-48-1084,CNT-CDP-8823-311
260-61-2593,CNT-CDP-6819-140
251-95-2986,CNT-CDP-1664-571
833-50-5442,CNT-CDP-7866-739
671-11-4380,CNT-CDP-3538-331
213-04-0391,CNT-CDP-8595-947
559-59-7476,CNT-CDP-0980-666
480-55-0028,CNT-CDP-2796-047
394-95-0689,CNT-CDP-0939-154
854-07-7414,CNT-CDP-5847-992
871-19-3929,CNT-CDP-6058-304
537-52-6838,CNT-CDP-2559-978
835-43-9683,CNT-CDP-2758-078
501-93-2027,CNT-CDP-6384-458
625-38-5026,CNT-CDP-4887-066
517-44-3502,CNT-CDP-2779-510
384-47-2867,CNT-CDP-7038-625
573-58-1279,CNT-CDP-9424-824
808-75-7648,CNT-CDP-1986-826
690-64-7217,CNT-CDP-4388-592
187-94-3645,CNT-CDP-9084-081
474-37-9110,CNT-CDP-8090-667
478-04-6247,CNT-CDP-1668-340
442-29-3478,CNT-CDP-5357-954
183-38-2315,CNT-CDP-4368-704
395-46-8061,CNT-CDP-6399-413
309-23-0999,CNT-CDP-3951-998
851-89-3166,CNT-CDP-9515-836
663-31-8168,CNT-CDP-6744-919
746-27-2906,CNT-CDP-4270-326
143-02-4084,CNT-CDP-6624-320
790-77-4456,CNT-CDP-5455-241
553-50-2224,CNT-CDP-3355-233
702-65-2723,CNT-CDP-3884-594
668-64-4082,CNT-CDP-1303-878
482-94-1921,CNT-CDP-8837-829
420-98-1341,CNT-CDP-2290-256
495-86-1677,CNT-CDP-9543-145
413-53-5235,CNT-CDP-4117-855
879-49-2502,CNT-CDP-0320-619
289-88-1009,CNT-CDP-8163-364
624-89-5286,CNT-CDP-6263-412
268-12-3722,CNT-CDP-0640-430
637-23-9480,CNT-CDP-8133-157
324-77-2943,CNT-CDP-5664-951
505-72-8304,CNT-CDP-6640-999
361-12-6724,CNT-CDP-5520-624
225-19-6163,CNT-CDP-8519-024
692-16-4129,CNT-CDP-5965-792
559-41-3913,CNT-CDP-0031-259
872-21-2000,CNT-CDP-1708-732
145-19-3866,CNT-CDP-9576-379
400-10-9425,CNT-CDP-0648-936
449-54-5831,CNT-CDP-4062-697
728-54-5349,CNT-CDP-3627-043
451-01-0226,CNT-CDP-4766-809
113-76-0156,CNT-CDP-8132-693
255-12-4126,CNT-CDP-1981-727
510-68-2112,CNT-CDP-9035-841
545-79-3431,CNT-CDP-1350-212
569-95-9868,CNT-CDP-0059-008
374-06-8004,CNT-CDP-6738-069
430-56-3360,CNT-CDP-6342-343
888-06-9666,CNT-CDP-6833-954
430-21-8331,CNT-CDP-9195-527
757-03-2668,CNT-CDP-6054-010
200-86-9508,CNT-CDP-3703-412
139-42-9802,CNT-CDP-4859-759
795-07-6159,CNT-CDP-2125-864
258-88-6017,CNT-CDP-6110-946
649-32-4460,CNT-CDP-0377-990
771-80-8654,CNT-CDP-5029-871
244-82-1895,CNT-CDP-5729-354
243-95-9075,CNT-CDP-3173-410
809-97-4099,CNT-CDP-6674-789
839-36-5416,CNT-CDP-6368-860
498-97-8653,CNT-CDP-5160-021
432-51-0861,CNT-CDP-4229-595
317-65-8363,CNT-CDP-1544-181
694-27-9977,CNT-CDP-8349-877
497-54-9234,CNT-CDP-8986-905
306-52-2146,CNT-CDP-3811-772
513-63-4398,CNT-CDP-8773-043
340-98-1735,CNT-CDP-1701-925
562-33-4807,CNT-CDP-7771-542
615-72-5769,CNT-CDP-2211-144
697-77-4848,CNT-CDP-6382-954
813-95-7146,CNT-CDP-9229-908
754-59-4751,CNT-CDP-9415-635
430-67-5650,CNT-CDP-2750-612
735-94-2574,CNT-CDP-2185-653
827-06-0064,CNT-CDP-4996-479
549-56-8950,CNT-CDP-2401-771
534-11-8770,CNT-CDP-4667-329
586-58-0383,CNT-CDP-6844-322
622-21-0820,CNT-CDP-0272-472
338-66-7457,CNT-CDP-8303-782
778-79-0232,CNT-CDP-4874-503
121-66-8807,CNT-CDP-9534-381
689-42-0811,CNT-CDP-8064-734
463-85-0037,CNT-CDP-7652-991
498-99-7856,CNT-CDP-2895-185
242-89-3457,CNT-CDP-8443-242
388-80-0916,CNT-CDP-9161-928
730-81-2906,CNT-CDP-7460-400
452-30-6396,CNT-CDP-5503-729
320-32-7400,CNT-CDP-7295-758
713-37-0954,CNT-CDP-2652-622
100-04-3565,CNT-CDP-6671-361
828-55-7081,CNT-CDP-9973-546
770-47-1838,CNT-CDP-6525-498
242-39-5623,CNT-CDP-3480-324
402-58-8375,CNT-CDP-5463-404
783-30-3410,CNT-CDP-4475-174
341-62-2387,CNT-CDP-6985-319
334-77-2810,CNT-CDP-7561-398
795-50-2363,CNT-CDP-1047-296
866-54-2725,CNT-CDP-4963-721
647-78-9916,CNT-CDP-8780-023
376-04-2435,CNT-CDP-4289-140
146-42-5456,CNT-CDP-0505-907
733-94-3796,CNT-CDP-6924-543
629-89-3125,CNT-CDP-7073-735
437-10-9861,CNT-CDP-0372-592
150-20-3111,CNT-CDP-2846-703
728-21-6512,CNT-CDP-7235-800
796-43-4400,CNT-CDP-3989-355
634-69-8704,CNT-CDP-0494-537
687-57-9133,CNT-CDP-8882-532
364-08-8925,CNT-CDP-0958-753
471-93-8407,CNT-CDP-6805-890
873-10-9798,CNT-CDP-2198-359
452-75-6714,CNT-CDP-0220-379
633-77-4190,CNT-CDP-0991-634
473-99-6739,CNT-CDP-3793-548
155-59-3727,CNT-CDP-3311-950
890-38-2781,CNT-CDP-9860-126
554-80-6065,CNT-CDP-6567-876
567-70-8719,CNT-CDP-5984-639
142-31-7650,CNT-CDP-4473-811
836-63-0684,CNT-CDP-9712-628
625-14-4166,CNT-CDP-7775-181
585-77-3872,CNT-CDP-3706-179
143-18-3621,CNT-CDP-5333-521
551-36-4996,CNT-CDP-3673-368
460-86-8403,CNT-CDP-1031-556
431-65-2447,CNT-CDP-1813-013
890-87-2539,CNT-CDP-1592-484
782-77-9738,CNT-CDP-6795-840
883-93-9989,CNT-CDP-3722-698
587-63-5112,CNT-CDP-8836-480
217-77-7274,CNT-CDP-7379-491
179-15-2028,CNT-CDP-8738-058
356-10-1777,CNT-CDP-3721-916
889-69-2394,CNT-CDP-0788-637
183-45-5306,CNT-CDP-3967-969
381-27-4270,CNT-CDP-6436-746
452-43-7033,CNT-CDP-3272-397
692-04-6939,CNT-CDP-5884-809
501-61-4188,CNT-CDP-9726-381
522-55-7648,CNT-CDP-3714-990
394-80-6435,CNT-CDP-1272-413
554-81-0844,CNT-CDP-3274-511
572-59-1674,CNT-CDP-4173-398
578-43-3857,CNT-CDP-0005-227
140-02-6549,CNT-CDP-5587-142
171-48-8021,CNT-CDP-5264-974
109-80-4459,CNT-CDP-4581-349
291-05-6015,CNT-CDP-5554-477
462-45-1232,CNT-CDP-3115-981
743-50-6452,CNT-CDP-8725-713
803-31-9478,CNT-CDP-0202-625
370-97-3732,CNT-CDP-7893-229
396-82-4298,CNT-CDP-5921-425
247-04-7859,CNT-CDP-9092-897
578-11-6607,CNT-CDP-8953-499
471-63-5606,CNT-CDP-0873-808
671-67-5328,CNT-CDP-8768-613
142-46-8550,CNT-CDP-8381-392
435-75-8159,CNT-CDP-0337-613
434-02-1452,CNT-CDP-4822-371
403-19-8511,CNT-CDP-6447-362
160-23-2835,CNT-CDP-6686-333
476-08-4474,CNT-CDP-3930-792
486-69-6674,CNT-CDP-9737-633
240-14-0471,CNT-CDP-1970-191
148-15-3480,CNT-CDP-5298-940
218-68-1916,CNT-CDP-3352-437
368-25-0159,CNT-CDP-3716-837
516-84-7821,CNT-CDP-0761-330
774-58-9477,CNT-CDP-2059-808
828-74-9684,CNT-CDP-2582-364
854-97-7755,CNT-CDP-6059-553
161-40-2547,CNT-CDP-8940-800
141-54-9570,CNT-CDP-5265-729
189-20-5635,CNT-CDP-8374-398
330-12-8132,CNT-CDP-0441-012
108-43-2265,CNT-CDP-1731-897
188-46-1582,CNT-CDP-9630-827
686-37-9936,CNT-CDP-7628-757
362-30-7359,CNT-CDP-5239-433
278-64-3429,CNT-CDP-2038-439
630-65-1041,CNT-CDP-0034-578
463-51-7010,CNT-CDP-5199-683
621-03-1953,CNT-CDP-7234-278
722-67-2945,CNT-CDP-4470-928
803-17-9809,CNT-CDP-0111-389
574-78-8749,CNT-CDP-4365-728
349-49-7080,CNT-CDP-5917-016
301-39-4084,CNT-CDP-4569-288
731-58-7495,CNT-CDP-4352-165
210-16-6602,CNT-CDP-1405-757
467-35-5646,CNT-CDP-0393-340
624-19-8358,CNT-CDP-6476-370
389-15-6435,CNT-CDP-5773-578
248-19-7905,CNT-CDP-9364-037
181-20-5083,CNT-CDP-0226-497
130-81-3547,CNT-CDP-8019-639
701-39-9649,CNT-CDP-2327-965
492-96-7657,CNT-CDP-6192-370
183-50-7540,CNT-CDP-7041-635
719-80-4091,CNT-CDP-8495-917
208-73-9153,CNT-CDP-7935-703
806-54-8196,CNT-CDP-7045-592
100-52-8295,CNT-CDP-7807-154
209-01-7709,CNT-CDP-8958-285
673-16-1871,CNT-CDP-7012-459
819-28-6782,CNT-CDP-9033-520
838-54-9166,CNT-CDP-8625-924
201-81-8638,CNT-CDP-3225-709
124-17-3362,CNT-CDP-3943-107
124-13-5660,CNT-CDP-4605-615
884-06-7181,CNT-CDP-0848-075
831-12-0918,CNT-CDP-4602-854
886-33-6141,CNT-CDP-5796-269
641-15-4718,CNT-CDP-4736-380
305-83-6523,CNT-CDP-4580-607
467-39-3991,CNT-CDP-9699-153
500-59-0428,CNT-CDP-5745-522
256-40-9070,CNT-CDP-4366-796
339-65-8280,CNT-CDP-6639-838
227-42-1289,CNT-CDP-9629-903
712-05-9042,CNT-CDP-9418-503
832-65-0008,CNT-CDP-9640-675
115-18-7451,CNT-CDP-3624-661
320-56-2875,CNT-CDP-3239-793
777-50-3007,CNT-CDP-7791-892
578-44-4378,CNT-CDP-5253-062
571-31-9384,CNT-CDP-8871-124
844-90-2852,CNT-CDP-3042-244
734-24-5287,CNT-CDP-4655-347
371-10-6472,CNT-CDP-1664-104
393-56-2443,CNT-CDP-9446-125
793-83-8892,CNT-CDP-2249-118
788-87-2670,CNT-CDP-3067-246
154-33-6862,CNT-CDP-2401-328
201-09-8729,CNT-CDP-0739-372
388-32-5997,CNT-CDP-1490-734
842-58-4665,CNT-CDP-2443-984
653-64-1750,CNT-CDP-4609-512
214-20-0594,CNT-CDP-0159-664
425-87-1720,CNT-CDP-0080-363
635-24-6226,CNT-CDP-5175-748
780-39-3950,CNT-CDP-1926-522
278-57-5628,CNT-CDP-5380-165
657-48-0339,CNT-CDP-2849-882
270-91-0497,CNT-CDP-3791-760
114-28-9605,CNT-CDP-5027-740
516-54-4302,CNT-CDP-3548-047
586-57-2593,CNT-CDP-4111-207
172-13-8251,CNT-CDP-8515-305
586-78-8802,CNT-CDP-0262-878
421-40-6233,CNT-CDP-0575-725
339-12-3227,CNT-CDP-4435-896
676-03-9885,CNT-CDP-5169-262
513-38-2647,CNT-CDP-1211-129
551-07-9070,CNT-CDP-7326-892
791-96-8561,CNT-CDP-6949-058
849-46-2216,CNT-CDP-8651-605
877-64-2678,CNT-CDP-5422-296
324-49-1662,CNT-CDP-0094-053
351-66-7931,CNT-CDP-1679-951
162-29-3389,CNT-CDP-3801-216
363-42-4934,CNT-CDP-1794-354
802-85-1792,CNT-CDP-7535-994
638-76-7088,CNT-CDP-4776-326
657-30-8895,CNT-CDP-2771-099
695-21-6633,CNT-CDP-1345-667
244-09-6336,CNT-CDP-3006-027
651-63-9260,CNT-CDP-8780-105
649-53-5168,CNT-CDP-9280-625
668-97-1300,CNT-CDP-8392-022
509-51-9098,CNT-CDP-2679-508
357-93-3114,CNT-CDP-7874-672
257-62-2710,CNT-CDP-0202-399
531-15-4229,CNT-CDP-9831-777
699-24-1267,CNT-CDP-5205-557
626-16-5442,CNT-CDP-6938-214
336-51-1145,CNT-CDP-0640-615
897-07-0527,CNT-CDP-2299-141
127-80-4935,CNT-CDP-1357-115
501-13-1494,CNT-CDP-6574-463
650-92-2421,CNT-CDP-9352-861
484-65-5812,CNT-CDP-4529-606
850-39-5208,CNT-CDP-2962-572
256-36-7918,CNT-CDP-4223-178
889-33-6863,CNT-CDP-9917-012
663-13-8483,CNT-CDP-6974-932
134-31-0510,CNT-CDP-4868-339
886-72-7043,CNT-CDP-1334-847
122-94-5610,CNT-CDP-6587-959
719-98-7695,CNT-CDP-9212-796
166-17-6866,CNT-CDP-5391-438
404-28-3795,CNT-CDP-0551-871
596-37-3887,CNT-CDP-1172-175
866-98-6594,CNT-CDP-8294-341
896-48-8669,CNT-CDP-0608-681
443-73-8568,CNT-CDP-7627-194
125-66-3405,CNT-CDP-6869-221
425-34-1041,CNT-CDP-6241-655
662-36-0439,CNT-CDP-1557-690
540-36-1872,CNT-CDP-8822-651
672-90-0990,CNT-CDP-1755-795
491-07-1341,CNT-CDP-2104-665
829-19-7105,CNT-CDP-5426-463
740-94-8758,CNT-CDP-3241-357
237-94-7864,CNT-CDP-5737-022
234-24-0094,CNT-CDP-9333-709
224-02-5618,CNT-CDP-7588-295
452-29-2324,CNT-CDP-3274-672
754-61-0653,CNT-CDP-4427-989
445-63-8673,CNT-CDP-2988-949
