InvoiceNumber,InvoiceDate,NoOutstandingInvoices,DueDate,PaidDate,InvoiceStatus,BillingPeriod,BAcctNumber,CustomerSSN,ContractNumber
INVC-26169,7/23/2019,2,11/11/2022,5/31/2020,Paid,Monthly,BILL835425284,686-16-1458,CNT-CDP-3373-296
INVC-13107,7/10/2021,3,12/6/2022,11/1/2021,Paid,Bi-Weekly,BILL955490887,375-88-4349,CNT-CDP-8306-266
INVC-05424,5/6/2019,3,9/6/2022,,Unpaid,Quarterly,BILL210268881,611-25-5320,CNT-CDP-7741-528
INVC-81335,9/19/2019,2,9/19/2022,,Unpaid,Quarterly,BILL896977024,247-16-4821,CNT-CDP-5503-575
INVC-10902,3/9/2021,5,12/30/2022,,Unpaid,Daily,BILL894822559,855-68-4236,CNT-CDP-7801-112
INVC-87220,9/7/2019,4,7/30/2022,,Unpaid,Daily,BILL103358761,568-17-3551,CNT-CDP-9947-797
INVC-87838,5/4/2021,1,8/31/2022,,Unpaid,Bi-Weekly,BILL317763279,233-17-4669,CNT-CDP-4430-615
INVC-29751,1/19/2019,4,3/8/2022,,Unpaid,Daily,BILL692847932,525-43-4710,CNT-CDP-2095-986
INVC-22280,1/3/2021,5,3/7/2022,4/24/2021,Paid,Quarterly,BILL380286129,108-59-8488,CNT-CDP-5466-865
INVC-73769,9/29/2021,3,11/24/2022,,Unpaid,Weekly,BILL745738032,413-81-5827,CNT-CDP-2244-709
INVC-28664,3/2/2020,3,8/23/2022,5/9/2020,Paid,Quarterly,BILL293397078,729-81-0268,CNT-CDP-1381-269
INVC-94792,9/3/2019,2,12/6/2022,7/30/2020,Paid,Daily,BILL833847824,837-53-1517,CNT-CDP-0620-685
INVC-05896,9/20/2021,3,9/20/2022,11/5/2021,Paid,Bi-Weekly,BILL918870633,409-48-4839,CNT-CDP-8097-521
INVC-79596,11/24/2020,2,3/19/2022,,Unpaid,Weekly,BILL235075600,886-42-9408,CNT-CDP-8017-864
INVC-01946,10/10/2021,3,8/30/2022,,Unpaid,Bi-Weekly,BILL396812199,111-33-2433,CNT-CDP-3629-412
INVC-77299,2/28/2020,5,8/4/2022,5/9/2020,Paid,Annually,BILL477787661,532-31-4124,CNT-CDP-1167-031
INVC-00143,1/9/2020,3,12/3/2022,5/22/2020,Paid,Weekly,BILL332398096,234-08-0559,CNT-CDP-4150-445
INVC-87265,11/30/2021,1,8/8/2022,12/10/2021,Paid,Annually,BILL317029545,729-08-6435,CNT-CDP-1484-935
INVC-44981,1/28/2021,4,7/17/2022,5/15/2021,Paid,Quarterly,BILL109246982,730-09-8648,CNT-CDP-9510-554
INVC-46064,3/27/2019,4,2/12/2022,5/29/2020,Paid,Daily,BILL353493551,102-21-1414,CNT-CDP-5158-591
INVC-68201,3/9/2021,1,3/22/2022,,Unpaid,Quarterly,BILL073317082,781-75-3629,CNT-CDP-9804-486
INVC-84890,3/6/2020,2,1/27/2022,12/5/2021,Paid,Monthly,BILL063763397,202-17-8422,CNT-CDP-2190-830
INVC-17894,8/14/2021,5,9/16/2022,9/17/2021,Paid,Daily,BILL905287104,609-97-8630,CNT-CDP-9269-169
INVC-88326,6/16/2019,2,2/13/2022,11/8/2020,Paid,Monthly,BILL826113314,843-68-8025,CNT-CDP-7338-180
INVC-70956,6/21/2021,4,10/12/2022,10/1/2021,Paid,Daily,BILL077323528,206-82-9014,CNT-CDP-5655-658
INVC-90771,7/28/2019,4,5/25/2022,,Unpaid,Bi-Weekly,BILL131254618,684-54-0608,CNT-CDP-2425-737
INVC-14432,5/22/2019,5,12/22/2022,4/7/2021,Paid,Bi-Weekly,BILL767937544,716-90-8153,CNT-CDP-4465-001
INVC-67099,10/10/2019,4,3/15/2022,9/29/2021,Paid,Annually,BILL141694911,516-04-6814,CNT-CDP-0574-136
INVC-80998,2/25/2019,2,8/10/2022,1/21/2020,Paid,Weekly,BILL223956015,849-76-9195,CNT-CDP-6040-860
INVC-24903,11/22/2019,1,4/21/2022,10/8/2020,Paid,Semi-Annually,BILL180507976,234-75-7522,CNT-CDP-2639-333
INVC-84818,1/15/2021,3,2/13/2022,,Unpaid,Semi-Annually,BILL066550939,107-63-1394,CNT-CDP-6383-302
INVC-48233,7/27/2020,1,8/19/2022,,Unpaid,Bi-Weekly,BILL615332457,549-45-4957,CNT-CDP-2133-221
INVC-86855,7/30/2020,1,2/24/2022,9/7/2020,Paid,Annually,BILL030062704,343-73-0877,CNT-CDP-5684-031
INVC-78866,7/7/2021,2,11/10/2022,,Unpaid,Bi-Weekly,BILL919107806,148-52-8456,CNT-CDP-1054-629
INVC-97880,4/10/2020,3,9/28/2022,,Unpaid,Daily,BILL046971062,532-71-6847,CNT-CDP-6926-210
INVC-31443,5/27/2021,5,7/21/2022,11/17/2021,Paid,Daily,BILL655895919,719-79-7096,CNT-CDP-2211-774
INVC-17829,6/2/2019,3,6/7/2022,,Unpaid,Semi-Annually,BILL722392074,726-04-0836,CNT-CDP-8916-844
INVC-02729,4/28/2019,5,6/15/2022,1/3/2020,Paid,Bi-Weekly,BILL564917676,814-90-5059,CNT-CDP-4970-456
INVC-87198,2/18/2020,5,4/13/2022,8/12/2020,Paid,Quarterly,BILL201533666,182-79-4944,CNT-CDP-7837-415
INVC-41938,1/11/2021,1,1/21/2022,7/3/2021,Paid,Quarterly,BILL088192777,699-90-2611,CNT-CDP-4870-659
INVC-63283,12/6/2020,2,5/25/2022,6/14/2021,Paid,Weekly,BILL575900840,685-06-1770,CNT-CDP-2919-841
INVC-48038,3/6/2021,1,9/8/2022,12/17/2021,Paid,Quarterly,BILL025121237,568-30-1434,CNT-CDP-0133-799
INVC-01009,12/16/2021,2,6/14/2022,12/23/2021,Paid,Daily,BILL602219267,436-44-7581,CNT-CDP-9721-612
INVC-53348,4/16/2021,5,8/9/2022,,Unpaid,Annually,BILL796464271,253-85-8722,CNT-CDP-5381-536
INVC-09626,5/3/2020,4,10/25/2022,,Unpaid,Daily,BILL664350888,508-50-1790,CNT-CDP-4233-970
INVC-76103,7/1/2021,4,4/15/2022,8/19/2021,Paid,Monthly,BILL488507299,748-18-5529,CNT-CDP-0826-776
INVC-84974,5/3/2019,2,11/29/2022,,Unpaid,Annually,BILL357242238,817-61-1069,CNT-CDP-5655-546
INVC-46947,8/9/2020,5,8/13/2022,1/28/2021,Paid,Quarterly,BILL523268939,824-10-6501,CNT-CDP-2640-709
INVC-71956,5/23/2019,5,6/21/2022,,Unpaid,Annually,BILL028765760,384-12-1031,CNT-CDP-5960-330
INVC-38370,11/11/2020,3,9/11/2022,,Unpaid,Daily,BILL430160743,611-81-3453,CNT-CDP-6907-674
INVC-97423,3/17/2019,5,3/7/2022,7/16/2021,Paid,Monthly,BILL219397007,347-63-3246,CNT-CDP-3830-130
INVC-23705,8/23/2021,2,6/27/2022,11/24/2021,Paid,Semi-Annually,BILL229712640,173-33-5474,CNT-CDP-4893-951
INVC-32831,7/30/2021,2,12/10/2022,,Unpaid,Semi-Annually,BILL899029130,116-08-6992,CNT-CDP-0192-106
INVC-82631,7/30/2019,4,11/11/2022,,Unpaid,Daily,BILL509720979,747-57-0629,CNT-CDP-0435-057
INVC-90881,6/26/2020,4,4/30/2022,12/1/2021,Paid,Monthly,BILL960406482,879-28-4768,CNT-CDP-3564-522
INVC-99457,3/27/2019,1,7/9/2022,,Unpaid,Weekly,BILL208557875,343-28-9953,CNT-CDP-4726-769
INVC-24307,7/20/2020,5,10/18/2022,,Unpaid,Daily,BILL634809344,328-54-2580,CNT-CDP-0498-818
INVC-99010,1/29/2021,5,4/10/2022,7/5/2021,Paid,Weekly,BILL270441064,721-80-5534,CNT-CDP-7896-678
INVC-74200,10/10/2020,5,1/31/2022,12/11/2021,Paid,Monthly,BILL514134628,856-82-3134,CNT-CDP-7552-534
INVC-76039,6/26/2019,1,5/30/2022,11/24/2021,Paid,Quarterly,BILL566357022,777-35-9343,CNT-CDP-4697-713
INVC-83582,1/27/2019,5,5/13/2022,10/17/2021,Paid,Monthly,BILL277685701,612-53-1742,CNT-CDP-8624-324
INVC-29498,4/15/2019,1,9/13/2022,1/11/2020,Paid,Weekly,BILL888169209,638-71-5236,CNT-CDP-4908-175
INVC-85698,3/27/2020,4,9/4/2022,,Unpaid,Quarterly,BILL336918989,787-25-1617,CNT-CDP-9250-207
INVC-92156,11/7/2021,2,12/30/2022,12/25/2021,Paid,Semi-Annually,BILL234918487,639-10-5779,CNT-CDP-6376-598
INVC-30407,6/29/2019,5,5/20/2022,,Unpaid,Monthly,BILL549534531,359-09-5059,CNT-CDP-8598-484
INVC-35532,5/2/2019,5,4/18/2022,3/27/2021,Paid,Annually,BILL111256532,334-78-3433,CNT-CDP-0291-814
INVC-01851,12/2/2020,3,8/17/2022,4/7/2021,Paid,Semi-Annually,BILL762549191,705-11-2944,CNT-CDP-7398-586
INVC-77116,12/1/2021,5,8/22/2022,12/12/2021,Paid,Semi-Annually,BILL194816620,457-48-0419,CNT-CDP-0402-822
INVC-10712,10/23/2019,3,5/23/2022,3/30/2020,Paid,Weekly,BILL770179101,683-97-9393,CNT-CDP-0393-666
INVC-49024,8/7/2020,3,10/19/2022,4/17/2021,Paid,Monthly,BILL791375960,276-28-9081,CNT-CDP-5102-868
INVC-55913,5/4/2020,4,1/18/2022,,Unpaid,Bi-Weekly,BILL586884885,367-62-9915,CNT-CDP-6396-007
INVC-79733,5/11/2021,1,9/20/2022,,Unpaid,Weekly,BILL022290304,176-38-9771,CNT-CDP-5916-742
INVC-75567,2/21/2019,3,3/14/2022,,Unpaid,Quarterly,BILL781479050,305-32-7126,CNT-CDP-6364-449
INVC-69269,3/13/2021,1,5/26/2022,,Unpaid,Quarterly,BILL524338926,137-73-4935,CNT-CDP-6785-016
INVC-85686,7/14/2021,5,11/2/2022,,Unpaid,Semi-Annually,BILL339115544,106-91-3893,CNT-CDP-1975-973
INVC-40050,4/23/2021,4,10/9/2022,,Unpaid,Bi-Weekly,BILL142576071,260-91-8767,CNT-CDP-2048-565
INVC-02135,5/2/2021,2,7/14/2022,12/26/2021,Paid,Bi-Weekly,BILL642595350,179-21-3190,CNT-CDP-3954-692
INVC-72865,1/23/2020,4,3/3/2022,,Unpaid,Monthly,BILL497972980,487-76-0882,CNT-CDP-0288-826
INVC-32832,4/1/2019,5,12/26/2022,,Unpaid,Daily,BILL614467466,418-23-4260,CNT-CDP-8710-618
INVC-83392,7/31/2019,1,7/12/2022,9/15/2021,Paid,Bi-Weekly,BILL719707408,647-51-6477,CNT-CDP-3189-138
INVC-16833,10/15/2020,1,1/2/2022,7/27/2021,Paid,Quarterly,BILL612136842,395-52-7205,CNT-CDP-6048-253
INVC-05874,2/16/2020,3,12/26/2022,3/19/2021,Paid,Semi-Annually,BILL599077883,160-40-0524,CNT-CDP-1945-250
INVC-19413,3/4/2020,4,2/17/2022,5/15/2020,Paid,Bi-Weekly,BILL420134196,336-67-7928,CNT-CDP-1835-451
INVC-50435,4/13/2020,5,9/28/2022,7/13/2021,Paid,Bi-Weekly,BILL559051977,110-86-9732,CNT-CDP-6461-353
INVC-29648,1/2/2019,1,8/9/2022,12/3/2019,Paid,Quarterly,BILL207191275,409-69-8234,CNT-CDP-4025-134
INVC-38622,1/21/2020,3,9/9/2022,2/19/2021,Paid,Bi-Weekly,BILL537950430,729-52-4503,CNT-CDP-4868-700
INVC-07175,9/2/2021,1,11/5/2022,,Unpaid,Daily,BILL014927940,391-99-3823,CNT-CDP-2922-987
INVC-59931,8/3/2021,3,11/5/2022,,Unpaid,Semi-Annually,BILL125017962,702-29-5126,CNT-CDP-1708-875
INVC-01499,7/26/2020,1,7/8/2022,5/8/2021,Paid,Semi-Annually,BILL606217734,361-44-1301,CNT-CDP-1435-185
INVC-94863,8/7/2020,3,4/10/2022,12/23/2020,Paid,Monthly,BILL383469187,704-64-5732,CNT-CDP-2610-339
INVC-31449,7/1/2020,3,10/22/2022,7/7/2021,Paid,Weekly,BILL341000446,168-94-1362,CNT-CDP-4112-553
INVC-92360,5/8/2019,2,1/23/2022,2/5/2020,Paid,Quarterly,BILL307228328,339-35-4231,CNT-CDP-0376-223
INVC-35731,11/8/2019,3,4/11/2022,4/20/2021,Paid,Annually,BILL049306725,198-11-6281,CNT-CDP-1528-993
INVC-75204,4/19/2021,2,5/6/2022,6/23/2021,Paid,Quarterly,BILL317292043,585-96-5064,CNT-CDP-1135-832
INVC-23791,9/4/2020,5,1/16/2022,,Unpaid,Quarterly,BILL128857791,885-30-2051,CNT-CDP-3541-609
INVC-37317,6/8/2019,2,6/13/2022,12/1/2019,Paid,Monthly,BILL808314304,723-08-7859,CNT-CDP-5615-634
INVC-72494,6/9/2021,1,3/22/2022,11/28/2021,Paid,Daily,BILL203469019,536-07-9646,CNT-CDP-2923-354
INVC-30735,1/24/2020,4,6/8/2022,9/25/2020,Paid,Monthly,BILL791158180,500-40-8501,CNT-CDP-3374-099
INVC-70012,6/24/2019,5,4/13/2022,2/2/2020,Paid,Monthly,BILL362736945,300-58-6636,CNT-CDP-5068-733
INVC-12728,2/28/2021,5,1/20/2022,3/15/2021,Paid,Semi-Annually,BILL661734252,678-02-9516,CNT-CDP-7959-985
INVC-44494,2/10/2021,3,8/20/2022,4/29/2021,Paid,Semi-Annually,BILL919064430,458-51-0514,CNT-CDP-0206-644
INVC-17622,12/23/2019,3,6/1/2022,4/16/2020,Paid,Semi-Annually,BILL631675463,121-36-8462,CNT-CDP-1642-014
INVC-09515,3/28/2020,3,9/13/2022,4/18/2020,Paid,Bi-Weekly,BILL816668254,314-07-7920,CNT-CDP-7767-366
INVC-76505,5/11/2019,2,12/14/2022,4/23/2021,Paid,Monthly,BILL609576510,423-64-3992,CNT-CDP-4071-313
INVC-17884,11/1/2020,1,4/4/2022,,Unpaid,Daily,BILL454609600,333-10-5075,CNT-CDP-1352-509
INVC-83200,10/13/2021,4,5/29/2022,12/21/2021,Paid,Monthly,BILL636259395,523-80-3435,CNT-CDP-1271-220
INVC-72245,2/10/2021,3,2/11/2022,6/10/2021,Paid,Daily,BILL645696332,780-52-0025,CNT-CDP-5477-402
INVC-69053,5/14/2019,1,10/22/2022,7/2/2021,Paid,Monthly,BILL577668240,546-67-4067,CNT-CDP-7978-668
INVC-86148,6/26/2019,1,5/19/2022,,Unpaid,Annually,BILL210141323,694-45-4388,CNT-CDP-4961-817
INVC-76770,12/16/2019,5,12/9/2022,8/26/2021,Paid,Annually,BILL692244390,420-52-7613,CNT-CDP-8050-366
INVC-78383,10/21/2019,3,5/17/2022,12/31/2019,Paid,Weekly,BILL695393715,549-08-3325,CNT-CDP-6185-150
INVC-13035,5/19/2019,1,10/28/2022,1/9/2021,Paid,Weekly,BILL127992291,856-84-5835,CNT-CDP-6655-090
INVC-24183,9/30/2021,5,5/4/2022,,Unpaid,Monthly,BILL811383624,508-77-1702,CNT-CDP-1642-307
INVC-98238,10/15/2021,1,3/17/2022,11/26/2021,Paid,Annually,BILL596860344,785-92-4718,CNT-CDP-4512-987
INVC-83687,8/5/2020,4,1/21/2022,1/23/2021,Paid,Bi-Weekly,BILL054853944,597-42-6584,CNT-CDP-3742-699
INVC-62251,1/1/2021,2,11/29/2022,,Unpaid,Weekly,BILL420842462,335-18-2624,CNT-CDP-8669-871
INVC-75880,6/17/2020,3,6/26/2022,6/24/2020,Paid,Bi-Weekly,BILL992783641,734-17-0352,CNT-CDP-2212-507
INVC-61463,7/29/2020,5,10/21/2022,,Unpaid,Quarterly,BILL221108172,574-47-8818,CNT-CDP-3509-463
INVC-65571,5/22/2020,2,9/8/2022,11/10/2020,Paid,Bi-Weekly,BILL110591657,608-97-9026,CNT-CDP-5083-233
INVC-58109,5/10/2020,4,3/28/2022,,Unpaid,Bi-Weekly,BILL380898704,612-65-7466,CNT-CDP-4771-659
INVC-02836,3/10/2020,3,12/16/2022,3/16/2020,Paid,Semi-Annually,BILL193677987,235-15-1117,CNT-CDP-0965-714
INVC-41936,11/14/2019,4,9/26/2022,10/28/2020,Paid,Bi-Weekly,BILL328322863,638-84-9548,CNT-CDP-6776-498
INVC-03941,8/6/2021,3,4/30/2022,8/27/2021,Paid,Monthly,BILL331320990,125-06-2645,CNT-CDP-0300-151
INVC-37253,10/20/2021,4,12/6/2022,10/26/2021,Paid,Bi-Weekly,BILL430761986,321-98-7790,CNT-CDP-4710-088
INVC-85997,1/12/2020,5,5/2/2022,,Unpaid,Bi-Weekly,BILL508067934,421-49-3356,CNT-CDP-1106-486
INVC-42783,6/22/2021,4,3/20/2022,12/27/2021,Paid,Quarterly,BILL461927510,708-53-8002,CNT-CDP-9907-355
INVC-43709,1/20/2021,1,9/27/2022,6/25/2021,Paid,Weekly,BILL347271463,504-44-5145,CNT-CDP-4085-411
INVC-57355,8/28/2021,4,8/14/2022,,Unpaid,Daily,BILL312170569,165-41-9536,CNT-CDP-2478-608
INVC-67114,10/7/2020,2,5/31/2022,4/7/2021,Paid,Quarterly,BILL408193310,261-11-1287,CNT-CDP-8945-045
INVC-79136,11/30/2021,2,11/22/2022,12/28/2021,Paid,Weekly,BILL326663183,696-14-0473,CNT-CDP-1152-783
INVC-57121,11/25/2019,5,3/7/2022,7/8/2021,Paid,Semi-Annually,BILL228719387,253-80-6341,CNT-CDP-8711-127
INVC-49699,1/6/2020,2,1/31/2022,9/26/2020,Paid,Quarterly,BILL056420442,875-28-7154,CNT-CDP-3821-674
INVC-09928,9/11/2021,3,8/26/2022,10/16/2021,Paid,Annually,BILL398659867,273-78-1033,CNT-CDP-1434-089
INVC-31893,8/25/2019,3,8/21/2022,4/23/2020,Paid,Annually,BILL966700524,464-65-1856,CNT-CDP-0090-492
INVC-72098,2/1/2020,3,11/24/2022,,Unpaid,Semi-Annually,BILL712533641,252-62-1326,CNT-CDP-9534-035
INVC-51959,2/15/2021,2,4/15/2022,10/18/2021,Paid,Semi-Annually,BILL786728241,483-11-4619,CNT-CDP-2232-683
INVC-75383,3/10/2019,2,12/26/2022,9/7/2020,Paid,Bi-Weekly,BILL603581159,205-90-3158,CNT-CDP-2122-869
INVC-22508,11/7/2019,4,9/30/2022,8/17/2021,Paid,Bi-Weekly,BILL722548623,256-22-0075,CNT-CDP-0069-374
INVC-45132,12/9/2019,5,8/2/2022,,Unpaid,Weekly,BILL678902800,727-05-3994,CNT-CDP-9006-328
INVC-60465,10/31/2019,3,1/12/2022,,Unpaid,Bi-Weekly,BILL822722388,858-63-2762,CNT-CDP-1709-906
INVC-44645,1/8/2021,2,11/11/2022,,Unpaid,Monthly,BILL588231398,545-54-0867,CNT-CDP-6853-799
INVC-06566,1/14/2019,4,5/30/2022,2/3/2019,Paid,Monthly,BILL622542868,743-99-0167,CNT-CDP-4238-598
INVC-24932,9/7/2019,2,6/27/2022,1/19/2020,Paid,Semi-Annually,BILL139911718,150-83-5042,CNT-CDP-0887-483
INVC-29187,2/25/2020,1,11/3/2022,2/27/2020,Paid,Annually,BILL868516999,211-01-1229,CNT-CDP-5005-153
INVC-33628,8/4/2021,3,3/28/2022,,Unpaid,Daily,BILL539747892,107-22-6715,CNT-CDP-0152-682
INVC-60297,12/24/2020,3,10/11/2022,12/11/2021,Paid,Annually,BILL195529607,791-08-5510,CNT-CDP-4954-947
INVC-12396,11/22/2021,3,12/22/2022,11/30/2021,Paid,Daily,BILL255673309,863-73-9525,CNT-CDP-1824-562
INVC-89691,12/26/2020,2,8/2/2022,,Unpaid,Bi-Weekly,BILL424620368,413-10-2162,CNT-CDP-9688-417
INVC-30075,10/16/2020,5,6/3/2022,,Unpaid,Quarterly,BILL482591397,260-15-1909,CNT-CDP-6186-446
INVC-40154,11/19/2020,4,5/23/2022,,Unpaid,Quarterly,BILL098507569,348-05-7506,CNT-CDP-0883-374
INVC-88291,4/26/2021,4,2/22/2022,8/1/2021,Paid,Semi-Annually,BILL139050586,305-25-5939,CNT-CDP-6703-032
INVC-21921,8/8/2019,5,6/2/2022,6/1/2020,Paid,Weekly,BILL595695719,500-85-5255,CNT-CDP-3341-975
INVC-51324,11/25/2021,3,1/22/2022,,Unpaid,Daily,BILL627936098,288-69-8239,CNT-CDP-2588-283
INVC-44646,3/18/2019,1,7/12/2022,5/31/2019,Paid,Annually,BILL142305854,159-80-8720,CNT-CDP-2116-290
INVC-94084,8/14/2020,1,12/6/2022,8/27/2020,Paid,Annually,BILL824115353,505-12-3386,CNT-CDP-3750-460
INVC-68434,10/27/2019,2,5/28/2022,10/28/2020,Paid,Monthly,BILL567712564,879-99-8554,CNT-CDP-6101-976
INVC-16313,2/3/2021,4,6/4/2022,,Unpaid,Monthly,BILL079550765,600-97-2729,CNT-CDP-7991-575
INVC-74930,1/12/2020,2,4/19/2022,2/27/2021,Paid,Annually,BILL725805816,411-70-3989,CNT-CDP-1503-699
INVC-88325,7/26/2021,1,11/15/2022,,Unpaid,Monthly,BILL878849163,863-58-3723,CNT-CDP-1332-824
INVC-81714,2/5/2020,4,12/20/2022,,Unpaid,Weekly,BILL737154731,836-04-2999,CNT-CDP-2934-125
INVC-28783,11/28/2020,3,2/10/2022,,Unpaid,Quarterly,BILL257411089,855-49-6195,CNT-CDP-9973-106
INVC-30861,5/25/2021,2,4/23/2022,8/26/2021,Paid,Quarterly,BILL611987749,777-67-9182,CNT-CDP-8971-863
INVC-09048,12/4/2019,3,12/22/2022,11/18/2021,Paid,Quarterly,BILL317620668,213-46-0575,CNT-CDP-9461-087
INVC-52402,10/26/2020,5,6/14/2022,,Unpaid,Daily,BILL175135060,702-58-2838,CNT-CDP-5224-503
INVC-49534,4/30/2019,5,9/10/2022,,Unpaid,Daily,BILL644071118,366-67-0216,CNT-CDP-2586-072
INVC-60479,10/14/2020,5,2/18/2022,12/6/2021,Paid,Annually,BILL331241220,785-80-4695,CNT-CDP-0453-769
INVC-32006,6/3/2021,2,1/3/2022,6/26/2021,Paid,Weekly,BILL926871324,654-30-6134,CNT-CDP-8825-295
INVC-94124,11/5/2021,1,7/7/2022,11/19/2021,Paid,Weekly,BILL329127256,763-20-7749,CNT-CDP-8743-030
INVC-43611,4/8/2021,1,6/26/2022,,Unpaid,Weekly,BILL722630596,611-29-2776,CNT-CDP-8399-261
INVC-47243,10/19/2021,2,6/14/2022,12/4/2021,Paid,Semi-Annually,BILL734821259,269-71-6547,CNT-CDP-4246-537
INVC-49590,5/20/2020,4,8/3/2022,,Unpaid,Daily,BILL546053708,192-55-0420,CNT-CDP-9203-822
INVC-91078,3/12/2021,4,1/19/2022,3/21/2021,Paid,Weekly,BILL032537166,832-63-4875,CNT-CDP-2268-140
INVC-04684,2/27/2021,2,3/15/2022,,Unpaid,Annually,BILL375053307,882-30-1675,CNT-CDP-5274-895
INVC-42910,12/22/2021,3,9/21/2022,12/22/2021,Paid,Daily,BILL689822033,176-82-6543,CNT-CDP-4879-954
INVC-81818,5/22/2019,1,2/18/2022,,Unpaid,Semi-Annually,BILL627176114,490-76-3618,CNT-CDP-0439-088
INVC-88909,9/17/2021,1,2/26/2022,10/12/2021,Paid,Quarterly,BILL737784692,497-94-2225,CNT-CDP-3309-004
INVC-32367,4/25/2019,3,11/6/2022,11/10/2019,Paid,Semi-Annually,BILL848678761,526-47-3815,CNT-CDP-2535-634
INVC-74816,7/13/2021,5,2/5/2022,9/16/2021,Paid,Daily,BILL159659820,475-24-7548,CNT-CDP-6459-645
INVC-52819,1/16/2020,1,4/23/2022,1/28/2021,Paid,Monthly,BILL420037474,158-32-3285,CNT-CDP-0155-591
INVC-59886,9/16/2021,1,10/17/2022,12/29/2021,Paid,Weekly,BILL132720346,291-23-3142,CNT-CDP-7985-097
INVC-06293,10/3/2019,3,6/17/2022,4/29/2020,Paid,Monthly,BILL482592773,398-74-8575,CNT-CDP-8511-813
INVC-32411,11/19/2019,2,10/8/2022,3/10/2020,Paid,Quarterly,BILL086901417,813-22-2252,CNT-CDP-1305-765
INVC-52985,2/22/2021,2,10/17/2022,8/4/2021,Paid,Quarterly,BILL890330869,855-69-8731,CNT-CDP-4523-793
INVC-05659,9/8/2021,3,2/28/2022,11/7/2021,Paid,Daily,BILL292736305,817-22-9664,CNT-CDP-1201-052
INVC-47512,11/18/2019,3,2/16/2022,,Unpaid,Weekly,BILL708486371,798-75-6596,CNT-CDP-1231-632
INVC-32416,2/2/2019,4,6/20/2022,10/27/2021,Paid,Annually,BILL514060828,230-79-0511,CNT-CDP-1601-529
INVC-48350,6/12/2021,3,4/17/2022,6/16/2021,Paid,Daily,BILL593573418,852-44-3113,CNT-CDP-4692-704
INVC-36448,3/23/2021,5,3/25/2022,4/23/2021,Paid,Bi-Weekly,BILL549074713,850-49-5357,CNT-CDP-4000-078
INVC-13146,4/1/2021,3,12/27/2022,12/23/2021,Paid,Monthly,BILL006956422,586-70-4628,CNT-CDP-4388-561
INVC-28704,4/16/2021,4,9/6/2022,8/12/2021,Paid,Monthly,BILL201075007,240-53-5770,CNT-CDP-8617-798
INVC-59866,8/14/2019,1,10/17/2022,,Unpaid,Monthly,BILL343701809,333-95-4817,CNT-CDP-4443-151
INVC-66206,3/8/2019,1,4/22/2022,3/30/2019,Paid,Monthly,BILL999872098,358-64-7392,CNT-CDP-3737-853
INVC-34796,10/23/2020,1,9/27/2022,11/20/2021,Paid,Daily,BILL449719315,438-17-9370,CNT-CDP-5422-451
INVC-79395,5/14/2020,3,8/19/2022,,Unpaid,Semi-Annually,BILL214340132,785-51-7143,CNT-CDP-3895-588
INVC-48095,4/16/2019,3,10/10/2022,,Unpaid,Daily,BILL158129667,839-73-6465,CNT-CDP-3314-074
INVC-55319,9/15/2020,5,3/9/2022,11/29/2020,Paid,Bi-Weekly,BILL836288949,598-35-9246,CNT-CDP-7938-639
INVC-58585,7/29/2020,5,1/2/2022,,Unpaid,Daily,BILL808675680,823-30-1230,CNT-CDP-4429-498
INVC-00755,12/9/2021,3,12/21/2022,,Unpaid,Semi-Annually,BILL171349185,464-17-5401,CNT-CDP-9110-684
INVC-13220,2/3/2021,5,2/10/2022,8/13/2021,Paid,Bi-Weekly,BILL214217718,397-69-2805,CNT-CDP-1347-834
INVC-35336,2/24/2021,5,7/8/2022,9/2/2021,Paid,Annually,BILL725482011,355-88-3336,CNT-CDP-0545-748
INVC-56268,8/11/2020,1,6/29/2022,9/11/2020,Paid,Annually,BILL122403242,516-66-2963,CNT-CDP-4631-613
INVC-51632,2/6/2019,5,3/8/2022,12/22/2019,Paid,Bi-Weekly,BILL913841060,369-81-1487,CNT-CDP-7487-651
INVC-39348,6/21/2021,1,5/11/2022,8/6/2021,Paid,Weekly,BILL003072360,306-38-5502,CNT-CDP-9812-999
INVC-13363,3/4/2019,3,5/23/2022,,Unpaid,Semi-Annually,BILL852379809,437-05-5776,CNT-CDP-7619-646
INVC-40678,4/30/2020,2,6/13/2022,,Unpaid,Weekly,BILL456409667,718-74-5720,CNT-CDP-5599-542
INVC-05482,5/10/2019,1,2/18/2022,9/6/2020,Paid,Bi-Weekly,BILL609930631,654-18-2473,CNT-CDP-4874-154
INVC-42027,11/18/2021,2,6/19/2022,11/28/2021,Paid,Annually,BILL490531911,135-41-7841,CNT-CDP-9508-453
INVC-83569,1/16/2020,5,4/8/2022,12/11/2021,Paid,Bi-Weekly,BILL075410498,255-68-1656,CNT-CDP-1323-668
INVC-81218,6/16/2020,5,11/16/2022,,Unpaid,Weekly,BILL322808275,185-30-3761,CNT-CDP-9194-620
INVC-84880,2/4/2020,1,12/27/2022,8/8/2020,Paid,Monthly,BILL553902225,388-12-2867,CNT-CDP-1358-438
INVC-98030,11/8/2019,2,7/2/2022,11/5/2021,Paid,Monthly,BILL969556296,646-41-5274,CNT-CDP-9035-645
INVC-89330,2/9/2020,3,9/30/2022,,Unpaid,Daily,BILL504873104,708-86-3495,CNT-CDP-3408-470
INVC-34796,2/11/2021,2,9/23/2022,,Unpaid,Annually,BILL025521349,276-40-7872,CNT-CDP-1087-196
INVC-36038,12/16/2019,4,1/27/2022,,Unpaid,Monthly,BILL505684058,652-03-3892,CNT-CDP-1533-827
INVC-12846,1/2/2019,5,1/1/2022,10/11/2019,Paid,Daily,BILL199568810,196-54-1574,CNT-CDP-3633-103
INVC-03015,5/22/2021,3,9/19/2022,,Unpaid,Bi-Weekly,BILL453500203,715-21-2599,CNT-CDP-6380-002
INVC-61263,3/2/2019,4,8/13/2022,11/13/2021,Paid,Semi-Annually,BILL334257889,577-06-7349,CNT-CDP-7568-735
INVC-97911,9/1/2021,5,2/13/2022,11/15/2021,Paid,Bi-Weekly,BILL538243582,669-21-2016,CNT-CDP-9959-328
INVC-37698,8/4/2021,1,6/7/2022,,Unpaid,Monthly,BILL726591634,544-24-0933,CNT-CDP-3925-618
INVC-92214,8/3/2021,1,11/24/2022,9/21/2021,Paid,Daily,BILL895094878,722-71-1318,CNT-CDP-1451-468
INVC-75424,3/5/2019,5,12/31/2022,8/1/2020,Paid,Monthly,BILL307263987,128-62-7754,CNT-CDP-5492-471
INVC-30749,9/26/2020,4,3/28/2022,1/4/2021,Paid,Quarterly,BILL065866907,728-14-0129,CNT-CDP-6274-187
INVC-89871,2/19/2020,5,11/26/2022,,Unpaid,Bi-Weekly,BILL559063023,246-90-2950,CNT-CDP-8572-047
INVC-45349,4/19/2021,2,5/13/2022,7/7/2021,Paid,Monthly,BILL526451975,583-97-0250,CNT-CDP-2082-812
INVC-87684,4/12/2020,1,6/29/2022,4/27/2021,Paid,Bi-Weekly,BILL769551711,523-82-8204,CNT-CDP-5301-473
INVC-50081,5/30/2019,4,5/2/2022,5/7/2020,Paid,Daily,BILL822440360,828-78-2030,CNT-CDP-7486-471
INVC-54691,7/10/2020,1,8/8/2022,6/28/2021,Paid,Daily,BILL189395126,404-02-1511,CNT-CDP-4697-553
INVC-11895,5/10/2020,1,8/10/2022,5/6/2021,Paid,Bi-Weekly,BILL623013842,210-89-3094,CNT-CDP-1024-207
INVC-77252,4/15/2021,4,7/11/2022,8/25/2021,Paid,Bi-Weekly,BILL671142687,245-88-6897,CNT-CDP-4596-518
INVC-56962,9/21/2019,1,11/12/2022,,Unpaid,Bi-Weekly,BILL165541686,364-25-4233,CNT-CDP-6266-128
INVC-03756,3/25/2021,1,6/23/2022,7/19/2021,Paid,Monthly,BILL086254917,183-45-4464,CNT-CDP-8553-322
INVC-94669,10/28/2021,1,5/9/2022,,Unpaid,Annually,BILL253904393,497-69-4479,CNT-CDP-6674-730
INVC-14400,10/31/2021,4,8/18/2022,12/22/2021,Paid,Monthly,BILL473076743,894-74-3017,CNT-CDP-6171-071
INVC-79274,8/4/2021,1,8/15/2022,,Unpaid,Bi-Weekly,BILL876594255,823-65-3803,CNT-CDP-2512-198
INVC-23533,6/6/2019,3,10/22/2022,11/11/2020,Paid,Daily,BILL053781936,540-22-7915,CNT-CDP-7422-970
INVC-74217,1/8/2019,3,7/3/2022,5/31/2020,Paid,Quarterly,BILL211957665,364-72-1852,CNT-CDP-2242-539
INVC-57309,11/19/2019,5,8/24/2022,9/27/2021,Paid,Bi-Weekly,BILL954633146,126-24-4950,CNT-CDP-5503-541
INVC-16362,12/21/2019,4,6/13/2022,8/5/2021,Paid,Daily,BILL505441985,618-55-6387,CNT-CDP-1388-251
INVC-19552,9/5/2020,1,12/17/2022,4/21/2021,Paid,Bi-Weekly,BILL838745244,707-40-1856,CNT-CDP-1688-834
INVC-62867,6/25/2019,1,5/2/2022,,Unpaid,Weekly,BILL468457621,418-89-3022,CNT-CDP-6784-030
INVC-72140,2/8/2021,2,9/23/2022,3/17/2021,Paid,Daily,BILL036839684,659-84-4620,CNT-CDP-1336-550
INVC-20550,4/3/2020,3,10/17/2022,10/16/2021,Paid,Daily,BILL979929762,582-36-2711,CNT-CDP-5550-244
INVC-40130,10/1/2021,2,1/12/2022,10/18/2021,Paid,Monthly,BILL276975672,522-10-6832,CNT-CDP-2494-890
INVC-86239,2/2/2019,3,7/5/2022,,Unpaid,Semi-Annually,BILL927861239,236-25-2001,CNT-CDP-0616-505
INVC-36885,12/4/2021,1,6/28/2022,12/13/2021,Paid,Quarterly,BILL616171857,249-61-0560,CNT-CDP-8578-432
INVC-07941,8/24/2021,5,12/13/2022,12/3/2021,Paid,Quarterly,BILL404272196,518-58-6058,CNT-CDP-4901-899
INVC-32763,3/1/2019,5,9/17/2022,,Unpaid,Weekly,BILL639773517,893-99-9702,CNT-CDP-9700-206
INVC-61487,3/28/2019,5,4/26/2022,3/11/2020,Paid,Annually,BILL259027417,499-72-2020,CNT-CDP-7858-277
INVC-65120,5/6/2021,1,9/21/2022,,Unpaid,Annually,BILL693024461,358-44-0561,CNT-CDP-4118-325
INVC-85405,12/3/2021,4,9/30/2022,12/22/2021,Paid,Monthly,BILL862872382,639-24-8395,CNT-CDP-6834-795
INVC-03001,4/8/2019,1,2/2/2022,5/29/2019,Paid,Semi-Annually,BILL336749611,489-30-7648,CNT-CDP-9868-292
INVC-43823,8/27/2021,1,8/23/2022,12/23/2021,Paid,Annually,BILL865562063,111-56-1286,CNT-CDP-6141-785
INVC-26579,2/22/2019,2,9/9/2022,5/6/2020,Paid,Annually,BILL756708460,299-61-2000,CNT-CDP-9475-768
INVC-69967,5/9/2021,5,10/2/2022,8/12/2021,Paid,Quarterly,BILL122686353,118-89-3671,CNT-CDP-2907-573
INVC-31969,7/29/2020,5,9/17/2022,9/2/2020,Paid,Quarterly,BILL666156123,728-88-9032,CNT-CDP-4832-606
INVC-73814,1/26/2019,1,1/30/2022,7/18/2019,Paid,Quarterly,BILL557495441,239-74-6858,CNT-CDP-8555-060
INVC-44292,5/27/2019,4,12/8/2022,1/10/2021,Paid,Weekly,BILL884260760,765-98-1140,CNT-CDP-9492-940
INVC-03786,7/27/2019,4,3/6/2022,8/23/2019,Paid,Bi-Weekly,BILL371243000,675-38-5467,CNT-CDP-2265-515
INVC-79939,3/2/2019,3,5/3/2022,6/29/2020,Paid,Daily,BILL974483654,287-91-0644,CNT-CDP-4653-779
INVC-67025,1/27/2019,1,9/10/2022,12/25/2019,Paid,Bi-Weekly,BILL115344090,529-86-3176,CNT-CDP-7027-736
INVC-52553,9/5/2021,3,8/16/2022,11/7/2021,Paid,Annually,BILL948357940,216-37-2957,CNT-CDP-0045-043
INVC-09368,5/16/2020,4,2/12/2022,,Unpaid,Bi-Weekly,BILL519799644,478-48-7443,CNT-CDP-5160-561
INVC-18230,1/28/2019,2,6/8/2022,12/27/2019,Paid,Semi-Annually,BILL013179640,823-10-6623,CNT-CDP-3402-858
INVC-84967,12/6/2019,3,10/31/2022,9/14/2020,Paid,Quarterly,BILL255112418,643-53-4676,CNT-CDP-0196-684
INVC-33344,11/3/2020,1,1/28/2022,,Unpaid,Monthly,BILL369960408,489-53-3937,CNT-CDP-8620-279
INVC-50314,2/14/2021,2,1/19/2022,9/3/2021,Paid,Daily,BILL450855336,200-03-6558,CNT-CDP-8556-256
INVC-54082,9/13/2019,2,2/6/2022,5/9/2021,Paid,Quarterly,BILL345734809,700-90-8678,CNT-CDP-5859-546
INVC-43754,3/2/2021,2,9/29/2022,5/14/2021,Paid,Quarterly,BILL161647729,572-54-4752,CNT-CDP-7006-280
INVC-67764,2/10/2020,4,2/4/2022,2/20/2021,Paid,Semi-Annually,BILL950397108,532-85-3774,CNT-CDP-6859-791
INVC-72136,3/25/2019,5,1/1/2022,10/14/2020,Paid,Weekly,BILL245967067,394-39-8605,CNT-CDP-8393-974
INVC-36445,2/11/2019,3,3/22/2022,6/18/2019,Paid,Bi-Weekly,BILL626244883,757-73-4552,CNT-CDP-6055-372
INVC-09639,7/2/2021,5,10/5/2022,12/7/2021,Paid,Bi-Weekly,BILL416463299,210-55-3341,CNT-CDP-9670-435
INVC-58811,7/19/2019,2,7/29/2022,,Unpaid,Quarterly,BILL179268418,759-86-2057,CNT-CDP-6055-378
INVC-33999,6/22/2019,5,8/10/2022,,Unpaid,Daily,BILL300450028,381-63-5242,CNT-CDP-9687-844
INVC-17060,3/23/2020,3,9/1/2022,7/1/2020,Paid,Bi-Weekly,BILL683702508,713-35-1652,CNT-CDP-7461-885
INVC-77734,9/4/2021,3,10/1/2022,,Unpaid,Daily,BILL391048009,761-99-8936,CNT-CDP-8383-950
INVC-76371,2/9/2021,3,6/8/2022,10/1/2021,Paid,Annually,BILL547272505,808-70-3145,CNT-CDP-1302-592
INVC-65782,8/14/2021,5,12/6/2022,8/27/2021,Paid,Monthly,BILL827184216,688-16-5212,CNT-CDP-9768-397
INVC-33813,9/14/2020,5,5/5/2022,,Unpaid,Daily,BILL747733499,209-96-9359,CNT-CDP-4219-166
INVC-98453,8/25/2019,4,8/21/2022,1/22/2021,Paid,Quarterly,BILL647372615,122-55-4301,CNT-CDP-3385-096
INVC-71260,3/3/2021,1,4/21/2022,,Unpaid,Monthly,BILL146234712,880-34-9229,CNT-CDP-3936-853
INVC-07790,6/25/2021,3,7/10/2022,11/9/2021,Paid,Monthly,BILL606889937,891-27-9474,CNT-CDP-5037-837
INVC-69260,7/8/2019,2,6/22/2022,12/5/2019,Paid,Quarterly,BILL772117851,517-96-6739,CNT-CDP-0138-654
INVC-65752,1/17/2020,3,5/8/2022,5/4/2021,Paid,Bi-Weekly,BILL282277406,382-44-9399,CNT-CDP-6722-563
INVC-86475,6/19/2021,1,3/23/2022,11/12/2021,Paid,Weekly,BILL221620987,839-58-2834,CNT-CDP-6342-332
INVC-49225,10/15/2021,2,8/25/2022,,Unpaid,Bi-Weekly,BILL044474413,176-29-9474,CNT-CDP-2683-741
INVC-17101,3/13/2021,3,5/2/2022,,Unpaid,Semi-Annually,BILL655490350,184-63-4040,CNT-CDP-0489-321
INVC-09422,8/4/2020,3,8/10/2022,3/30/2021,Paid,Annually,BILL309603359,531-23-0072,CNT-CDP-6784-383
INVC-04270,8/6/2019,2,9/18/2022,7/7/2020,Paid,Semi-Annually,BILL528603171,774-26-8823,CNT-CDP-6911-649
INVC-38111,4/14/2021,1,7/23/2022,11/1/2021,Paid,Annually,BILL399376593,763-53-6518,CNT-CDP-9142-487
INVC-56879,8/15/2021,5,3/10/2022,,Unpaid,Annually,BILL482890017,691-77-5024,CNT-CDP-9783-931
INVC-16720,8/1/2020,2,3/3/2022,6/21/2021,Paid,Daily,BILL385159673,879-95-0564,CNT-CDP-7206-838
INVC-64188,1/16/2019,3,8/30/2022,12/6/2019,Paid,Monthly,BILL732096855,564-94-0410,CNT-CDP-1691-964
INVC-47831,6/2/2019,5,1/5/2022,12/6/2019,Paid,Semi-Annually,BILL037689635,793-39-8139,CNT-CDP-6491-686
INVC-34886,10/29/2019,1,10/2/2022,11/18/2020,Paid,Annually,BILL544572066,894-52-6177,CNT-CDP-4981-274
INVC-88017,1/23/2019,3,5/3/2022,6/21/2020,Paid,Quarterly,BILL735925948,218-06-0719,CNT-CDP-7386-126
INVC-13089,11/12/2019,5,9/20/2022,,Unpaid,Daily,BILL060817079,107-43-5220,CNT-CDP-8309-891
INVC-13424,9/3/2020,2,3/28/2022,4/2/2021,Paid,Annually,BILL753706817,347-70-3337,CNT-CDP-1299-479
INVC-46048,7/12/2019,3,2/27/2022,6/10/2020,Paid,Daily,BILL395535789,663-87-5520,CNT-CDP-0745-264
INVC-30269,11/9/2019,4,12/30/2022,,Unpaid,Daily,BILL626399033,204-89-0224,CNT-CDP-5910-468
INVC-78226,3/10/2020,4,12/28/2022,1/16/2021,Paid,Bi-Weekly,BILL300907456,558-37-9929,CNT-CDP-3182-970
INVC-33891,6/28/2021,4,12/17/2022,9/30/2021,Paid,Monthly,BILL397455103,136-67-3745,CNT-CDP-4580-978
INVC-78740,10/3/2019,1,1/20/2022,2/19/2020,Paid,Monthly,BILL006033264,546-41-7510,CNT-CDP-5608-302
INVC-12824,12/13/2020,4,2/12/2022,5/27/2021,Paid,Semi-Annually,BILL527286558,610-58-6143,CNT-CDP-8194-783
INVC-87312,3/17/2019,4,6/2/2022,5/26/2019,Paid,Annually,BILL023291144,338-59-2665,CNT-CDP-6217-509
INVC-22355,5/12/2019,4,10/23/2022,11/18/2020,Paid,Semi-Annually,BILL618173947,457-60-9652,CNT-CDP-4228-131
INVC-93135,9/18/2020,3,2/28/2022,,Unpaid,Semi-Annually,BILL954247477,639-59-5909,CNT-CDP-8370-550
INVC-19399,10/1/2021,3,10/29/2022,12/13/2021,Paid,Monthly,BILL640749331,423-50-6409,CNT-CDP-7873-565
INVC-88611,11/8/2019,3,2/9/2022,6/16/2021,Paid,Daily,BILL782308057,739-86-6514,CNT-CDP-6366-750
INVC-99302,6/8/2021,5,8/20/2022,,Unpaid,Monthly,BILL443942343,498-96-5310,CNT-CDP-1241-826
INVC-23507,2/17/2019,3,8/12/2022,12/5/2020,Paid,Annually,BILL921837255,718-24-9799,CNT-CDP-4542-423
INVC-37705,9/17/2019,1,11/3/2022,,Unpaid,Bi-Weekly,BILL486991070,294-47-6704,CNT-CDP-8865-006
INVC-67820,12/15/2020,4,7/23/2022,7/5/2021,Paid,Daily,BILL028935910,350-82-8206,CNT-CDP-1908-264
INVC-04584,6/24/2020,4,7/11/2022,10/13/2021,Paid,Quarterly,BILL704472139,628-62-2747,CNT-CDP-0466-712
INVC-67832,8/31/2020,5,10/26/2022,10/4/2020,Paid,Annually,BILL358283324,320-47-9640,CNT-CDP-4921-307
INVC-04319,11/30/2020,2,9/12/2022,1/3/2021,Paid,Annually,BILL798724636,622-30-1101,CNT-CDP-0534-467
INVC-31651,11/12/2021,3,4/22/2022,,Unpaid,Semi-Annually,BILL199107923,739-24-3156,CNT-CDP-3473-243
INVC-40911,3/22/2020,2,8/6/2022,5/10/2021,Paid,Monthly,BILL300198355,527-99-2794,CNT-CDP-0658-463
INVC-85873,9/4/2020,4,6/13/2022,11/4/2020,Paid,Bi-Weekly,BILL686144883,496-14-7512,CNT-CDP-0936-342
INVC-21284,8/16/2020,3,11/29/2022,5/10/2021,Paid,Semi-Annually,BILL399699673,411-70-2321,CNT-CDP-4659-484
INVC-05681,12/6/2020,4,12/22/2022,3/30/2021,Paid,Monthly,BILL778680553,111-48-5399,CNT-CDP-0683-875
INVC-41378,4/2/2021,5,8/26/2022,,Unpaid,Semi-Annually,BILL086336963,897-52-4675,CNT-CDP-8640-183
INVC-60434,10/12/2020,4,6/6/2022,10/1/2021,Paid,Monthly,BILL241353301,200-58-1564,CNT-CDP-6391-152
INVC-37604,3/30/2021,3,8/7/2022,4/2/2021,Paid,Quarterly,BILL873510279,306-27-1825,CNT-CDP-1744-820
INVC-86452,10/23/2021,5,12/17/2022,11/3/2021,Paid,Monthly,BILL286643864,309-54-2863,CNT-CDP-4421-061
INVC-14246,11/9/2020,5,2/19/2022,2/17/2021,Paid,Semi-Annually,BILL372859033,152-22-1318,CNT-CDP-8758-934
INVC-18491,12/4/2020,4,11/10/2022,5/7/2021,Paid,Quarterly,BILL956768044,818-19-8936,CNT-CDP-0320-788
INVC-49499,4/16/2021,2,12/31/2022,7/24/2021,Paid,Bi-Weekly,BILL655630781,754-98-7758,CNT-CDP-7756-274
INVC-13475,4/5/2020,5,2/19/2022,,Unpaid,Quarterly,BILL258034678,591-31-9549,CNT-CDP-7401-540
INVC-53273,12/21/2021,4,12/21/2022,12/22/2021,Paid,Annually,BILL516904192,622-11-1615,CNT-CDP-3251-625
INVC-77675,12/12/2021,2,10/10/2022,,Unpaid,Monthly,BILL548899837,359-32-2507,CNT-CDP-4833-012
INVC-14996,11/4/2019,4,1/11/2022,7/8/2021,Paid,Monthly,BILL108149913,701-70-7269,CNT-CDP-6515-388
INVC-97689,4/17/2019,5,11/20/2022,7/27/2019,Paid,Weekly,BILL463144622,329-77-4299,CNT-CDP-0764-907
INVC-97150,5/12/2021,1,12/17/2022,6/7/2021,Paid,Bi-Weekly,BILL638873460,418-14-3526,CNT-CDP-4691-864
INVC-86056,9/5/2020,3,7/29/2022,9/9/2021,Paid,Quarterly,BILL275706003,323-31-8610,CNT-CDP-7269-106
INVC-17403,2/23/2019,2,4/25/2022,7/24/2021,Paid,Daily,BILL207699740,458-86-6572,CNT-CDP-5184-234
INVC-63815,12/2/2021,1,8/25/2022,,Unpaid,Semi-Annually,BILL989562209,364-16-6383,CNT-CDP-2089-762
INVC-82351,12/31/2020,2,3/27/2022,6/21/2021,Paid,Weekly,BILL757407417,730-87-9665,CNT-CDP-5436-308
INVC-55102,10/3/2021,5,5/24/2022,,Unpaid,Weekly,BILL498007265,129-65-4400,CNT-CDP-0212-945
INVC-57164,11/19/2021,3,3/7/2022,12/1/2021,Paid,Monthly,BILL786644245,471-25-7860,CNT-CDP-3707-775
INVC-53624,8/7/2019,4,11/2/2022,12/12/2021,Paid,Daily,BILL005071364,111-55-7156,CNT-CDP-5973-320
INVC-19980,3/14/2021,2,11/16/2022,6/10/2021,Paid,Quarterly,BILL118928548,347-30-3861,CNT-CDP-8843-234
INVC-88915,10/26/2021,4,4/6/2022,,Unpaid,Bi-Weekly,BILL773397650,117-05-3734,CNT-CDP-6174-353
INVC-75289,9/29/2020,2,8/19/2022,,Unpaid,Annually,BILL064948671,160-36-8380,CNT-CDP-0227-977
INVC-86208,2/22/2021,4,3/9/2022,,Unpaid,Bi-Weekly,BILL318380006,268-49-2117,CNT-CDP-6916-808
INVC-10510,3/31/2020,2,8/5/2022,,Unpaid,Weekly,BILL101771315,218-76-2737,CNT-CDP-9470-533
INVC-92724,7/19/2021,2,1/10/2022,10/15/2021,Paid,Weekly,BILL698656528,618-40-5613,CNT-CDP-5884-498
INVC-65215,3/27/2019,1,10/2/2022,6/29/2019,Paid,Quarterly,BILL304055243,409-48-5094,CNT-CDP-6944-916
INVC-63450,11/20/2020,5,1/11/2022,,Unpaid,Semi-Annually,BILL292311965,402-80-4525,CNT-CDP-0958-779
INVC-60926,10/18/2019,2,3/29/2022,,Unpaid,Monthly,BILL978319784,469-47-1784,CNT-CDP-0939-082
INVC-79876,12/24/2020,2,11/26/2022,1/3/2021,Paid,Semi-Annually,BILL548023066,831-61-9528,CNT-CDP-0364-861
INVC-57978,10/2/2021,4,12/13/2022,11/8/2021,Paid,Quarterly,BILL893036699,348-24-6506,CNT-CDP-2255-039
INVC-87095,6/21/2019,3,10/12/2022,10/10/2020,Paid,Quarterly,BILL716772951,144-57-2660,CNT-CDP-4472-033
INVC-23299,5/20/2021,2,2/2/2022,12/20/2021,Paid,Quarterly,BILL311594421,531-95-5982,CNT-CDP-1132-893
INVC-01661,8/12/2019,1,8/9/2022,2/17/2020,Paid,Weekly,BILL090253812,233-66-6121,CNT-CDP-4908-047
INVC-82965,8/31/2021,5,5/28/2022,12/18/2021,Paid,Semi-Annually,BILL092217819,590-14-9022,CNT-CDP-8562-124
INVC-22678,12/29/2021,5,3/4/2022,,Unpaid,Annually,BILL380253012,544-08-8528,CNT-CDP-1023-535
INVC-72181,3/22/2019,1,6/1/2022,2/1/2021,Paid,Weekly,BILL187698342,527-90-6987,CNT-CDP-7589-366
INVC-30630,10/12/2021,1,2/25/2022,12/16/2021,Paid,Semi-Annually,BILL914482501,120-96-4953,CNT-CDP-7641-256
INVC-84892,9/2/2020,1,7/25/2022,,Unpaid,Semi-Annually,BILL996884645,146-24-4332,CNT-CDP-5327-190
INVC-12606,3/7/2021,5,7/21/2022,7/11/2021,Paid,Weekly,BILL239595987,492-69-2793,CNT-CDP-1547-355
INVC-94939,8/21/2021,5,2/3/2022,11/28/2021,Paid,Monthly,BILL784254482,755-42-1537,CNT-CDP-7174-379
INVC-32808,3/4/2020,3,6/1/2022,,Unpaid,Quarterly,BILL198412212,405-95-7014,CNT-CDP-8690-290
INVC-93713,12/12/2021,4,10/31/2022,,Unpaid,Semi-Annually,BILL086475502,472-83-8236,CNT-CDP-7343-257
INVC-92205,5/28/2021,5,5/30/2022,,Unpaid,Weekly,BILL707975201,899-27-0997,CNT-CDP-9732-097
INVC-94495,9/29/2019,3,9/9/2022,11/15/2020,Paid,Bi-Weekly,BILL511814513,281-81-1398,CNT-CDP-8267-434
INVC-45904,5/26/2019,3,5/20/2022,10/9/2019,Paid,Monthly,BILL660834713,108-98-3421,CNT-CDP-5210-397
INVC-78102,10/5/2019,1,9/24/2022,10/20/2020,Paid,Semi-Annually,BILL022748233,675-06-9696,CNT-CDP-7404-978
INVC-26377,11/16/2021,5,2/3/2022,12/6/2021,Paid,Semi-Annually,BILL144271272,578-15-9306,CNT-CDP-7212-177
INVC-16717,7/1/2020,3,6/20/2022,10/8/2021,Paid,Daily,BILL127093579,674-16-7205,CNT-CDP-5220-589
INVC-98247,3/12/2019,4,9/14/2022,9/21/2019,Paid,Semi-Annually,BILL862115273,882-39-2517,CNT-CDP-2832-547
INVC-55122,8/16/2019,1,7/31/2022,,Unpaid,Weekly,BILL406532368,271-25-6631,CNT-CDP-3407-678
INVC-68600,12/11/2019,1,8/2/2022,,Unpaid,Weekly,BILL320045262,339-55-1734,CNT-CDP-7928-952
INVC-69747,1/12/2021,4,10/8/2022,12/24/2021,Paid,Bi-Weekly,BILL572173960,815-54-1401,CNT-CDP-6475-694
INVC-11746,1/28/2021,4,7/31/2022,2/10/2021,Paid,Weekly,BILL676938424,559-35-0106,CNT-CDP-6240-985
INVC-12112,9/20/2019,2,3/24/2022,10/21/2020,Paid,Daily,BILL938125948,718-09-6017,CNT-CDP-6752-094
INVC-58356,7/13/2019,2,10/8/2022,2/27/2021,Paid,Monthly,BILL698595404,143-46-2783,CNT-CDP-3502-551
INVC-79127,7/7/2019,3,9/19/2022,,Unpaid,Daily,BILL637342152,125-09-8565,CNT-CDP-1564-232
INVC-34573,7/20/2021,3,7/16/2022,11/27/2021,Paid,Monthly,BILL231389311,757-12-1999,CNT-CDP-4967-777
INVC-99856,1/27/2019,5,6/2/2022,,Unpaid,Annually,BILL630575084,502-99-6386,CNT-CDP-1652-944
INVC-18547,8/30/2021,5,1/7/2022,11/29/2021,Paid,Bi-Weekly,BILL998363798,531-33-4224,CNT-CDP-4392-631
INVC-05919,3/7/2021,4,11/11/2022,5/6/2021,Paid,Semi-Annually,BILL713796775,469-65-9333,CNT-CDP-3475-220
INVC-91568,10/5/2021,2,6/10/2022,,Unpaid,Annually,BILL401404752,797-77-9625,CNT-CDP-0903-673
INVC-73746,5/9/2020,2,2/21/2022,,Unpaid,Quarterly,BILL443793749,194-66-7196,CNT-CDP-5075-745
INVC-92593,2/5/2020,1,12/17/2022,1/10/2021,Paid,Weekly,BILL502585943,410-38-8800,CNT-CDP-2560-510
INVC-73186,5/17/2019,2,2/22/2022,11/12/2021,Paid,Quarterly,BILL436969824,684-74-3063,CNT-CDP-0098-302
INVC-87473,5/29/2020,3,5/6/2022,11/5/2021,Paid,Semi-Annually,BILL481053721,533-14-4484,CNT-CDP-3494-580
INVC-13460,6/8/2019,1,11/24/2022,,Unpaid,Bi-Weekly,BILL809339049,576-62-9974,CNT-CDP-1120-060
INVC-45092,12/10/2019,3,12/13/2022,,Unpaid,Monthly,BILL440063986,881-05-3396,CNT-CDP-2292-369
INVC-95551,5/24/2020,4,1/14/2022,1/31/2021,Paid,Weekly,BILL299782596,154-64-7050,CNT-CDP-1598-945
INVC-91874,2/1/2020,2,12/19/2022,,Unpaid,Monthly,BILL336820021,173-51-2644,CNT-CDP-7717-377
INVC-01819,10/9/2020,1,5/20/2022,,Unpaid,Monthly,BILL035596046,400-21-1001,CNT-CDP-6256-322
INVC-66170,9/21/2019,5,4/14/2022,9/15/2021,Paid,Weekly,BILL909301810,572-26-6323,CNT-CDP-6703-939
INVC-14162,7/15/2019,5,8/31/2022,5/1/2020,Paid,Daily,BILL658280311,817-05-6507,CNT-CDP-2250-134
INVC-98273,7/1/2019,2,10/28/2022,,Unpaid,Quarterly,BILL903652503,860-28-1868,CNT-CDP-8449-566
INVC-87792,12/6/2020,3,12/25/2022,,Unpaid,Quarterly,BILL448244128,309-34-1587,CNT-CDP-7307-339
INVC-49247,8/27/2021,1,2/17/2022,9/26/2021,Paid,Bi-Weekly,BILL219850991,691-85-1701,CNT-CDP-2461-700
INVC-99594,3/26/2019,2,1/1/2022,3/9/2021,Paid,Monthly,BILL127753327,373-10-7441,CNT-CDP-3570-555
INVC-73289,11/19/2020,1,1/7/2022,,Unpaid,Bi-Weekly,BILL764162236,290-40-6634,CNT-CDP-8459-406
INVC-73689,12/9/2021,1,5/12/2022,12/12/2021,Paid,Semi-Annually,BILL633462947,674-28-9722,CNT-CDP-6654-149
INVC-49132,3/27/2019,3,11/17/2022,7/6/2019,Paid,Quarterly,BILL190007013,144-97-8039,CNT-CDP-8201-958
INVC-20254,10/11/2019,5,12/8/2022,10/20/2021,Paid,Bi-Weekly,BILL623615496,831-70-3318,CNT-CDP-7444-147
INVC-60030,11/20/2021,1,8/19/2022,12/19/2021,Paid,Quarterly,BILL947833841,558-90-8793,CNT-CDP-7379-495
INVC-91996,8/14/2021,2,11/18/2022,10/5/2021,Paid,Quarterly,BILL538619985,792-67-4281,CNT-CDP-9677-708
INVC-43362,7/13/2020,3,9/2/2022,,Unpaid,Semi-Annually,BILL909679450,782-32-5716,CNT-CDP-4859-484
INVC-36146,4/17/2021,2,1/26/2022,7/15/2021,Paid,Monthly,BILL438335088,450-34-5258,CNT-CDP-6244-491
INVC-24787,3/8/2020,5,1/29/2022,,Unpaid,Monthly,BILL370127737,154-64-8431,CNT-CDP-5803-851
INVC-67782,3/23/2021,1,2/9/2022,,Unpaid,Monthly,BILL713429095,536-21-0812,CNT-CDP-2639-503
INVC-19333,5/20/2020,5,5/17/2022,8/15/2021,Paid,Semi-Annually,BILL572602963,683-83-0030,CNT-CDP-2345-204
INVC-14956,11/23/2021,3,5/24/2022,11/30/2021,Paid,Annually,BILL874230635,758-26-9883,CNT-CDP-6371-507
INVC-20854,3/25/2020,3,12/21/2022,,Unpaid,Daily,BILL609514915,521-18-7100,CNT-CDP-6612-374
INVC-19039,12/17/2021,3,10/30/2022,12/22/2021,Paid,Quarterly,BILL136664213,522-29-3424,CNT-CDP-5039-924
INVC-49990,8/1/2021,1,2/15/2022,9/1/2021,Paid,Daily,BILL078494397,541-55-7474,CNT-CDP-0165-816
INVC-78811,6/11/2019,3,5/12/2022,12/5/2019,Paid,Semi-Annually,BILL255609204,416-36-8921,CNT-CDP-7299-158
INVC-04177,10/15/2019,4,7/8/2022,12/22/2020,Paid,Bi-Weekly,BILL028497792,196-90-9715,CNT-CDP-5138-432
INVC-04402,1/9/2020,4,7/14/2022,,Unpaid,Daily,BILL143618348,332-50-8142,CNT-CDP-8023-432
INVC-08254,10/16/2019,2,7/9/2022,4/21/2021,Paid,Weekly,BILL875920883,783-68-0154,CNT-CDP-7570-004
INVC-81439,12/11/2021,5,6/29/2022,12/18/2021,Paid,Quarterly,BILL616477686,425-88-7594,CNT-CDP-3470-453
INVC-61213,3/6/2020,4,11/16/2022,11/13/2021,Paid,Semi-Annually,BILL148330403,326-49-6729,CNT-CDP-3210-969
INVC-85797,3/23/2021,1,4/22/2022,,Unpaid,Monthly,BILL840897003,517-48-4669,CNT-CDP-2460-019
INVC-58960,4/11/2021,4,4/11/2022,,Unpaid,Weekly,BILL611157618,479-25-3635,CNT-CDP-5379-381
INVC-73385,1/4/2020,4,2/22/2022,,Unpaid,Daily,BILL036513937,489-98-8589,CNT-CDP-9562-404
INVC-66468,7/19/2021,3,5/13/2022,10/7/2021,Paid,Monthly,BILL611642211,454-50-7352,CNT-CDP-0012-149
INVC-98517,7/15/2020,1,11/20/2022,8/16/2020,Paid,Weekly,BILL656499554,696-66-8047,CNT-CDP-2950-681
INVC-98589,3/30/2021,5,9/29/2022,4/15/2021,Paid,Quarterly,BILL800958993,324-13-9091,CNT-CDP-5622-270
INVC-13366,2/3/2021,3,6/24/2022,11/26/2021,Paid,Daily,BILL518021173,845-85-8761,CNT-CDP-5277-908
INVC-25056,9/26/2021,1,9/14/2022,12/13/2021,Paid,Quarterly,BILL079103430,810-99-3600,CNT-CDP-0583-756
INVC-53497,5/13/2021,2,12/11/2022,,Unpaid,Bi-Weekly,BILL023663265,333-94-4387,CNT-CDP-9208-549
INVC-53853,7/24/2020,3,12/14/2022,5/19/2021,Paid,Annually,BILL417100957,772-58-7916,CNT-CDP-1384-365
INVC-02389,10/11/2020,4,10/24/2022,,Unpaid,Monthly,BILL093974581,411-05-1333,CNT-CDP-7520-153
INVC-99765,6/22/2020,3,10/25/2022,7/14/2021,Paid,Weekly,BILL512548386,730-71-0856,CNT-CDP-2664-430
INVC-63779,1/26/2020,3,4/23/2022,1/31/2021,Paid,Weekly,BILL205979582,683-52-9482,CNT-CDP-7969-902
INVC-01206,2/25/2019,5,4/23/2022,,Unpaid,Quarterly,BILL733805251,420-65-0039,CNT-CDP-4716-686
INVC-98185,12/25/2020,4,12/24/2022,12/8/2021,Paid,Quarterly,BILL677994371,706-92-3972,CNT-CDP-9251-365
INVC-11315,5/8/2019,3,11/21/2022,,Unpaid,Weekly,BILL737017617,684-49-6147,CNT-CDP-0735-160
INVC-45499,9/7/2019,1,11/11/2022,6/23/2021,Paid,Quarterly,BILL090062217,506-48-3197,CNT-CDP-9193-513
INVC-58669,11/18/2019,4,4/21/2022,8/14/2020,Paid,Daily,BILL427141693,649-18-0971,CNT-CDP-9548-714
INVC-87780,9/6/2019,4,7/28/2022,,Unpaid,Semi-Annually,BILL764521310,741-88-2845,CNT-CDP-4355-213
INVC-12512,8/27/2020,2,9/26/2022,,Unpaid,Weekly,BILL660810943,429-21-6288,CNT-CDP-5883-370
INVC-46632,5/17/2020,4,7/10/2022,1/26/2021,Paid,Monthly,BILL752950974,386-64-6014,CNT-CDP-7633-031
INVC-79124,12/15/2020,3,9/17/2022,,Unpaid,Bi-Weekly,BILL871835822,576-22-8234,CNT-CDP-4298-194
INVC-58215,9/11/2021,5,6/2/2022,9/27/2021,Paid,Weekly,BILL291905989,343-14-8509,CNT-CDP-8860-145
INVC-99308,8/8/2020,4,1/21/2022,12/1/2020,Paid,Bi-Weekly,BILL161592289,416-91-0684,CNT-CDP-6359-891
INVC-15011,5/25/2019,1,7/13/2022,9/4/2020,Paid,Weekly,BILL376104158,324-19-5995,CNT-CDP-5491-579
INVC-36692,5/14/2021,1,11/20/2022,7/28/2021,Paid,Bi-Weekly,BILL011792974,810-21-7607,CNT-CDP-7846-837
INVC-94817,2/6/2020,2,6/8/2022,,Unpaid,Bi-Weekly,BILL621335276,408-06-6759,CNT-CDP-0043-128
INVC-01463,9/28/2021,5,8/18/2022,11/8/2021,Paid,Bi-Weekly,BILL792860535,862-15-0803,CNT-CDP-1752-610
INVC-66463,11/18/2020,1,7/1/2022,12/20/2020,Paid,Weekly,BILL196505660,341-34-9421,CNT-CDP-4838-473
INVC-10375,5/5/2020,4,7/20/2022,7/27/2021,Paid,Weekly,BILL882308549,522-74-3333,CNT-CDP-6362-620
INVC-87529,1/6/2021,4,8/14/2022,,Unpaid,Monthly,BILL766716288,571-01-2642,CNT-CDP-6472-018
INVC-83913,3/12/2021,5,4/3/2022,11/22/2021,Paid,Weekly,BILL025855951,400-01-7648,CNT-CDP-3649-607
INVC-59885,10/20/2020,5,4/28/2022,,Unpaid,Quarterly,BILL962754312,598-47-0008,CNT-CDP-8741-560
INVC-71349,3/21/2020,4,9/10/2022,5/17/2021,Paid,Semi-Annually,BILL338752934,336-91-9867,CNT-CDP-8452-467
INVC-45462,5/13/2020,1,11/28/2022,7/13/2021,Paid,Quarterly,BILL934029544,389-16-9961,CNT-CDP-4814-607
INVC-83598,2/6/2020,3,8/18/2022,6/26/2020,Paid,Semi-Annually,BILL310437267,417-63-0056,CNT-CDP-0530-984
INVC-61067,6/26/2021,5,4/15/2022,12/28/2021,Paid,Weekly,BILL759909813,859-29-5605,CNT-CDP-7016-102
INVC-76118,11/11/2021,5,7/11/2022,12/19/2021,Paid,Daily,BILL778150967,120-67-5434,CNT-CDP-6403-634
INVC-18335,2/21/2020,2,11/18/2022,,Unpaid,Weekly,BILL157499701,286-71-0755,CNT-CDP-8550-485
INVC-07880,6/4/2019,2,1/15/2022,7/5/2020,Paid,Annually,BILL230384028,191-15-6591,CNT-CDP-3236-919
INVC-07467,10/31/2019,3,1/20/2022,2/17/2021,Paid,Semi-Annually,BILL543798524,121-17-6643,CNT-CDP-0166-217
INVC-53439,5/22/2021,2,11/8/2022,6/29/2021,Paid,Semi-Annually,BILL394238476,678-24-3779,CNT-CDP-4618-585
INVC-95148,8/18/2021,2,12/24/2022,,Unpaid,Annually,BILL296862511,426-19-9733,CNT-CDP-3283-313
INVC-11858,12/13/2021,1,10/26/2022,12/21/2021,Paid,Semi-Annually,BILL105784499,295-50-6362,CNT-CDP-5374-530
INVC-69765,2/1/2020,1,3/3/2022,12/18/2020,Paid,Bi-Weekly,BILL639543430,243-90-7292,CNT-CDP-3226-308
INVC-33452,1/23/2019,1,4/16/2022,5/2/2021,Paid,Semi-Annually,BILL446410438,443-26-7684,CNT-CDP-5956-156
INVC-17771,12/3/2019,4,7/7/2022,6/1/2021,Paid,Semi-Annually,BILL039599158,891-39-7247,CNT-CDP-1681-460
INVC-47210,12/20/2019,4,1/3/2022,11/11/2020,Paid,Quarterly,BILL982136479,438-67-7690,CNT-CDP-3513-651
INVC-69949,2/13/2021,4,1/4/2022,6/3/2021,Paid,Weekly,BILL129607402,821-33-0882,CNT-CDP-0048-189
INVC-68368,12/5/2021,3,4/9/2022,12/11/2021,Paid,Semi-Annually,BILL086140948,240-62-7475,CNT-CDP-7129-001
INVC-39219,10/14/2020,4,9/5/2022,11/13/2020,Paid,Annually,BILL980112249,168-79-9741,CNT-CDP-0025-074
INVC-91872,5/17/2019,2,4/6/2022,,Unpaid,Quarterly,BILL302778954,502-28-3044,CNT-CDP-4226-906
INVC-07429,2/6/2021,2,1/29/2022,8/26/2021,Paid,Daily,BILL729007220,326-82-9096,CNT-CDP-4794-011
INVC-42428,6/27/2021,2,6/12/2022,7/25/2021,Paid,Bi-Weekly,BILL128748145,422-22-6500,CNT-CDP-3138-200
INVC-73728,7/18/2021,3,9/1/2022,10/18/2021,Paid,Semi-Annually,BILL483002632,784-23-9227,CNT-CDP-3261-885
INVC-99195,9/29/2019,5,4/22/2022,5/29/2020,Paid,Bi-Weekly,BILL030668260,583-74-6686,CNT-CDP-8773-843
INVC-89312,7/14/2020,3,12/17/2022,8/10/2020,Paid,Quarterly,BILL367042909,719-47-6049,CNT-CDP-0703-703
INVC-98825,6/14/2020,1,11/20/2022,4/1/2021,Paid,Quarterly,BILL325240996,444-61-8668,CNT-CDP-7695-110
INVC-68908,6/29/2021,1,1/15/2022,8/28/2021,Paid,Bi-Weekly,BILL467846315,414-80-2739,CNT-CDP-2794-924
INVC-08095,4/25/2019,3,3/26/2022,8/6/2019,Paid,Bi-Weekly,BILL359354134,320-72-8082,CNT-CDP-4697-407
INVC-60791,10/28/2021,4,4/17/2022,11/11/2021,Paid,Weekly,BILL429146252,754-90-0326,CNT-CDP-8278-068
INVC-22260,10/4/2021,4,3/16/2022,11/21/2021,Paid,Daily,BILL804143329,454-59-9255,CNT-CDP-7848-670
INVC-86495,12/28/2019,5,6/25/2022,8/16/2020,Paid,Bi-Weekly,BILL241593726,871-14-8846,CNT-CDP-4885-368
INVC-67383,1/26/2019,5,4/23/2022,3/14/2021,Paid,Bi-Weekly,BILL510966103,484-11-7643,CNT-CDP-0705-782
INVC-73122,2/4/2019,4,9/7/2022,,Unpaid,Bi-Weekly,BILL069848597,842-33-0692,CNT-CDP-2085-309
INVC-89345,6/4/2020,5,5/12/2022,,Unpaid,Semi-Annually,BILL801593467,770-97-2845,CNT-CDP-3835-236
INVC-80202,7/11/2021,2,2/10/2022,11/18/2021,Paid,Semi-Annually,BILL902636241,859-16-4730,CNT-CDP-9071-527
INVC-60688,8/24/2020,2,5/14/2022,3/3/2021,Paid,Monthly,BILL295267204,231-60-1071,CNT-CDP-8176-312
INVC-02805,2/14/2021,1,4/30/2022,5/4/2021,Paid,Annually,BILL156636491,204-84-2965,CNT-CDP-6356-443
INVC-99902,5/27/2020,4,7/3/2022,,Unpaid,Semi-Annually,BILL726769064,701-94-4581,CNT-CDP-1303-991
INVC-19190,10/3/2019,3,7/10/2022,,Unpaid,Quarterly,BILL682863835,472-69-9538,CNT-CDP-5770-589
INVC-49500,2/2/2020,4,5/26/2022,3/18/2020,Paid,Quarterly,BILL277895534,462-09-9586,CNT-CDP-8758-759
INVC-40601,12/10/2020,3,12/9/2022,,Unpaid,Bi-Weekly,BILL184422138,887-07-8129,CNT-CDP-7169-983
INVC-08592,11/7/2019,1,12/5/2022,1/31/2021,Paid,Semi-Annually,BILL357142907,401-76-1487,CNT-CDP-3592-132
INVC-89221,3/31/2019,1,8/27/2022,11/29/2021,Paid,Annually,BILL402412353,881-90-9554,CNT-CDP-4635-159
INVC-45465,2/13/2021,4,3/21/2022,10/25/2021,Paid,Quarterly,BILL085062113,312-39-6634,CNT-CDP-0695-142
INVC-83438,12/10/2019,5,5/24/2022,,Unpaid,Semi-Annually,BILL602648039,578-71-8021,CNT-CDP-6628-502
INVC-48576,11/9/2020,5,2/24/2022,,Unpaid,Weekly,BILL034391407,142-96-7706,CNT-CDP-0445-531
INVC-40265,9/30/2021,2,7/20/2022,,Unpaid,Monthly,BILL334581044,283-48-1886,CNT-CDP-3103-701
INVC-09165,5/26/2020,4,10/20/2022,7/6/2020,Paid,Weekly,BILL244424799,348-41-6467,CNT-CDP-6440-083
INVC-56487,6/12/2019,3,12/16/2022,,Unpaid,Semi-Annually,BILL061658767,377-81-1617,CNT-CDP-8889-788
INVC-52964,9/11/2020,5,11/4/2022,3/17/2021,Paid,Annually,BILL555804041,827-35-6446,CNT-CDP-9199-884
INVC-43201,7/3/2021,4,3/28/2022,7/21/2021,Paid,Annually,BILL254468119,479-33-8552,CNT-CDP-7225-678
INVC-69545,10/15/2021,4,8/5/2022,,Unpaid,Monthly,BILL182702546,216-57-5273,CNT-CDP-1854-163
INVC-38744,1/11/2020,4,8/26/2022,9/2/2021,Paid,Bi-Weekly,BILL345240047,560-54-1044,CNT-CDP-9453-431
INVC-77270,5/7/2020,1,7/27/2022,,Unpaid,Annually,BILL973981835,651-95-1667,CNT-CDP-9142-986
INVC-04062,3/18/2020,1,9/1/2022,,Unpaid,Daily,BILL195565582,161-27-2102,CNT-CDP-0696-193
INVC-81836,4/19/2021,4,10/22/2022,5/30/2021,Paid,Daily,BILL958061608,815-75-7291,CNT-CDP-4785-095
INVC-40160,1/17/2020,5,3/13/2022,,Unpaid,Annually,BILL877635768,472-57-1100,CNT-CDP-1691-543
INVC-58785,7/23/2020,2,4/1/2022,2/11/2021,Paid,Semi-Annually,BILL695307805,835-28-5830,CNT-CDP-7755-654
INVC-39565,6/10/2019,2,6/25/2022,,Unpaid,Bi-Weekly,BILL760301121,795-64-2025,CNT-CDP-2948-417
INVC-18785,3/4/2020,5,10/18/2022,,Unpaid,Bi-Weekly,BILL596348505,268-05-9286,CNT-CDP-6726-517
INVC-89059,2/4/2021,1,1/30/2022,4/13/2021,Paid,Monthly,BILL655953543,550-33-5183,CNT-CDP-1686-344
INVC-98873,8/25/2020,1,10/27/2022,,Unpaid,Bi-Weekly,BILL703956418,309-64-6753,CNT-CDP-0952-359
INVC-28759,3/6/2021,2,4/8/2022,,Unpaid,Annually,BILL162883165,244-26-3388,CNT-CDP-9810-437
INVC-33994,5/7/2020,4,3/24/2022,10/31/2020,Paid,Monthly,BILL978885033,335-22-1485,CNT-CDP-8648-617
INVC-49646,12/15/2020,4,9/7/2022,,Unpaid,Annually,BILL852860608,708-83-3620,CNT-CDP-8627-277
INVC-15978,10/7/2021,4,8/6/2022,10/14/2021,Paid,Weekly,BILL457678288,264-14-8360,CNT-CDP-1266-207
INVC-75886,9/29/2020,3,2/5/2022,10/17/2020,Paid,Annually,BILL757675547,577-18-8952,CNT-CDP-8613-486
INVC-61612,12/22/2020,1,11/8/2022,,Unpaid,Quarterly,BILL645084780,401-04-8498,CNT-CDP-7084-441
INVC-98632,5/21/2019,2,5/15/2022,,Unpaid,Daily,BILL138896412,823-37-4177,CNT-CDP-2225-044
INVC-58126,12/24/2019,1,6/11/2022,6/7/2021,Paid,Semi-Annually,BILL979812750,440-53-8760,CNT-CDP-5220-091
INVC-80546,12/28/2019,1,8/11/2022,7/22/2020,Paid,Quarterly,BILL325930472,789-23-6374,CNT-CDP-6784-885
INVC-00010,6/14/2020,2,10/11/2022,11/22/2020,Paid,Monthly,BILL546080145,410-82-3708,CNT-CDP-8795-526
INVC-94717,8/16/2019,5,10/10/2022,10/31/2021,Paid,Bi-Weekly,BILL572900413,684-53-7790,CNT-CDP-4297-856
INVC-28470,9/14/2021,5,9/18/2022,11/6/2021,Paid,Monthly,BILL200708748,302-41-8386,CNT-CDP-2183-000
INVC-36817,12/22/2019,2,10/8/2022,9/22/2020,Paid,Weekly,BILL985100707,724-19-2732,CNT-CDP-7146-925
INVC-21311,1/6/2020,4,2/8/2022,,Unpaid,Bi-Weekly,BILL330664477,105-24-5963,CNT-CDP-6430-594
INVC-08410,1/20/2021,1,2/3/2022,9/11/2021,Paid,Semi-Annually,BILL986307565,552-78-2235,CNT-CDP-5583-933
INVC-83173,7/18/2021,3,2/15/2022,10/16/2021,Paid,Quarterly,BILL024039285,386-12-2564,CNT-CDP-2519-036
INVC-48194,11/2/2020,2,2/6/2022,1/22/2021,Paid,Daily,BILL191075574,646-54-5749,CNT-CDP-4259-735
INVC-06517,1/29/2020,5,2/18/2022,,Unpaid,Weekly,BILL240412404,440-33-5693,CNT-CDP-2283-636
INVC-06813,4/25/2021,1,1/6/2022,7/2/2021,Paid,Daily,BILL848283152,819-97-9212,CNT-CDP-7820-783
INVC-71063,10/12/2020,4,7/9/2022,2/7/2021,Paid,Annually,BILL758249453,577-44-6995,CNT-CDP-0296-158
INVC-06237,4/17/2021,5,4/19/2022,11/7/2021,Paid,Semi-Annually,BILL598113647,555-77-7098,CNT-CDP-9120-282
INVC-57614,11/15/2021,3,10/2/2022,11/16/2021,Paid,Daily,BILL023713343,157-96-5213,CNT-CDP-8976-574
INVC-08212,7/27/2019,2,6/2/2022,,Unpaid,Quarterly,BILL364359851,694-28-6861,CNT-CDP-1686-121
INVC-14042,11/13/2021,5,11/30/2022,12/6/2021,Paid,Semi-Annually,BILL670941128,648-58-2228,CNT-CDP-6094-001
INVC-90638,11/12/2019,5,9/6/2022,4/6/2021,Paid,Quarterly,BILL723869269,412-99-0210,CNT-CDP-5856-605
INVC-61552,8/13/2020,5,10/8/2022,7/6/2021,Paid,Bi-Weekly,BILL595260975,637-28-8897,CNT-CDP-0408-502
INVC-53107,3/22/2019,5,4/11/2022,11/28/2019,Paid,Annually,BILL140989433,768-07-9061,CNT-CDP-6145-479
INVC-99793,3/25/2019,5,12/29/2022,1/5/2021,Paid,Quarterly,BILL644052963,537-76-4709,CNT-CDP-9285-805
INVC-63053,4/29/2020,5,1/7/2022,5/23/2021,Paid,Weekly,BILL806454729,760-55-5800,CNT-CDP-3461-691
INVC-74477,1/22/2019,4,7/18/2022,4/4/2019,Paid,Monthly,BILL402978247,219-48-8820,CNT-CDP-6814-078
INVC-77823,1/28/2020,3,7/7/2022,,Unpaid,Annually,BILL066044412,667-12-6766,CNT-CDP-6407-252
INVC-82618,10/10/2020,3,4/5/2022,6/20/2021,Paid,Daily,BILL043635421,460-07-2521,CNT-CDP-1423-688
INVC-04649,1/17/2019,4,8/28/2022,8/31/2021,Paid,Quarterly,BILL425001577,357-04-0907,CNT-CDP-3503-303
INVC-89574,12/16/2020,4,8/1/2022,9/12/2021,Paid,Quarterly,BILL859336067,352-32-0242,CNT-CDP-2140-742
INVC-66398,11/13/2020,3,10/4/2022,1/19/2021,Paid,Monthly,BILL678294889,726-71-9373,CNT-CDP-6281-979
INVC-60617,9/1/2019,1,9/4/2022,,Unpaid,Semi-Annually,BILL982959406,429-65-7811,CNT-CDP-4854-921
INVC-33307,5/24/2020,4,4/6/2022,,Unpaid,Semi-Annually,BILL221381715,273-30-7287,CNT-CDP-6641-080
INVC-68793,2/8/2021,2,7/11/2022,,Unpaid,Daily,BILL428413789,307-13-0638,CNT-CDP-9721-992
INVC-12114,2/2/2021,2,2/14/2022,12/18/2021,Paid,Annually,BILL554760333,485-56-3024,CNT-CDP-3520-881
INVC-48531,8/7/2019,1,8/6/2022,10/6/2021,Paid,Weekly,BILL251165278,532-78-7589,CNT-CDP-1964-119
INVC-25603,12/7/2019,1,5/5/2022,2/27/2021,Paid,Quarterly,BILL566029220,542-23-9499,CNT-CDP-7526-443
INVC-11001,6/14/2021,3,6/10/2022,8/8/2021,Paid,Semi-Annually,BILL929294972,647-12-9070,CNT-CDP-9881-842
INVC-86653,3/15/2020,5,5/13/2022,8/5/2020,Paid,Annually,BILL694528259,105-43-4308,CNT-CDP-9564-311
INVC-53915,10/21/2021,3,5/29/2022,,Unpaid,Monthly,BILL187919183,313-95-3567,CNT-CDP-8927-296
INVC-36016,11/20/2021,1,9/9/2022,12/26/2021,Paid,Monthly,BILL176230375,405-23-1770,CNT-CDP-9435-295
INVC-77918,12/29/2021,1,10/13/2022,12/29/2021,Paid,Semi-Annually,BILL580823093,556-17-5319,CNT-CDP-9935-583
INVC-32654,11/14/2019,2,2/23/2022,12/9/2019,Paid,Daily,BILL418852962,198-75-5392,CNT-CDP-3423-266
INVC-48513,5/6/2021,3,2/12/2022,6/29/2021,Paid,Daily,BILL624768677,863-28-4647,CNT-CDP-0693-669
INVC-56190,10/19/2019,4,12/3/2022,2/27/2021,Paid,Monthly,BILL419342769,240-36-3667,CNT-CDP-4884-670
INVC-79868,11/9/2020,1,8/12/2022,11/15/2020,Paid,Quarterly,BILL583377361,789-21-3161,CNT-CDP-5393-636
INVC-13871,4/6/2020,2,8/17/2022,,Unpaid,Semi-Annually,BILL294599128,519-39-1073,CNT-CDP-4972-406
INVC-04819,12/15/2019,5,2/11/2022,2/9/2020,Paid,Daily,BILL312422901,175-29-0870,CNT-CDP-7072-546
INVC-98388,7/24/2019,5,10/10/2022,10/12/2019,Paid,Quarterly,BILL442045782,281-73-6808,CNT-CDP-0458-892
INVC-16474,7/31/2020,2,10/15/2022,7/27/2021,Paid,Bi-Weekly,BILL434670094,638-53-8878,CNT-CDP-8393-267
INVC-53238,8/27/2019,3,11/20/2022,7/12/2020,Paid,Bi-Weekly,BILL860168359,667-87-5585,CNT-CDP-7409-650
INVC-48951,2/20/2020,4,4/13/2022,3/28/2020,Paid,Monthly,BILL407557450,469-18-8371,CNT-CDP-0138-017
INVC-61904,8/9/2019,4,12/27/2022,2/2/2020,Paid,Monthly,BILL775213660,613-51-6044,CNT-CDP-6091-049
INVC-87691,2/13/2020,4,7/17/2022,,Unpaid,Bi-Weekly,BILL740347615,159-60-4499,CNT-CDP-3352-445
INVC-59316,9/17/2020,3,9/18/2022,12/23/2020,Paid,Bi-Weekly,BILL211248090,657-47-2248,CNT-CDP-2968-518
INVC-19273,9/2/2020,5,10/16/2022,11/6/2020,Paid,Monthly,BILL915120219,587-46-8092,CNT-CDP-6675-366
INVC-57161,8/14/2020,5,1/29/2022,,Unpaid,Annually,BILL217927913,391-21-7230,CNT-CDP-0006-619
INVC-60314,5/30/2020,1,10/28/2022,4/8/2021,Paid,Bi-Weekly,BILL594274185,710-25-6604,CNT-CDP-2373-020
INVC-97789,9/21/2021,3,7/22/2022,12/26/2021,Paid,Monthly,BILL844779511,142-83-9613,CNT-CDP-7934-726
INVC-12897,11/27/2019,1,1/29/2022,9/16/2020,Paid,Annually,BILL974351109,330-89-0336,CNT-CDP-4517-168
INVC-07400,10/4/2020,5,9/28/2022,11/5/2021,Paid,Quarterly,BILL113688829,180-96-0196,CNT-CDP-2482-116
INVC-07168,8/14/2021,3,11/5/2022,11/25/2021,Paid,Annually,BILL048311856,133-79-4272,CNT-CDP-7714-726
INVC-74523,11/6/2021,3,8/5/2022,12/13/2021,Paid,Bi-Weekly,BILL737046951,223-46-4546,CNT-CDP-8729-673
INVC-82903,4/20/2019,5,8/22/2022,9/27/2021,Paid,Bi-Weekly,BILL032318515,688-34-4783,CNT-CDP-3626-233
INVC-77707,3/22/2021,2,6/27/2022,9/30/2021,Paid,Daily,BILL868538552,172-85-1067,CNT-CDP-7878-580
INVC-97046,11/22/2020,3,3/13/2022,4/29/2021,Paid,Monthly,BILL708485167,176-86-3412,CNT-CDP-4982-687
INVC-12548,8/6/2019,4,3/28/2022,12/24/2019,Paid,Bi-Weekly,BILL340916604,234-43-4033,CNT-CDP-1871-181
INVC-35630,10/27/2020,2,4/2/2022,6/14/2021,Paid,Annually,BILL993798533,108-74-9927,CNT-CDP-2420-167
INVC-31599,12/3/2021,3,5/25/2022,,Unpaid,Daily,BILL397135053,595-98-7635,CNT-CDP-9697-067
INVC-39551,7/27/2020,4,4/4/2022,1/21/2021,Paid,Quarterly,BILL048685102,890-42-9829,CNT-CDP-7840-240
INVC-64644,2/26/2021,5,8/13/2022,,Unpaid,Bi-Weekly,BILL394043074,189-87-9341,CNT-CDP-7719-845
INVC-33966,6/20/2021,3,6/5/2022,6/29/2021,Paid,Quarterly,BILL279771650,634-40-1416,CNT-CDP-0934-058
INVC-14794,9/8/2020,4,2/8/2022,10/1/2020,Paid,Quarterly,BILL766009597,891-94-1440,CNT-CDP-2493-116
INVC-86611,2/6/2019,5,12/19/2022,,Unpaid,Quarterly,BILL030201266,565-68-9682,CNT-CDP-0592-659
INVC-06205,9/27/2020,3,10/15/2022,1/30/2021,Paid,Annually,BILL415187681,121-50-0345,CNT-CDP-1796-630
INVC-86005,9/20/2021,3,10/4/2022,10/10/2021,Paid,Weekly,BILL343634474,135-79-2822,CNT-CDP-2695-550
INVC-79050,2/23/2019,2,10/20/2022,9/12/2021,Paid,Bi-Weekly,BILL401857750,648-53-3431,CNT-CDP-4272-021
INVC-42873,8/2/2020,5,10/16/2022,,Unpaid,Semi-Annually,BILL145220633,589-94-4692,CNT-CDP-5346-601
INVC-12665,4/23/2021,5,8/25/2022,11/24/2021,Paid,Semi-Annually,BILL367145827,516-23-5305,CNT-CDP-0766-102
INVC-10756,8/19/2019,4,3/3/2022,10/15/2021,Paid,Semi-Annually,BILL490883999,745-84-4576,CNT-CDP-3659-832
INVC-83881,10/24/2021,4,8/1/2022,12/6/2021,Paid,Daily,BILL597266575,425-60-9329,CNT-CDP-7818-755
INVC-40394,5/3/2020,2,2/18/2022,1/16/2021,Paid,Monthly,BILL108278560,538-34-5682,CNT-CDP-0541-865
INVC-13241,6/10/2020,1,7/26/2022,12/10/2021,Paid,Monthly,BILL085870947,349-62-6503,CNT-CDP-5662-622
INVC-90063,9/22/2021,2,4/16/2022,10/5/2021,Paid,Monthly,BILL925913463,875-65-7669,CNT-CDP-1769-166
INVC-33777,2/13/2020,3,9/6/2022,12/12/2021,Paid,Semi-Annually,BILL322972799,397-26-0369,CNT-CDP-8009-513
INVC-26901,11/2/2020,3,6/21/2022,2/28/2021,Paid,Daily,BILL205578378,406-55-2305,CNT-CDP-9297-790
INVC-82881,5/11/2020,1,8/30/2022,,Unpaid,Bi-Weekly,BILL239614994,794-64-4580,CNT-CDP-5200-904
INVC-44591,9/4/2019,1,7/6/2022,,Unpaid,Bi-Weekly,BILL650103243,425-83-7072,CNT-CDP-3189-415
INVC-68836,8/26/2020,5,1/16/2022,4/9/2021,Paid,Semi-Annually,BILL178629881,326-74-7678,CNT-CDP-6016-002
INVC-29226,2/11/2020,5,6/18/2022,11/25/2021,Paid,Bi-Weekly,BILL631375631,328-54-1580,CNT-CDP-7980-782
INVC-81852,9/14/2021,5,6/2/2022,,Unpaid,Annually,BILL244179312,522-74-5310,CNT-CDP-6431-317
INVC-68013,5/18/2021,5,11/13/2022,12/25/2021,Paid,Weekly,BILL595955668,397-05-4780,CNT-CDP-1676-188
INVC-28193,3/10/2021,5,12/26/2022,7/16/2021,Paid,Monthly,BILL131444407,711-15-5821,CNT-CDP-1839-909
INVC-92172,2/26/2020,4,7/28/2022,,Unpaid,Monthly,BILL207017387,297-67-6147,CNT-CDP-2548-369
INVC-38836,5/3/2019,1,10/20/2022,4/24/2020,Paid,Monthly,BILL286612331,813-84-6255,CNT-CDP-3887-648
INVC-20962,3/12/2021,2,3/10/2022,,Unpaid,Quarterly,BILL906333790,766-80-8164,CNT-CDP-7904-696
INVC-98892,12/3/2019,5,4/17/2022,3/3/2020,Paid,Semi-Annually,BILL481462067,429-68-1542,CNT-CDP-1754-791
INVC-64732,10/31/2020,4,11/26/2022,11/15/2021,Paid,Weekly,BILL811570823,421-25-3301,CNT-CDP-0277-107
INVC-54921,2/2/2020,4,4/18/2022,10/13/2020,Paid,Semi-Annually,BILL350403247,692-55-4716,CNT-CDP-9213-941
INVC-50162,7/10/2019,1,1/31/2022,8/8/2019,Paid,Semi-Annually,BILL997987118,112-96-8059,CNT-CDP-0506-660
INVC-68064,9/12/2021,3,3/9/2022,12/5/2021,Paid,Quarterly,BILL121991038,295-17-0041,CNT-CDP-9941-051
INVC-09628,9/28/2020,2,9/25/2022,,Unpaid,Semi-Annually,BILL262166953,384-51-6805,CNT-CDP-2875-651
INVC-35781,9/16/2020,2,3/4/2022,6/22/2021,Paid,Weekly,BILL627898183,326-12-6558,CNT-CDP-3540-143
INVC-81161,10/15/2019,2,5/31/2022,,Unpaid,Bi-Weekly,BILL593218462,341-22-7806,CNT-CDP-8322-326
INVC-81120,12/13/2020,3,9/20/2022,11/30/2021,Paid,Annually,BILL148116538,201-21-4882,CNT-CDP-2586-316
INVC-98409,1/16/2021,5,3/15/2022,4/20/2021,Paid,Monthly,BILL237308445,483-35-2656,CNT-CDP-9419-990
INVC-60542,12/13/2019,3,4/27/2022,2/22/2020,Paid,Monthly,BILL435496845,176-15-5320,CNT-CDP-5311-299
INVC-76053,11/21/2020,4,7/8/2022,1/5/2021,Paid,Semi-Annually,BILL447082759,344-33-3276,CNT-CDP-0000-939
INVC-50798,3/24/2021,3,12/2/2022,,Unpaid,Monthly,BILL215430269,205-22-8990,CNT-CDP-6984-981
INVC-61289,11/9/2019,1,1/21/2022,,Unpaid,Annually,BILL647471786,309-18-0710,CNT-CDP-3959-709
INVC-47667,3/20/2019,1,1/30/2022,,Unpaid,Monthly,BILL272454605,707-14-3743,CNT-CDP-7683-513
INVC-03631,9/14/2021,3,10/8/2022,9/21/2021,Paid,Semi-Annually,BILL418596314,146-38-7351,CNT-CDP-5417-947
INVC-52222,11/18/2020,1,11/30/2022,3/13/2021,Paid,Quarterly,BILL994130313,463-75-0157,CNT-CDP-4724-585
INVC-05016,2/24/2019,2,4/23/2022,,Unpaid,Daily,BILL796303350,385-22-3959,CNT-CDP-6539-835
INVC-85300,4/19/2020,3,5/12/2022,11/1/2020,Paid,Bi-Weekly,BILL422901540,231-14-6774,CNT-CDP-4771-397
INVC-60038,3/5/2019,5,1/14/2022,6/23/2020,Paid,Bi-Weekly,BILL817494315,281-62-2599,CNT-CDP-1234-769
INVC-61399,6/11/2021,5,11/7/2022,8/3/2021,Paid,Bi-Weekly,BILL023857864,838-38-5879,CNT-CDP-2701-653
INVC-54902,5/31/2021,3,4/21/2022,,Unpaid,Weekly,BILL293948571,851-58-1872,CNT-CDP-8082-849
INVC-51795,1/30/2019,1,6/3/2022,4/4/2019,Paid,Daily,BILL946125322,583-19-2261,CNT-CDP-7089-233
INVC-71467,4/15/2020,5,6/6/2022,9/21/2020,Paid,Daily,BILL059872949,888-60-2700,CNT-CDP-4706-084
INVC-96498,7/9/2021,5,3/15/2022,8/27/2021,Paid,Monthly,BILL852709119,514-30-6796,CNT-CDP-3529-529
INVC-48461,8/26/2021,3,10/27/2022,10/31/2021,Paid,Annually,BILL924625793,617-38-0166,CNT-CDP-4331-816
INVC-05003,3/11/2019,2,11/25/2022,11/24/2019,Paid,Semi-Annually,BILL990702031,153-73-4832,CNT-CDP-0903-216
INVC-33557,5/20/2020,3,11/25/2022,,Unpaid,Annually,BILL394756988,417-81-9390,CNT-CDP-2950-279
INVC-17280,10/23/2019,5,11/16/2022,2/20/2020,Paid,Annually,BILL157983341,213-89-8076,CNT-CDP-5990-156
INVC-87695,12/8/2020,2,10/7/2022,4/26/2021,Paid,Semi-Annually,BILL427427431,532-93-7617,CNT-CDP-2291-941
INVC-19251,11/21/2019,5,6/18/2022,1/12/2021,Paid,Weekly,BILL604631460,122-82-0920,CNT-CDP-4915-489
INVC-81940,10/20/2021,3,1/27/2022,,Unpaid,Bi-Weekly,BILL097463587,374-47-3978,CNT-CDP-7316-520
INVC-21100,4/8/2019,3,9/9/2022,11/3/2020,Paid,Bi-Weekly,BILL144906623,571-27-8259,CNT-CDP-0513-363
INVC-54901,2/20/2019,4,12/4/2022,8/10/2021,Paid,Daily,BILL853540985,255-98-5864,CNT-CDP-9113-700
INVC-92013,8/29/2020,1,7/17/2022,,Unpaid,Monthly,BILL979776016,565-71-6887,CNT-CDP-5443-289
INVC-56213,4/5/2020,4,4/21/2022,4/29/2020,Paid,Monthly,BILL735078611,769-30-2685,CNT-CDP-1726-079
INVC-52404,2/22/2020,4,3/14/2022,5/17/2021,Paid,Monthly,BILL956422068,364-43-2698,CNT-CDP-4343-248
INVC-18505,5/6/2021,5,11/13/2022,6/3/2021,Paid,Quarterly,BILL841748653,430-57-8881,CNT-CDP-0052-515
INVC-20782,7/20/2021,1,6/12/2022,11/24/2021,Paid,Annually,BILL817737284,369-01-4000,CNT-CDP-1814-699
INVC-59116,7/13/2021,5,5/30/2022,8/30/2021,Paid,Annually,BILL743715196,130-36-6508,CNT-CDP-2296-977
INVC-76614,2/7/2019,4,8/6/2022,,Unpaid,Monthly,BILL383600322,194-98-7811,CNT-CDP-8141-632
INVC-95400,2/9/2020,2,1/20/2022,7/21/2020,Paid,Monthly,BILL598724655,202-51-5487,CNT-CDP-7214-628
INVC-04383,12/1/2020,3,11/24/2022,12/23/2020,Paid,Bi-Weekly,BILL452915889,410-01-6579,CNT-CDP-5348-125
INVC-02980,1/12/2021,3,10/11/2022,,Unpaid,Annually,BILL344255455,585-54-3079,CNT-CDP-7072-802
INVC-52412,4/12/2020,2,7/19/2022,,Unpaid,Semi-Annually,BILL849287608,569-27-5695,CNT-CDP-1585-636
INVC-94374,8/13/2019,1,5/21/2022,2/26/2021,Paid,Quarterly,BILL017173828,603-33-7368,CNT-CDP-1981-863
INVC-84712,3/24/2021,5,10/11/2022,,Unpaid,Weekly,BILL293715485,817-61-5153,CNT-CDP-8185-458
INVC-20535,5/17/2020,5,12/26/2022,,Unpaid,Weekly,BILL600841210,602-23-5126,CNT-CDP-1820-045
INVC-20830,12/19/2019,4,5/19/2022,,Unpaid,Weekly,BILL267257068,242-74-5241,CNT-CDP-9840-855
INVC-84584,2/26/2021,2,8/26/2022,,Unpaid,Quarterly,BILL368002175,744-02-7121,CNT-CDP-3793-082
INVC-67932,10/22/2021,2,5/14/2022,10/26/2021,Paid,Weekly,BILL884457432,681-30-3780,CNT-CDP-7314-241
INVC-02223,5/25/2020,2,7/12/2022,7/15/2020,Paid,Semi-Annually,BILL745018822,803-27-2767,CNT-CDP-4379-909
INVC-92949,11/26/2021,3,4/15/2022,,Unpaid,Daily,BILL756122717,544-47-2185,CNT-CDP-2186-658
INVC-09239,2/6/2019,4,5/1/2022,8/8/2021,Paid,Quarterly,BILL144483136,548-80-0057,CNT-CDP-4539-202
INVC-53094,6/15/2020,4,3/21/2022,3/3/2021,Paid,Bi-Weekly,BILL354106024,100-34-4346,CNT-CDP-0987-596
INVC-90982,4/1/2020,5,7/15/2022,9/19/2021,Paid,Bi-Weekly,BILL717796003,172-93-6292,CNT-CDP-8823-311
INVC-92098,5/16/2021,1,3/6/2022,11/9/2021,Paid,Monthly,BILL435206167,467-79-0687,CNT-CDP-6819-140
INVC-98633,10/17/2019,3,10/15/2022,,Unpaid,Quarterly,BILL234715293,641-01-2782,CNT-CDP-1664-571
INVC-70196,12/14/2021,2,1/13/2022,12/20/2021,Paid,Daily,BILL437173659,403-12-4245,CNT-CDP-7866-739
INVC-52802,4/25/2021,4,6/26/2022,,Unpaid,Daily,BILL596462344,209-15-2542,CNT-CDP-3538-331
INVC-57294,11/20/2019,4,4/10/2022,4/20/2020,Paid,Daily,BILL898163573,837-70-0390,CNT-CDP-8595-947
INVC-29573,3/8/2019,4,9/10/2022,12/8/2019,Paid,Monthly,BILL377460540,611-95-8350,CNT-CDP-0980-666
INVC-36953,5/4/2019,3,1/9/2022,11/8/2019,Paid,Daily,BILL384271286,541-57-2145,CNT-CDP-2796-047
INVC-52438,6/19/2020,1,4/13/2022,6/8/2021,Paid,Bi-Weekly,BILL286345959,869-20-0883,CNT-CDP-0939-154
INVC-48381,6/16/2019,4,2/12/2022,,Unpaid,Annually,BILL919767731,462-50-5376,CNT-CDP-5847-992
INVC-00317,11/21/2019,2,9/6/2022,,Unpaid,Bi-Weekly,BILL252640729,803-46-9263,CNT-CDP-6058-304
INVC-94157,2/2/2020,1,4/19/2022,,Unpaid,Daily,BILL801487373,156-98-1579,CNT-CDP-2559-978
INVC-93281,2/19/2020,5,6/8/2022,8/12/2020,Paid,Weekly,BILL571477851,809-02-4761,CNT-CDP-2758-078
INVC-30134,2/23/2019,4,5/25/2022,9/18/2019,Paid,Monthly,BILL187134589,682-28-5156,CNT-CDP-6384-458
INVC-52281,9/12/2021,4,2/10/2022,11/21/2021,Paid,Semi-Annually,BILL385685777,527-94-7787,CNT-CDP-4887-066
INVC-88505,6/21/2020,1,9/15/2022,8/16/2020,Paid,Semi-Annually,BILL402703484,531-54-0436,CNT-CDP-2779-510
INVC-69170,9/2/2019,4,1/19/2022,,Unpaid,Weekly,BILL085741208,671-27-4240,CNT-CDP-7038-625
INVC-83058,2/5/2019,1,2/6/2022,3/8/2021,Paid,Quarterly,BILL583983751,423-96-6886,CNT-CDP-9424-824
INVC-96783,3/17/2020,3,2/21/2022,,Unpaid,Bi-Weekly,BILL943428122,334-55-7345,CNT-CDP-1986-826
INVC-23946,10/20/2019,5,5/11/2022,3/31/2021,Paid,Semi-Annually,BILL399797497,236-74-4042,CNT-CDP-4388-592
INVC-75310,6/6/2019,3,8/30/2022,,Unpaid,Quarterly,BILL341269159,875-38-2089,CNT-CDP-9084-081
INVC-92342,5/29/2019,2,3/7/2022,,Unpaid,Weekly,BILL824823700,247-30-6618,CNT-CDP-8090-667
INVC-93557,8/2/2021,1,7/31/2022,9/9/2021,Paid,Bi-Weekly,BILL964837465,303-70-8538,CNT-CDP-1668-340
INVC-00977,10/13/2021,3,8/28/2022,12/24/2021,Paid,Monthly,BILL102042999,628-47-6894,CNT-CDP-5357-954
INVC-60850,2/26/2019,1,6/28/2022,4/13/2021,Paid,Daily,BILL156455088,442-51-5768,CNT-CDP-4368-704
INVC-19827,11/16/2021,2,5/9/2022,12/14/2021,Paid,Annually,BILL372678471,312-79-1518,CNT-CDP-6399-413
INVC-54647,9/10/2020,4,3/16/2022,,Unpaid,Daily,BILL173623955,268-43-0664,CNT-CDP-3951-998
INVC-92848,5/17/2020,1,12/19/2022,,Unpaid,Semi-Annually,BILL687342910,369-66-1449,CNT-CDP-9515-836
INVC-89486,11/12/2020,3,7/20/2022,3/24/2021,Paid,Bi-Weekly,BILL671341859,707-70-2974,CNT-CDP-6744-919
INVC-21942,1/24/2020,4,7/23/2022,,Unpaid,Annually,BILL996145036,716-28-1154,CNT-CDP-4270-326
INVC-98212,12/20/2021,4,1/10/2022,,Unpaid,Quarterly,BILL720070171,389-75-6577,CNT-CDP-6624-320
INVC-57702,9/9/2019,3,10/25/2022,6/25/2020,Paid,Semi-Annually,BILL365497152,419-12-1209,CNT-CDP-5455-241
INVC-34313,11/25/2020,3,4/25/2022,7/7/2021,Paid,Monthly,BILL159309134,397-44-8595,CNT-CDP-3355-233
INVC-29707,3/6/2021,2,8/18/2022,,Unpaid,Bi-Weekly,BILL131392237,688-54-3391,CNT-CDP-3884-594
INVC-61201,11/26/2021,3,11/12/2022,11/27/2021,Paid,Weekly,BILL235621596,683-18-2016,CNT-CDP-1303-878
INVC-48667,2/14/2019,4,2/19/2022,2/23/2019,Paid,Bi-Weekly,BILL238285625,397-81-5979,CNT-CDP-8837-829
INVC-45247,4/2/2021,4,11/16/2022,10/26/2021,Paid,Bi-Weekly,BILL564455039,496-56-3677,CNT-CDP-2290-256
INVC-51188,9/25/2020,5,2/7/2022,1/31/2021,Paid,Daily,BILL639232299,794-04-1916,CNT-CDP-9543-145
INVC-91240,2/3/2019,5,7/10/2022,10/4/2019,Paid,Bi-Weekly,BILL388261981,804-60-1290,CNT-CDP-4117-855
INVC-06886,9/22/2021,3,6/13/2022,12/3/2021,Paid,Bi-Weekly,BILL087181269,885-28-7203,CNT-CDP-0320-619
INVC-69741,12/21/2019,5,1/15/2022,10/23/2021,Paid,Quarterly,BILL315425883,360-60-1633,CNT-CDP-8163-364
INVC-41385,5/31/2019,5,11/3/2022,1/31/2021,Paid,Semi-Annually,BILL968244996,441-45-4434,CNT-CDP-6263-412
INVC-25740,4/30/2020,2,9/20/2022,12/27/2021,Paid,Weekly,BILL050786242,379-80-0956,CNT-CDP-0640-430
INVC-15394,7/31/2020,5,8/22/2022,9/14/2021,Paid,Weekly,BILL146333180,182-98-0168,CNT-CDP-8133-157
INVC-50845,3/26/2021,3,12/16/2022,11/3/2021,Paid,Semi-Annually,BILL218764161,371-43-5754,CNT-CDP-5664-951
INVC-28796,12/2/2021,3,10/31/2022,12/23/2021,Paid,Annually,BILL951469212,474-55-9702,CNT-CDP-6640-999
INVC-95324,9/6/2019,1,4/11/2022,10/28/2020,Paid,Quarterly,BILL857056869,767-53-8839,CNT-CDP-5520-624
INVC-69437,4/19/2021,4,10/9/2022,9/8/2021,Paid,Monthly,BILL955625894,364-35-6771,CNT-CDP-8519-024
INVC-25470,11/26/2020,2,9/22/2022,10/9/2021,Paid,Quarterly,BILL601182239,339-38-9116,CNT-CDP-5965-792
INVC-71660,10/9/2019,1,3/31/2022,7/29/2021,Paid,Weekly,BILL911913710,658-45-2934,CNT-CDP-0031-259
INVC-22319,10/10/2019,5,3/10/2022,,Unpaid,Daily,BILL364285054,176-91-5939,CNT-CDP-1708-732
INVC-22914,11/25/2020,1,9/22/2022,5/31/2021,Paid,Weekly,BILL261411264,674-90-5210,CNT-CDP-9576-379
INVC-04852,9/14/2019,2,3/10/2022,3/25/2020,Paid,Weekly,BILL383767157,648-86-4577,CNT-CDP-0648-936
INVC-98101,3/11/2019,4,12/12/2022,12/24/2021,Paid,Semi-Annually,BILL082246139,556-44-4543,CNT-CDP-4062-697
INVC-02123,2/15/2019,1,6/3/2022,10/14/2019,Paid,Semi-Annually,BILL166098086,307-44-4074,CNT-CDP-3627-043
INVC-04752,12/16/2021,5,6/26/2022,12/21/2021,Paid,Daily,BILL242006076,839-18-6285,CNT-CDP-4766-809
INVC-79344,8/24/2020,3,7/23/2022,4/3/2021,Paid,Monthly,BILL028265300,335-04-6424,CNT-CDP-8132-693
INVC-13303,5/18/2021,5,10/20/2022,6/9/2021,Paid,Annually,BILL425533254,743-98-5810,CNT-CDP-1981-727
INVC-37192,5/9/2020,1,11/26/2022,8/6/2020,Paid,Quarterly,BILL817410493,882-29-5174,CNT-CDP-9035-841
INVC-54693,7/2/2019,4,3/24/2022,9/9/2020,Paid,Bi-Weekly,BILL128870915,402-49-4219,CNT-CDP-1350-212
INVC-35763,5/8/2020,3,9/15/2022,,Unpaid,Semi-Annually,BILL249312201,446-41-6870,CNT-CDP-0059-008
INVC-94578,4/24/2020,2,1/25/2022,5/28/2021,Paid,Bi-Weekly,BILL797047387,101-47-5339,CNT-CDP-6738-069
INVC-65777,7/8/2019,3,8/7/2022,9/17/2019,Paid,Quarterly,BILL517951638,444-30-5228,CNT-CDP-6342-343
INVC-92370,7/24/2020,4,1/29/2022,12/7/2020,Paid,Monthly,BILL080429867,757-43-9631,CNT-CDP-6833-954
INVC-09379,9/3/2019,2,11/6/2022,9/4/2021,Paid,Semi-Annually,BILL701462145,362-14-3735,CNT-CDP-9195-527
INVC-61315,8/2/2020,3,2/13/2022,,Unpaid,Weekly,BILL151337275,736-72-4628,CNT-CDP-6054-010
INVC-66901,7/25/2020,5,9/27/2022,12/13/2020,Paid,Weekly,BILL591081264,723-38-9797,CNT-CDP-3703-412
INVC-95248,9/9/2021,4,3/6/2022,12/7/2021,Paid,Monthly,BILL274041417,352-17-8089,CNT-CDP-4859-759
INVC-54385,7/14/2020,5,9/16/2022,,Unpaid,Semi-Annually,BILL609998285,653-48-2778,CNT-CDP-2125-864
INVC-73102,8/2/2019,3,8/5/2022,12/15/2021,Paid,Annually,BILL570360818,127-30-0196,CNT-CDP-6110-946
INVC-55932,6/1/2020,4,4/8/2022,,Unpaid,Weekly,BILL487835867,187-61-7881,CNT-CDP-0377-990
INVC-94973,12/26/2021,4,4/4/2022,,Unpaid,Daily,BILL180174044,546-64-8119,CNT-CDP-5029-871
INVC-53806,3/5/2019,5,4/27/2022,,Unpaid,Weekly,BILL629258464,521-61-8005,CNT-CDP-5729-354
INVC-48915,2/4/2021,3,10/9/2022,10/16/2021,Paid,Annually,BILL925832570,296-29-4308,CNT-CDP-3173-410
INVC-20648,12/18/2021,1,2/24/2022,12/19/2021,Paid,Quarterly,BILL295439859,315-09-1557,CNT-CDP-6674-789
INVC-98432,9/24/2019,5,2/13/2022,,Unpaid,Monthly,BILL420098506,660-89-2485,CNT-CDP-6368-860
INVC-21644,6/18/2021,3,5/2/2022,11/27/2021,Paid,Semi-Annually,BILL567703862,611-49-6271,CNT-CDP-5160-021
INVC-04836,1/14/2020,5,9/28/2022,12/19/2021,Paid,Annually,BILL606723634,828-69-1991,CNT-CDP-4229-595
INVC-04157,1/9/2019,4,11/9/2022,,Unpaid,Annually,BILL211067863,795-97-9815,CNT-CDP-1544-181
INVC-38865,10/23/2021,3,12/26/2022,10/31/2021,Paid,Semi-Annually,BILL598100656,207-74-6999,CNT-CDP-8349-877
INVC-64122,12/2/2020,3,1/8/2022,12/29/2021,Paid,Daily,BILL513342630,376-55-9717,CNT-CDP-8986-905
INVC-64720,3/22/2020,5,7/11/2022,10/2/2021,Paid,Semi-Annually,BILL592265451,366-58-7947,CNT-CDP-3811-772
INVC-33371,2/5/2021,4,7/5/2022,9/15/2021,Paid,Semi-Annually,BILL351534881,166-89-9873,CNT-CDP-8773-043
INVC-35633,9/9/2021,2,5/3/2022,,Unpaid,Quarterly,BILL790152454,596-20-8472,CNT-CDP-1701-925
INVC-70192,4/22/2020,4,4/12/2022,12/16/2020,Paid,Monthly,BILL950873751,331-86-5929,CNT-CDP-7771-542
INVC-04336,10/29/2020,2,7/31/2022,,Unpaid,Annually,BILL791742077,276-34-3095,CNT-CDP-2211-144
INVC-22441,5/19/2020,5,7/3/2022,10/27/2021,Paid,Annually,BILL971378781,475-34-2789,CNT-CDP-6382-954
INVC-37434,11/16/2020,4,8/7/2022,9/2/2021,Paid,Weekly,BILL222730981,838-61-7505,CNT-CDP-9229-908
INVC-34705,7/18/2020,4,4/25/2022,11/10/2021,Paid,Daily,BILL778341827,550-28-8283,CNT-CDP-9415-635
INVC-42777,3/29/2021,5,8/10/2022,8/22/2021,Paid,Semi-Annually,BILL247820786,203-33-6926,CNT-CDP-2750-612
INVC-64479,4/9/2021,1,11/2/2022,11/8/2021,Paid,Daily,BILL779894430,380-89-1783,CNT-CDP-2185-653
INVC-30872,5/28/2019,1,4/26/2022,6/3/2020,Paid,Semi-Annually,BILL175753242,294-24-2455,CNT-CDP-4996-479
INVC-12681,2/28/2019,2,10/11/2022,3/13/2021,Paid,Semi-Annually,BILL953074146,266-25-7957,CNT-CDP-2401-771
INVC-87860,9/7/2020,1,12/28/2022,,Unpaid,Daily,BILL347812042,509-47-3199,CNT-CDP-4667-329
INVC-40590,5/19/2019,3,10/20/2022,9/30/2020,Paid,Semi-Annually,BILL630155969,660-92-4797,CNT-CDP-6844-322
INVC-62736,9/6/2019,2,12/24/2022,6/8/2021,Paid,Daily,BILL017244294,325-25-6600,CNT-CDP-0272-472
INVC-79541,12/30/2020,4,7/24/2022,9/8/2021,Paid,Monthly,BILL408152426,872-18-5511,CNT-CDP-8303-782
INVC-28785,1/7/2020,3,1/30/2022,11/28/2021,Paid,Daily,BILL847253217,133-87-1780,CNT-CDP-4874-503
INVC-45253,11/2/2020,1,3/23/2022,8/5/2021,Paid,Daily,BILL516970849,510-21-1344,CNT-CDP-9534-381
INVC-40536,12/16/2019,1,1/19/2022,8/5/2021,Paid,Daily,BILL325516949,520-54-7293,CNT-CDP-8064-734
INVC-06413,7/30/2021,3,10/18/2022,8/31/2021,Paid,Semi-Annually,BILL051949288,352-61-1714,CNT-CDP-7652-991
INVC-41344,9/8/2019,5,12/28/2022,11/13/2019,Paid,Daily,BILL016679712,822-84-5975,CNT-CDP-2895-185
INVC-93180,7/19/2021,2,10/16/2022,10/9/2021,Paid,Annually,BILL865316026,683-18-9050,CNT-CDP-8443-242
INVC-26360,1/16/2021,4,4/17/2022,4/19/2021,Paid,Weekly,BILL208916153,336-58-0750,CNT-CDP-9161-928
INVC-87407,4/26/2021,3,4/24/2022,7/26/2021,Paid,Bi-Weekly,BILL180276788,654-79-4730,CNT-CDP-7460-400
INVC-39028,4/5/2020,4,1/14/2022,3/2/2021,Paid,Bi-Weekly,BILL810181330,819-29-9354,CNT-CDP-5503-729
INVC-97784,6/22/2019,3,7/6/2022,,Unpaid,Annually,BILL326527731,779-38-6747,CNT-CDP-7295-758
INVC-68353,12/5/2020,4,2/23/2022,2/12/2021,Paid,Daily,BILL780030095,642-32-0165,CNT-CDP-2652-622
INVC-68936,5/8/2019,2,5/4/2022,11/4/2020,Paid,Bi-Weekly,BILL760947504,246-27-5053,CNT-CDP-6671-361
INVC-79675,8/27/2020,5,10/20/2022,11/15/2020,Paid,Annually,BILL235806020,233-98-7822,CNT-CDP-9973-546
INVC-46221,10/18/2019,1,4/3/2022,,Unpaid,Daily,BILL761144166,104-86-0759,CNT-CDP-6525-498
INVC-13278,5/15/2021,2,8/27/2022,9/25/2021,Paid,Weekly,BILL801567017,415-20-4014,CNT-CDP-3480-324
INVC-27865,5/30/2021,1,4/28/2022,6/8/2021,Paid,Weekly,BILL612809874,671-48-6104,CNT-CDP-5463-404
INVC-10155,8/29/2021,4,9/20/2022,9/24/2021,Paid,Semi-Annually,BILL902651399,435-89-9247,CNT-CDP-4475-174
INVC-17247,2/1/2019,4,12/4/2022,5/11/2019,Paid,Weekly,BILL189719275,857-89-0757,CNT-CDP-6985-319
INVC-16414,11/29/2020,5,1/31/2022,1/11/2021,Paid,Weekly,BILL979587589,569-03-0198,CNT-CDP-7561-398
INVC-56422,2/17/2020,5,3/18/2022,2/27/2021,Paid,Monthly,BILL433918493,637-48-5747,CNT-CDP-1047-296
INVC-78991,1/20/2020,5,7/8/2022,,Unpaid,Weekly,BILL331542594,194-32-2924,CNT-CDP-4963-721
INVC-56897,1/12/2020,3,4/5/2022,6/7/2020,Paid,Monthly,BILL070074379,316-66-0906,CNT-CDP-8780-023
INVC-48746,6/19/2021,3,8/5/2022,,Unpaid,Monthly,BILL237318002,369-24-9347,CNT-CDP-4289-140
INVC-57593,5/5/2020,2,3/26/2022,12/20/2021,Paid,Bi-Weekly,BILL358888047,653-92-1242,CNT-CDP-0505-907
INVC-62580,12/13/2021,4,10/27/2022,12/27/2021,Paid,Weekly,BILL877911560,512-17-5927,CNT-CDP-6924-543
INVC-15907,4/24/2019,2,2/26/2022,5/13/2019,Paid,Quarterly,BILL808758504,444-86-0266,CNT-CDP-7073-735
INVC-95213,12/11/2020,5,8/22/2022,,Unpaid,Monthly,BILL842096423,582-84-5518,CNT-CDP-0372-592
INVC-98364,5/25/2019,1,9/22/2022,9/18/2019,Paid,Weekly,BILL632483953,146-09-6810,CNT-CDP-2846-703
INVC-64064,12/22/2021,5,3/12/2022,12/29/2021,Paid,Monthly,BILL648382187,852-03-7194,CNT-CDP-7235-800
INVC-35535,5/8/2021,2,2/5/2022,9/30/2021,Paid,Monthly,BILL385030008,197-07-9496,CNT-CDP-3989-355
INVC-58705,7/8/2021,2,5/1/2022,,Unpaid,Weekly,BILL200978419,239-46-5126,CNT-CDP-0494-537
INVC-66158,3/18/2020,3,12/11/2022,,Unpaid,Annually,BILL346055407,550-98-8096,CNT-CDP-8882-532
INVC-57628,7/12/2021,2,9/1/2022,7/20/2021,Paid,Quarterly,BILL826024751,366-76-1690,CNT-CDP-0958-753
INVC-32067,8/18/2019,5,7/9/2022,5/19/2020,Paid,Weekly,BILL024680744,502-44-6250,CNT-CDP-6805-890
INVC-52409,2/26/2021,3,4/10/2022,,Unpaid,Weekly,BILL887749569,430-79-6857,CNT-CDP-2198-359
INVC-09687,1/5/2019,4,3/2/2022,2/4/2019,Paid,Semi-Annually,BILL111672383,463-65-5690,CNT-CDP-0220-379
INVC-93233,6/14/2020,3,9/25/2022,8/16/2020,Paid,Annually,BILL817795059,396-63-4586,CNT-CDP-0991-634
INVC-84802,2/27/2020,3,8/1/2022,10/21/2020,Paid,Daily,BILL912004286,832-05-8450,CNT-CDP-3793-548
INVC-08411,10/27/2019,4,1/25/2022,,Unpaid,Bi-Weekly,BILL985591755,176-84-2096,CNT-CDP-3311-950
INVC-87331,6/14/2021,3,5/16/2022,10/6/2021,Paid,Daily,BILL157033971,339-05-1707,CNT-CDP-9860-126
INVC-90437,5/5/2020,5,9/19/2022,8/26/2021,Paid,Semi-Annually,BILL337723837,742-02-5983,CNT-CDP-6567-876
INVC-77849,3/11/2019,5,7/31/2022,2/1/2021,Paid,Annually,BILL338016882,509-69-6851,CNT-CDP-5984-639
INVC-69471,11/13/2020,5,8/27/2022,,Unpaid,Monthly,BILL634080577,533-53-0787,CNT-CDP-4473-811
INVC-56644,6/7/2021,4,10/22/2022,6/25/2021,Paid,Semi-Annually,BILL876568121,182-13-3034,CNT-CDP-9712-628
INVC-61909,8/17/2021,1,1/10/2022,,Unpaid,Semi-Annually,BILL586746754,408-05-8352,CNT-CDP-7775-181
INVC-73454,8/22/2020,1,11/13/2022,5/29/2021,Paid,Bi-Weekly,BILL809629589,242-51-8631,CNT-CDP-3706-179
INVC-10259,11/30/2021,5,8/31/2022,,Unpaid,Daily,BILL172825646,563-42-6621,CNT-CDP-5333-521
INVC-38742,4/23/2019,5,11/23/2022,7/9/2019,Paid,Semi-Annually,BILL648334275,314-78-8714,CNT-CDP-3673-368
INVC-80705,9/1/2020,1,4/5/2022,12/13/2020,Paid,Bi-Weekly,BILL379963409,202-51-2902,CNT-CDP-1031-556
INVC-92230,8/22/2019,4,5/22/2022,11/10/2021,Paid,Daily,BILL790147864,758-28-3233,CNT-CDP-1813-013
INVC-58831,11/1/2020,4,2/21/2022,,Unpaid,Weekly,BILL716665113,508-50-3138,CNT-CDP-1592-484
INVC-99374,3/1/2021,1,2/7/2022,,Unpaid,Daily,BILL428585177,177-43-9176,CNT-CDP-6795-840
INVC-37456,3/20/2019,2,2/21/2022,,Unpaid,Quarterly,BILL309680543,788-15-9864,CNT-CDP-3722-698
INVC-20631,6/4/2021,4,4/25/2022,8/11/2021,Paid,Quarterly,BILL101794721,884-38-1441,CNT-CDP-8836-480
INVC-19697,1/22/2020,5,7/22/2022,1/18/2021,Paid,Annually,BILL812565961,137-92-1680,CNT-CDP-7379-491
INVC-52314,4/14/2019,1,11/6/2022,,Unpaid,Daily,BILL443023002,726-09-9498,CNT-CDP-8738-058
INVC-24212,2/16/2020,2,8/6/2022,6/26/2021,Paid,Monthly,BILL550197302,490-01-0382,CNT-CDP-3721-916
INVC-26703,5/6/2019,1,11/26/2022,2/8/2020,Paid,Semi-Annually,BILL746861490,253-65-6525,CNT-CDP-0788-637
INVC-43246,9/4/2021,1,4/24/2022,12/5/2021,Paid,Monthly,BILL636157651,349-12-0495,CNT-CDP-3967-969
INVC-94026,10/14/2021,2,2/27/2022,,Unpaid,Annually,BILL137271234,459-31-0706,CNT-CDP-6436-746
INVC-03750,4/9/2021,2,12/19/2022,9/20/2021,Paid,Semi-Annually,BILL866324785,569-56-0173,CNT-CDP-3272-397
INVC-17766,6/10/2021,1,11/28/2022,,Unpaid,Monthly,BILL226323581,803-89-9048,CNT-CDP-5884-809
INVC-67441,11/18/2021,5,9/14/2022,12/29/2021,Paid,Annually,BILL181194801,446-58-0765,CNT-CDP-9726-381
INVC-98807,3/27/2021,2,12/13/2022,4/8/2021,Paid,Semi-Annually,BILL153155321,462-04-0827,CNT-CDP-3714-990
INVC-65326,11/19/2021,2,7/9/2022,,Unpaid,Bi-Weekly,BILL704682977,511-63-3678,CNT-CDP-1272-413
INVC-16673,8/16/2019,1,1/21/2022,3/16/2020,Paid,Weekly,BILL259921276,168-52-1435,CNT-CDP-3274-511
INVC-07875,6/29/2019,1,8/10/2022,,Unpaid,Daily,BILL598666094,159-54-8524,CNT-CDP-4173-398
INVC-10095,4/14/2021,3,6/20/2022,,Unpaid,Daily,BILL099417622,466-92-5767,CNT-CDP-0005-227
INVC-11326,4/24/2020,4,3/23/2022,6/3/2020,Paid,Daily,BILL875331775,511-66-9471,CNT-CDP-5587-142
INVC-61389,7/29/2020,4,3/22/2022,1/21/2021,Paid,Annually,BILL184342115,585-97-5767,CNT-CDP-5264-974
INVC-77599,4/15/2019,3,8/21/2022,11/12/2019,Paid,Monthly,BILL181392626,683-23-9060,CNT-CDP-4581-349
INVC-57275,7/27/2019,5,7/22/2022,,Unpaid,Quarterly,BILL422912125,593-06-9806,CNT-CDP-5554-477
INVC-94913,8/21/2021,5,3/8/2022,9/23/2021,Paid,Annually,BILL769168663,853-48-5719,CNT-CDP-3115-981
INVC-43679,1/8/2019,3,3/16/2022,1/13/2020,Paid,Annually,BILL013480698,442-37-2126,CNT-CDP-8725-713
INVC-57205,12/21/2021,3,5/3/2022,12/22/2021,Paid,Monthly,BILL170235515,821-30-6004,CNT-CDP-0202-625
INVC-86698,11/9/2021,2,10/30/2022,12/19/2021,Paid,Semi-Annually,BILL730245545,352-74-1010,CNT-CDP-7893-229
INVC-24321,6/25/2021,1,7/29/2022,7/6/2021,Paid,Weekly,BILL750431853,215-28-8348,CNT-CDP-5921-425
INVC-10488,7/1/2021,2,12/15/2022,,Unpaid,Semi-Annually,BILL453571338,709-74-7875,CNT-CDP-9092-897
INVC-67242,9/27/2020,4,1/26/2022,9/2/2021,Paid,Daily,BILL114245550,842-64-0009,CNT-CDP-8953-499
INVC-68088,12/3/2020,1,8/30/2022,11/24/2021,Paid,Annually,BILL614324006,379-37-7126,CNT-CDP-0873-808
INVC-38869,10/15/2021,2,1/25/2022,,Unpaid,Semi-Annually,BILL146761429,584-74-5070,CNT-CDP-8768-613
INVC-22567,1/3/2020,5,11/14/2022,7/11/2021,Paid,Bi-Weekly,BILL985694466,858-34-4318,CNT-CDP-8381-392
INVC-06905,9/20/2021,1,9/15/2022,9/21/2021,Paid,Annually,BILL614080692,350-22-2608,CNT-CDP-0337-613
INVC-39621,11/4/2020,1,5/30/2022,12/16/2020,Paid,Bi-Weekly,BILL439076054,102-02-5320,CNT-CDP-4822-371
INVC-77535,9/18/2019,5,6/14/2022,8/27/2021,Paid,Annually,BILL936859345,884-11-7946,CNT-CDP-6447-362
INVC-73546,10/21/2019,5,4/9/2022,,Unpaid,Monthly,BILL285372722,299-78-7188,CNT-CDP-6686-333
INVC-77823,8/13/2019,4,3/17/2022,2/3/2020,Paid,Monthly,BILL333903655,688-26-2926,CNT-CDP-3930-792
INVC-26839,3/30/2021,2,12/3/2022,,Unpaid,Daily,BILL652509497,490-64-8020,CNT-CDP-9737-633
INVC-25154,9/20/2020,5,6/27/2022,11/9/2020,Paid,Daily,BILL640358376,274-87-7353,CNT-CDP-1970-191
INVC-64014,4/23/2020,4,2/18/2022,4/4/2021,Paid,Monthly,BILL495022832,244-24-5619,CNT-CDP-5298-940
INVC-17316,4/9/2020,3,3/24/2022,4/30/2021,Paid,Daily,BILL715972095,337-86-3756,CNT-CDP-3352-437
INVC-45785,7/16/2019,1,3/20/2022,,Unpaid,Weekly,BILL882744800,620-80-1535,CNT-CDP-3716-837
INVC-77601,7/6/2021,5,11/24/2022,9/26/2021,Paid,Weekly,BILL595628326,514-41-1595,CNT-CDP-0761-330
INVC-48992,3/18/2020,1,1/9/2022,11/18/2021,Paid,Semi-Annually,BILL140175969,646-24-6946,CNT-CDP-2059-808
INVC-51368,3/21/2021,4,4/26/2022,7/14/2021,Paid,Monthly,BILL945304630,554-43-0861,CNT-CDP-2582-364
INVC-77505,2/3/2019,2,1/21/2022,,Unpaid,Bi-Weekly,BILL792903653,811-79-7478,CNT-CDP-6059-553
INVC-90108,4/13/2020,4,6/27/2022,10/14/2021,Paid,Quarterly,BILL760322088,268-99-3106,CNT-CDP-8940-800
INVC-22521,11/30/2021,2,2/25/2022,12/13/2021,Paid,Monthly,BILL470555659,713-52-5086,CNT-CDP-5265-729
INVC-00656,10/19/2019,1,7/2/2022,6/2/2021,Paid,Semi-Annually,BILL167488679,202-82-6630,CNT-CDP-8374-398
INVC-01835,7/18/2020,1,4/28/2022,,Unpaid,Daily,BILL334574527,126-23-8300,CNT-CDP-0441-012
INVC-79486,6/1/2019,5,9/12/2022,,Unpaid,Monthly,BILL757348858,623-10-8429,CNT-CDP-1731-897
INVC-07389,12/1/2020,3,3/18/2022,,Unpaid,Quarterly,BILL184185216,528-47-4959,CNT-CDP-9630-827
INVC-53840,8/2/2020,3,3/13/2022,,Unpaid,Annually,BILL758320480,877-42-0692,CNT-CDP-7628-757
INVC-24206,9/15/2019,3,10/31/2022,9/8/2020,Paid,Semi-Annually,BILL627838062,503-37-0019,CNT-CDP-5239-433
INVC-00347,2/2/2020,5,4/18/2022,,Unpaid,Quarterly,BILL127710497,386-35-2129,CNT-CDP-2038-439
INVC-95912,9/2/2021,2,12/29/2022,11/15/2021,Paid,Daily,BILL005570003,453-66-2725,CNT-CDP-0034-578
INVC-14381,9/21/2019,1,10/19/2022,5/23/2020,Paid,Bi-Weekly,BILL808003920,387-84-4346,CNT-CDP-5199-683
INVC-69223,7/28/2019,3,7/21/2022,,Unpaid,Monthly,BILL171769991,674-10-7843,CNT-CDP-7234-278
INVC-41898,10/28/2019,5,8/8/2022,9/28/2021,Paid,Monthly,BILL410939925,811-22-6516,CNT-CDP-4470-928
INVC-55285,10/15/2019,5,7/7/2022,,Unpaid,Quarterly,BILL105255074,463-31-3614,CNT-CDP-0111-389
INVC-19583,9/10/2021,1,10/27/2022,9/29/2021,Paid,Quarterly,BILL555880316,822-34-8592,CNT-CDP-4365-728
INVC-55925,4/19/2019,4,4/28/2022,8/9/2019,Paid,Weekly,BILL548728201,232-36-4675,CNT-CDP-5917-016
INVC-69435,9/25/2020,4,1/11/2022,7/5/2021,Paid,Semi-Annually,BILL189361135,826-78-8664,CNT-CDP-4569-288
INVC-58251,5/12/2020,1,3/1/2022,,Unpaid,Quarterly,BILL900853151,432-40-6023,CNT-CDP-4352-165
INVC-65118,3/7/2021,2,10/28/2022,,Unpaid,Weekly,BILL870979768,346-90-3521,CNT-CDP-1405-757
INVC-29179,10/2/2019,4,3/24/2022,8/3/2021,Paid,Semi-Annually,BILL920007439,367-96-5225,CNT-CDP-0393-340
INVC-23326,11/13/2019,1,8/4/2022,6/2/2020,Paid,Daily,BILL803990864,170-13-4425,CNT-CDP-6476-370
INVC-80965,2/2/2020,2,8/21/2022,1/28/2021,Paid,Bi-Weekly,BILL572764912,192-60-6314,CNT-CDP-5773-578
INVC-96783,2/19/2021,1,11/17/2022,5/20/2021,Paid,Weekly,BILL649037015,275-13-7101,CNT-CDP-9364-037
INVC-17497,2/7/2021,4,4/7/2022,,Unpaid,Daily,BILL654935142,640-73-8121,CNT-CDP-0226-497
INVC-82940,8/20/2020,2,5/13/2022,,Unpaid,Annually,BILL989373463,340-42-1813,CNT-CDP-8019-639
INVC-20972,11/8/2019,3,8/18/2022,,Unpaid,Semi-Annually,BILL868104137,404-63-3176,CNT-CDP-2327-965
INVC-22949,9/23/2021,1,12/24/2022,9/24/2021,Paid,Weekly,BILL217126005,460-44-6568,CNT-CDP-6192-370
INVC-23117,5/22/2021,1,1/29/2022,7/3/2021,Paid,Quarterly,BILL654499423,498-47-0662,CNT-CDP-7041-635
INVC-00275,11/18/2019,5,3/20/2022,,Unpaid,Weekly,BILL897526446,691-17-3387,CNT-CDP-8495-917
INVC-11453,4/18/2019,2,9/17/2022,,Unpaid,Bi-Weekly,BILL829140306,158-68-4850,CNT-CDP-7935-703
INVC-67320,11/16/2021,4,9/19/2022,11/23/2021,Paid,Quarterly,BILL007830115,721-97-8071,CNT-CDP-7045-592
INVC-31572,11/28/2021,4,12/18/2022,,Unpaid,Annually,BILL825907314,569-98-8973,CNT-CDP-7807-154
INVC-86234,12/8/2021,5,10/11/2022,12/26/2021,Paid,Semi-Annually,BILL977588170,886-25-5637,CNT-CDP-8958-285
INVC-53879,7/28/2019,1,4/4/2022,,Unpaid,Annually,BILL193976426,443-29-7883,CNT-CDP-7012-459
INVC-24648,1/9/2021,3,11/22/2022,,Unpaid,Weekly,BILL817385884,784-73-3876,CNT-CDP-9033-520
INVC-10496,1/16/2019,4,2/23/2022,,Unpaid,Monthly,BILL371068337,577-94-4504,CNT-CDP-8625-924
INVC-21681,8/10/2020,2,8/17/2022,,Unpaid,Monthly,BILL680996097,652-70-9706,CNT-CDP-3225-709
INVC-77016,10/2/2019,4,5/19/2022,,Unpaid,Bi-Weekly,BILL502771145,572-52-6215,CNT-CDP-3943-107
INVC-97302,4/1/2019,5,11/14/2022,,Unpaid,Bi-Weekly,BILL277765437,326-86-5376,CNT-CDP-4605-615
INVC-72294,8/22/2020,3,5/14/2022,9/15/2021,Paid,Monthly,BILL757017978,296-57-4020,CNT-CDP-0848-075
INVC-18745,10/31/2019,2,12/9/2022,,Unpaid,Bi-Weekly,BILL809347298,274-69-0069,CNT-CDP-4602-854
INVC-21479,8/19/2020,2,11/10/2022,8/1/2021,Paid,Monthly,BILL783362991,505-40-2843,CNT-CDP-5796-269
INVC-13729,5/15/2019,1,9/15/2022,7/15/2019,Paid,Monthly,BILL806693977,565-37-9253,CNT-CDP-4736-380
INVC-86255,6/11/2021,1,12/28/2022,,Unpaid,Weekly,BILL171001650,382-06-6800,CNT-CDP-4580-607
INVC-71831,3/5/2020,4,9/10/2022,7/10/2020,Paid,Quarterly,BILL227629279,425-06-1757,CNT-CDP-9699-153
INVC-55757,10/28/2019,3,11/14/2022,7/15/2020,Paid,Quarterly,BILL623783271,793-09-2729,CNT-CDP-5745-522
INVC-79814,9/11/2020,4,9/29/2022,12/6/2021,Paid,Semi-Annually,BILL771113402,590-63-4215,CNT-CDP-4366-796
INVC-51137,6/13/2021,1,4/8/2022,,Unpaid,Daily,BILL346210706,194-03-6170,CNT-CDP-6639-838
INVC-36980,10/14/2020,4,4/16/2022,5/18/2021,Paid,Quarterly,BILL777279593,408-40-5165,CNT-CDP-9629-903
INVC-40002,9/23/2020,2,7/29/2022,4/28/2021,Paid,Monthly,BILL233373874,882-39-8683,CNT-CDP-9418-503
INVC-29450,11/28/2021,2,10/12/2022,12/23/2021,Paid,Daily,BILL259978792,294-53-3385,CNT-CDP-9640-675
INVC-22147,1/19/2020,1,3/30/2022,5/24/2020,Paid,Weekly,BILL129224539,348-43-7882,CNT-CDP-3624-661
INVC-06553,5/17/2020,2,5/6/2022,,Unpaid,Quarterly,BILL320053573,124-66-0002,CNT-CDP-3239-793
INVC-01627,1/8/2019,2,7/25/2022,8/31/2021,Paid,Annually,BILL229675012,646-35-7884,CNT-CDP-7791-892
INVC-14762,11/4/2020,2,3/24/2022,2/10/2021,Paid,Monthly,BILL747035733,603-46-2641,CNT-CDP-5253-062
INVC-01488,12/20/2021,5,8/1/2022,12/22/2021,Paid,Annually,BILL207425093,423-25-7157,CNT-CDP-8871-124
INVC-33751,8/16/2019,1,8/15/2022,12/20/2019,Paid,Bi-Weekly,BILL459635638,412-38-7660,CNT-CDP-3042-244
INVC-29580,6/26/2019,3,2/17/2022,8/7/2020,Paid,Annually,BILL317852552,615-23-7295,CNT-CDP-4655-347
INVC-27969,3/31/2020,4,1/28/2022,8/2/2020,Paid,Quarterly,BILL335666395,711-45-0011,CNT-CDP-1664-104
INVC-50233,7/18/2020,3,6/4/2022,11/17/2021,Paid,Daily,BILL134965468,261-37-4176,CNT-CDP-9446-125
INVC-10145,5/17/2019,2,7/3/2022,3/3/2020,Paid,Weekly,BILL747847533,786-23-4888,CNT-CDP-2249-118
INVC-34125,1/23/2019,3,9/4/2022,3/9/2019,Paid,Daily,BILL874860299,145-72-3021,CNT-CDP-3067-246
INVC-07991,7/26/2019,5,3/26/2022,1/24/2021,Paid,Weekly,BILL420939892,485-17-0690,CNT-CDP-2401-328
INVC-65699,11/19/2020,1,8/30/2022,2/12/2021,Paid,Daily,BILL957259070,479-40-1044,CNT-CDP-0739-372
INVC-34322,3/22/2019,1,6/10/2022,10/10/2021,Paid,Bi-Weekly,BILL469536819,533-49-0335,CNT-CDP-1490-734
INVC-74441,4/2/2021,4,6/1/2022,9/19/2021,Paid,Quarterly,BILL614144940,185-83-8289,CNT-CDP-2443-984
INVC-63166,6/18/2019,4,12/11/2022,10/31/2020,Paid,Weekly,BILL836597861,244-50-0147,CNT-CDP-4609-512
INVC-37601,9/5/2019,3,1/16/2022,3/20/2020,Paid,Bi-Weekly,BILL325763046,833-18-8082,CNT-CDP-0159-664
INVC-68536,10/29/2019,2,12/9/2022,7/29/2020,Paid,Annually,BILL704914692,674-14-2833,CNT-CDP-0080-363
INVC-39556,2/20/2021,4,2/4/2022,2/27/2021,Paid,Semi-Annually,BILL342261551,626-05-4417,CNT-CDP-5175-748
INVC-32164,2/7/2019,4,8/21/2022,4/27/2020,Paid,Annually,BILL442730525,823-02-3274,CNT-CDP-1926-522
INVC-37941,10/24/2019,1,8/15/2022,1/28/2021,Paid,Weekly,BILL660822978,153-27-3028,CNT-CDP-5380-165
INVC-88673,10/7/2021,1,6/12/2022,,Unpaid,Quarterly,BILL236793966,101-17-5778,CNT-CDP-2849-882
INVC-98813,8/14/2020,3,9/14/2022,10/23/2020,Paid,Semi-Annually,BILL758179884,380-53-0116,CNT-CDP-3791-760
INVC-40652,1/25/2021,2,10/20/2022,,Unpaid,Weekly,BILL382618559,749-97-9210,CNT-CDP-5027-740
INVC-51804,9/1/2019,1,1/4/2022,,Unpaid,Bi-Weekly,BILL854968651,207-49-3918,CNT-CDP-3548-047
INVC-94735,5/25/2021,1,5/9/2022,,Unpaid,Monthly,BILL155547625,516-69-6549,CNT-CDP-4111-207
INVC-76369,3/18/2019,2,7/24/2022,,Unpaid,Quarterly,BILL977039641,290-21-1802,CNT-CDP-8515-305
INVC-15045,11/3/2021,1,10/3/2022,11/4/2021,Paid,Monthly,BILL123241219,594-52-5038,CNT-CDP-0262-878
INVC-79187,9/14/2021,5,1/26/2022,10/28/2021,Paid,Annually,BILL703961057,365-46-5038,CNT-CDP-0575-725
INVC-25228,3/5/2020,5,4/7/2022,,Unpaid,Semi-Annually,BILL722762235,650-99-3263,CNT-CDP-4435-896
INVC-21398,4/2/2021,2,8/6/2022,10/3/2021,Paid,Annually,BILL668880456,763-27-4967,CNT-CDP-5169-262
INVC-55027,5/26/2020,3,4/21/2022,9/7/2020,Paid,Annually,BILL745376546,473-85-3165,CNT-CDP-1211-129
INVC-13485,1/6/2019,3,5/20/2022,9/6/2020,Paid,Annually,BILL272688226,861-73-6141,CNT-CDP-7326-892
INVC-15903,3/19/2019,5,6/28/2022,,Unpaid,Semi-Annually,BILL821928727,568-98-5600,CNT-CDP-6949-058
INVC-77314,5/30/2020,2,11/23/2022,,Unpaid,Monthly,BILL172298765,206-77-8356,CNT-CDP-8651-605
INVC-81515,7/2/2021,4,9/25/2022,,Unpaid,Annually,BILL600697929,740-05-7610,CNT-CDP-5422-296
INVC-85036,12/17/2019,2,4/9/2022,11/16/2020,Paid,Quarterly,BILL526738976,399-02-7593,CNT-CDP-0094-053
INVC-76484,2/11/2019,5,5/10/2022,9/26/2021,Paid,Daily,BILL781005035,205-47-8030,CNT-CDP-1679-951
INVC-91790,3/5/2019,4,10/8/2022,5/12/2021,Paid,Semi-Annually,BILL093933901,130-35-0848,CNT-CDP-3801-216
INVC-24734,5/29/2021,3,11/15/2022,10/19/2021,Paid,Annually,BILL438012136,564-07-3591,CNT-CDP-1794-354
INVC-07526,3/13/2021,5,8/7/2022,4/4/2021,Paid,Weekly,BILL580288291,556-84-2140,CNT-CDP-7535-994
INVC-08449,11/4/2021,1,5/24/2022,11/14/2021,Paid,Quarterly,BILL523380513,747-56-5781,CNT-CDP-4776-326
INVC-29328,7/22/2021,1,1/21/2022,8/15/2021,Paid,Annually,BILL365836756,182-23-7911,CNT-CDP-2771-099
INVC-83073,2/21/2019,4,8/11/2022,,Unpaid,Semi-Annually,BILL381429834,236-81-7093,CNT-CDP-1345-667
INVC-76084,12/17/2021,2,6/12/2022,12/27/2021,Paid,Monthly,BILL368971220,691-28-6559,CNT-CDP-3006-027
INVC-98892,5/27/2019,2,10/11/2022,,Unpaid,Semi-Annually,BILL294962274,634-27-8874,CNT-CDP-8780-105
INVC-16396,2/8/2020,2,4/20/2022,,Unpaid,Monthly,BILL526331194,127-51-7648,CNT-CDP-9280-625
INVC-21669,8/16/2020,4,2/22/2022,,Unpaid,Bi-Weekly,BILL933128740,764-90-5133,CNT-CDP-8392-022
INVC-98496,1/21/2020,2,7/21/2022,5/9/2020,Paid,Daily,BILL606744491,395-89-0632,CNT-CDP-2679-508
INVC-34737,12/21/2021,4,9/7/2022,12/23/2021,Paid,Annually,BILL741975214,682-15-3715,CNT-CDP-7874-672
INVC-15891,11/3/2019,1,11/4/2022,11/17/2019,Paid,Weekly,BILL854036881,252-84-5848,CNT-CDP-0202-399
INVC-63996,1/13/2021,4,9/29/2022,8/3/2021,Paid,Semi-Annually,BILL500729625,722-38-0563,CNT-CDP-9831-777
INVC-96370,10/3/2021,4,7/28/2022,11/18/2021,Paid,Quarterly,BILL874785421,601-93-8041,CNT-CDP-5205-557
INVC-45678,1/23/2020,1,4/17/2022,10/21/2020,Paid,Monthly,BILL709630143,115-02-5084,CNT-CDP-6938-214
INVC-79512,9/21/2020,4,6/25/2022,,Unpaid,Weekly,BILL138843022,630-51-1682,CNT-CDP-0640-615
INVC-45045,5/9/2019,3,10/26/2022,12/19/2021,Paid,Semi-Annually,BILL567408516,598-76-7465,CNT-CDP-2299-141
INVC-95673,3/30/2021,2,11/8/2022,,Unpaid,Weekly,BILL085792422,528-06-2090,CNT-CDP-1357-115
INVC-94253,8/20/2019,2,8/12/2022,5/13/2021,Paid,Monthly,BILL842914365,126-86-4015,CNT-CDP-6574-463
INVC-51909,1/4/2019,1,3/29/2022,6/26/2020,Paid,Monthly,BILL155569068,482-40-1690,CNT-CDP-9352-861
INVC-14701,2/15/2019,1,7/24/2022,,Unpaid,Bi-Weekly,BILL632143921,821-41-5487,CNT-CDP-4529-606
INVC-73083,1/5/2021,4,10/6/2022,5/20/2021,Paid,Monthly,BILL339446060,303-60-6369,CNT-CDP-2962-572
INVC-41671,11/20/2020,2,5/5/2022,4/5/2021,Paid,Bi-Weekly,BILL433924101,378-87-1056,CNT-CDP-4223-178
INVC-95085,6/7/2020,2,3/10/2022,9/5/2020,Paid,Annually,BILL344610200,435-10-4849,CNT-CDP-9917-012
INVC-51957,1/14/2019,3,2/17/2022,4/15/2020,Paid,Semi-Annually,BILL245897268,799-92-0196,CNT-CDP-6974-932
INVC-97394,11/25/2019,5,9/2/2022,,Unpaid,Monthly,BILL272404360,364-56-0809,CNT-CDP-4868-339
INVC-14376,6/9/2020,4,11/18/2022,5/16/2021,Paid,Quarterly,BILL471014523,720-50-1776,CNT-CDP-1334-847
INVC-99704,6/10/2021,3,2/5/2022,8/14/2021,Paid,Semi-Annually,BILL053927859,292-80-3409,CNT-CDP-6587-959
INVC-26908,7/15/2020,2,4/8/2022,,Unpaid,Weekly,BILL150539959,577-16-7220,CNT-CDP-9212-796
INVC-29897,6/4/2020,4,6/9/2022,12/15/2021,Paid,Annually,BILL822226856,609-75-7537,CNT-CDP-5391-438
INVC-23936,6/18/2020,3,2/26/2022,4/2/2021,Paid,Weekly,BILL214699643,704-69-6753,CNT-CDP-0551-871
INVC-52067,9/10/2019,1,1/12/2022,,Unpaid,Semi-Annually,BILL005939265,438-12-4628,CNT-CDP-1172-175
INVC-19894,7/31/2020,2,4/18/2022,8/5/2021,Paid,Semi-Annually,BILL541720070,313-32-6518,CNT-CDP-8294-341
INVC-21454,11/10/2020,1,8/31/2022,11/7/2021,Paid,Annually,BILL283930653,607-63-5940,CNT-CDP-0608-681
INVC-51158,10/29/2019,5,1/29/2022,,Unpaid,Monthly,BILL825325780,707-61-9562,CNT-CDP-7627-194
INVC-99016,4/30/2021,3,11/15/2022,,Unpaid,Monthly,BILL089079436,762-70-4472,CNT-CDP-6869-221
INVC-45112,10/16/2019,2,7/25/2022,,Unpaid,Bi-Weekly,BILL174562291,782-25-2140,CNT-CDP-6241-655
INVC-13727,7/9/2020,1,11/14/2022,,Unpaid,Daily,BILL673981967,771-46-3757,CNT-CDP-1557-690
INVC-95144,10/21/2020,3,10/6/2022,,Unpaid,Semi-Annually,BILL008538466,420-93-0043,CNT-CDP-8822-651
INVC-77783,12/10/2019,3,4/6/2022,6/11/2021,Paid,Daily,BILL196178646,731-43-8654,CNT-CDP-1755-795
INVC-58087,4/19/2021,4,9/22/2022,9/29/2021,Paid,Daily,BILL627042687,399-40-1520,CNT-CDP-2104-665
INVC-16498,11/12/2019,5,6/25/2022,9/23/2021,Paid,Quarterly,BILL017593596,213-16-0758,CNT-CDP-5426-463
INVC-27984,4/11/2019,5,8/29/2022,9/26/2019,Paid,Daily,BILL881864218,130-44-9143,CNT-CDP-3241-357
INVC-05819,5/11/2020,4,11/29/2022,9/1/2021,Paid,Monthly,BILL077379449,762-49-1943,CNT-CDP-5737-022
INVC-45492,8/27/2020,3,4/2/2022,8/29/2020,Paid,Bi-Weekly,BILL915225450,272-39-9059,CNT-CDP-9333-709
INVC-61216,6/6/2021,1,12/21/2022,8/25/2021,Paid,Semi-Annually,BILL999579938,618-65-3141,CNT-CDP-7588-295
INVC-61526,11/4/2019,5,9/16/2022,10/23/2020,Paid,Annually,BILL577267915,705-52-1530,CNT-CDP-3274-672
INVC-14070,5/31/2020,4,10/31/2022,,Unpaid,Monthly,BILL744214275,751-51-9833,CNT-CDP-4427-989
INVC-27900,2/13/2020,3,7/10/2022,,Unpaid,Quarterly,BILL943792507,775-99-5015,CNT-CDP-2988-949
